2025-12-10 10:35:34,040 [INFO] - STTSvc: model:tiny.en, useGPU:False, keyFile:/home/ken/YAVA/Keys/open-ai-key.txt
2025-12-10 10:35:34,044 [INFO] - Websocket connected
2025-12-10 10:35:34,049 [INFO] - MediaSvc: bargeIn: False, localEnabled: True, remotePort: None
2025-12-10 10:35:34,049 [DEBUG] - MediaSvc: Remote audio output is disabled
2025-12-10 10:35:34,049 [INFO] - MediaSvc: attempt to connect to main message bus
2025-12-10 10:35:34,050 [DEBUG] - ** media_svc - Not Connected **
2025-12-10 10:35:34,052 [INFO] - Websocket connected
2025-12-10 10:35:35,043 [INFO] - TTSSvc: tts_svc Connected!
2025-12-10 10:35:35,051 [INFO] - MediaSvc: connected to main message bus. ID is media_svc.
2025-12-10 10:35:35,053 [INFO] - HAL: Activated. Volume command is amixer -D pulse sset Master %s, Mic command is pactl set-source-volume $(pactl info | grep "Default Source" | cut -d " " -f3) %s
2025-12-10 10:35:35,516 [INFO] - Websocket connected
2025-12-10 10:36:01,644 [INFO] - TTSSvc: Received {'msg_type': 'tts', 'source': 'intent_svc', 'target': 'tts_svc', 'data': {'text': 'Testing 1, 2, 3.', 'filename': 'junk.wav'}, 'ts': '2025-12-10 10:36:01'}
2025-12-10 10:36:02,501 [INFO] - TTSSvc: Sending {'error': '', 'subtype': 'wav_out', 'skill_id': 'media_svc', 'from_skill_id': 'tts_svc', 'text': 'Testing 1, 2, 3.', 'filename': 'junk.wav'}
2025-12-10 10:36:02,502 [INFO] - HAL: mute mic
2025-12-10 10:36:02,511 [INFO] - HAL: play wav aplay Config/tts_out/junk.wav
2025-12-10 10:36:04,456 [INFO] - HAL: unmute mic
2025-12-10 10:36:10,620 [INFO] - TTSSvc: Received {'msg_type': 'tts', 'source': 'intent_svc', 'target': 'tts_svc', 'data': {'text': 'Testing 456.', 'filename': 'junk.wav'}, 'ts': '2025-12-10 10:36:10'}
2025-12-10 10:36:11,892 [INFO] - TTSSvc: Sending {'error': '', 'subtype': 'wav_out', 'skill_id': 'media_svc', 'from_skill_id': 'tts_svc', 'text': 'Testing 456.', 'filename': 'junk.wav'}
2025-12-10 10:36:11,895 [INFO] - HAL: mute mic
2025-12-10 10:36:11,904 [INFO] - HAL: play wav aplay Config/tts_out/junk.wav
2025-12-10 10:36:12,304 [INFO] - TTSSvc: Received {'msg_type': 'tts', 'source': 'intent_svc', 'target': 'tts_svc', 'data': {'text': 'OVER The cover the cover . The cover', 'filename': 'junk.wav'}, 'ts': '2025-12-10 10:36:12'}
2025-12-10 10:36:13,139 [INFO] - TTSSvc: Sending {'error': '', 'subtype': 'wav_out', 'skill_id': 'media_svc', 'from_skill_id': 'tts_svc', 'text': 'OVER The cover the cover . The cover', 'filename': 'junk.wav'}
2025-12-10 10:36:13,726 [INFO] - HAL: unmute mic
2025-12-10 10:36:13,734 [INFO] - HAL: mute mic
2025-12-10 10:36:13,742 [INFO] - HAL: play wav aplay Config/tts_out/junk.wav
2025-12-10 10:36:15,749 [INFO] - HAL: unmute mic
2025-12-10 10:36:18,435 [INFO] - TTSSvc: Received {'msg_type': 'tts', 'source': 'intent_svc', 'target': 'tts_svc', 'data': {'text': 'the', 'filename': 'junk.wav'}, 'ts': '2025-12-10 10:36:18'}
2025-12-10 10:36:19,322 [INFO] - TTSSvc: Sending {'error': '', 'subtype': 'wav_out', 'skill_id': 'media_svc', 'from_skill_id': 'tts_svc', 'text': 'the', 'filename': 'junk.wav'}
2025-12-10 10:36:19,322 [INFO] - TTSSvc: Received {'msg_type': 'tts', 'source': 'intent_svc', 'target': 'tts_svc', 'data': {'text': 'that holds the cover.', 'filename': 'junk.wav'}, 'ts': '2025-12-10 10:36:18'}
2025-12-10 10:36:19,324 [INFO] - HAL: mute mic
2025-12-10 10:36:19,332 [INFO] - HAL: play wav aplay Config/tts_out/junk.wav
2025-12-10 10:36:19,715 [INFO] - HAL: unmute mic
2025-12-10 10:36:20,152 [INFO] - TTSSvc: Sending {'error': '', 'subtype': 'wav_out', 'skill_id': 'media_svc', 'from_skill_id': 'tts_svc', 'text': 'that holds the cover.', 'filename': 'junk.wav'}
2025-12-10 10:36:20,154 [INFO] - HAL: mute mic
2025-12-10 10:36:20,163 [INFO] - HAL: play wav aplay Config/tts_out/junk.wav
2025-12-10 10:36:21,545 [INFO] - HAL: unmute mic
2025-12-10 10:36:24,977 [INFO] - TTSSvc: Received {'msg_type': 'tts', 'source': 'intent_svc', 'target': 'tts_svc', 'data': {'text': 'What holds the cover?', 'filename': 'junk.wav'}, 'ts': '2025-12-10 10:36:24'}
2025-12-10 10:36:25,808 [INFO] - TTSSvc: Sending {'error': '', 'subtype': 'wav_out', 'skill_id': 'media_svc', 'from_skill_id': 'tts_svc', 'text': 'What holds the cover?', 'filename': 'junk.wav'}
2025-12-10 10:36:25,809 [INFO] - HAL: mute mic
2025-12-10 10:36:25,818 [INFO] - HAL: play wav aplay Config/tts_out/junk.wav
2025-12-10 10:36:27,201 [INFO] - HAL: unmute mic
2025-12-10 10:37:35,884 [INFO] - STTSvc: model:tiny.en, useGPU:False, keyFile:/home/ken/YAVA/Keys/open-ai-key.txt
2025-12-10 10:37:35,888 [INFO] - Websocket connected
2025-12-10 10:37:35,893 [INFO] - MediaSvc: bargeIn: False, localEnabled: True, remotePort: None
2025-12-10 10:37:35,894 [DEBUG] - MediaSvc: Remote audio output is disabled
2025-12-10 10:37:35,894 [INFO] - MediaSvc: attempt to connect to main message bus
2025-12-10 10:37:35,894 [DEBUG] - ** media_svc - Not Connected **
2025-12-10 10:37:35,897 [INFO] - Websocket connected
2025-12-10 10:37:36,887 [INFO] - TTSSvc: tts_svc Connected!
2025-12-10 10:37:36,896 [INFO] - MediaSvc: connected to main message bus. ID is media_svc.
2025-12-10 10:37:36,898 [INFO] - HAL: Activated. Volume command is amixer -D pulse sset Master %s, Mic command is pactl set-source-volume $(pactl info | grep "Default Source" | cut -d " " -f3) %s
2025-12-10 10:37:37,374 [INFO] - Websocket connected
2025-12-10 10:37:56,274 [INFO] - TTSSvc: Received {'msg_type': 'tts', 'source': 'intent_svc', 'target': 'tts_svc', 'data': {'text': 'testing one tooth.', 'filename': 'junk.wav'}, 'ts': '2025-12-10 10:37:56'}
2025-12-10 10:37:57,334 [INFO] - TTSSvc: Sending {'error': '', 'subtype': 'wav_out', 'skill_id': 'media_svc', 'from_skill_id': 'tts_svc', 'text': 'testing one tooth.', 'filename': 'junk.wav'}
2025-12-10 10:37:57,335 [INFO] - HAL: mute mic
2025-12-10 10:37:57,345 [INFO] - HAL: play wav aplay Config/tts_out/junk.wav  >/dev/null 2>&1
2025-12-10 10:37:57,884 [INFO] - TTSSvc: Received {'msg_type': 'tts', 'source': 'intent_svc', 'target': 'tts_svc', 'data': {'text': 'favorite.', 'filename': 'junk.wav'}, 'ts': '2025-12-10 10:37:57'}
2025-12-10 10:37:58,684 [INFO] - TTSSvc: Sending {'error': '', 'subtype': 'wav_out', 'skill_id': 'media_svc', 'from_skill_id': 'tts_svc', 'text': 'favorite.', 'filename': 'junk.wav'}
2025-12-10 10:37:58,790 [INFO] - HAL: unmute mic
2025-12-10 10:37:58,798 [INFO] - HAL: mute mic
2025-12-10 10:37:58,806 [INFO] - HAL: play wav aplay Config/tts_out/junk.wav  >/dev/null 2>&1
2025-12-10 10:37:59,563 [INFO] - HAL: unmute mic
2025-12-10 10:38:02,812 [INFO] - TTSSvc: Received {'msg_type': 'tts', 'source': 'intent_svc', 'target': 'tts_svc', 'data': {'text': 'testing one tooth.', 'filename': 'junk.wav'}, 'ts': '2025-12-10 10:38:02'}
2025-12-10 10:38:03,731 [INFO] - TTSSvc: Sending {'error': '', 'subtype': 'wav_out', 'skill_id': 'media_svc', 'from_skill_id': 'tts_svc', 'text': 'testing one tooth.', 'filename': 'junk.wav'}
2025-12-10 10:38:03,731 [INFO] - TTSSvc: Received {'msg_type': 'tts', 'source': 'intent_svc', 'target': 'tts_svc', 'data': {'text': 'ready.', 'filename': 'junk.wav'}, 'ts': '2025-12-10 10:38:03'}
2025-12-10 10:38:03,732 [INFO] - HAL: mute mic
2025-12-10 10:38:03,740 [INFO] - HAL: play wav aplay Config/tts_out/junk.wav  >/dev/null 2>&1
2025-12-10 10:38:04,523 [INFO] - TTSSvc: Sending {'error': '', 'subtype': 'wav_out', 'skill_id': 'media_svc', 'from_skill_id': 'tts_svc', 'text': 'ready.', 'filename': 'junk.wav'}
2025-12-10 10:38:04,999 [INFO] - HAL: unmute mic
2025-12-10 10:38:05,007 [INFO] - HAL: mute mic
2025-12-10 10:38:05,014 [INFO] - HAL: play wav aplay Config/tts_out/junk.wav  >/dev/null 2>&1
2025-12-10 10:38:05,647 [INFO] - HAL: unmute mic
2025-12-10 10:38:08,043 [INFO] - TTSSvc: Received {'msg_type': 'tts', 'source': 'intent_svc', 'target': 'tts_svc', 'data': {'text': 'testing one.', 'filename': 'junk.wav'}, 'ts': '2025-12-10 10:38:08'}
2025-12-10 10:38:09,217 [INFO] - TTSSvc: Sending {'error': '', 'subtype': 'wav_out', 'skill_id': 'media_svc', 'from_skill_id': 'tts_svc', 'text': 'testing one.', 'filename': 'junk.wav'}
2025-12-10 10:38:09,217 [INFO] - TTSSvc: Received {'msg_type': 'tts', 'source': 'intent_svc', 'target': 'tts_svc', 'data': {'text': 'two.', 'filename': 'junk.wav'}, 'ts': '2025-12-10 10:38:08'}
2025-12-10 10:38:09,218 [INFO] - HAL: mute mic
2025-12-10 10:38:09,227 [INFO] - HAL: play wav aplay Config/tts_out/junk.wav  >/dev/null 2>&1
2025-12-10 10:38:10,023 [INFO] - TTSSvc: Sending {'error': '', 'subtype': 'wav_out', 'skill_id': 'media_svc', 'from_skill_id': 'tts_svc', 'text': 'two.', 'filename': 'junk.wav'}
2025-12-10 10:38:10,024 [INFO] - TTSSvc: Received {'msg_type': 'tts', 'source': 'intent_svc', 'target': 'tts_svc', 'data': {'text': 'Three.', 'filename': 'junk.wav'}, 'ts': '2025-12-10 10:38:09'}
2025-12-10 10:38:10,111 [INFO] - HAL: unmute mic
2025-12-10 10:38:10,139 [INFO] - HAL: mute mic
2025-12-10 10:38:10,167 [INFO] - HAL: play wav aplay Config/tts_out/junk.wav  >/dev/null 2>&1
2025-12-10 10:38:10,675 [INFO] - HAL: unmute mic
2025-12-10 10:38:10,827 [INFO] - TTSSvc: Sending {'error': '', 'subtype': 'wav_out', 'skill_id': 'media_svc', 'from_skill_id': 'tts_svc', 'text': 'Three.', 'filename': 'junk.wav'}
2025-12-10 10:38:10,830 [INFO] - HAL: mute mic
2025-12-10 10:38:10,838 [INFO] - HAL: play wav aplay Config/tts_out/junk.wav  >/dev/null 2>&1
2025-12-10 10:38:11,346 [INFO] - HAL: unmute mic
2025-12-10 10:38:14,186 [INFO] - TTSSvc: Received {'msg_type': 'tts', 'source': 'intent_svc', 'target': 'tts_svc', 'data': {'text': 'One.', 'filename': 'junk.wav'}, 'ts': '2025-12-10 10:38:14'}
2025-12-10 10:38:14,990 [INFO] - TTSSvc: Sending {'error': '', 'subtype': 'wav_out', 'skill_id': 'media_svc', 'from_skill_id': 'tts_svc', 'text': 'One.', 'filename': 'junk.wav'}
2025-12-10 10:38:14,992 [INFO] - HAL: mute mic
2025-12-10 10:38:15,001 [INFO] - HAL: play wav aplay Config/tts_out/junk.wav  >/dev/null 2>&1
2025-12-10 10:38:15,634 [INFO] - HAL: unmute mic
2025-12-10 10:38:18,162 [INFO] - TTSSvc: Received {'msg_type': 'tts', 'source': 'intent_svc', 'target': 'tts_svc', 'data': {'text': 'Two.', 'filename': 'junk.wav'}, 'ts': '2025-12-10 10:38:18'}
2025-12-10 10:38:18,961 [INFO] - TTSSvc: Sending {'error': '', 'subtype': 'wav_out', 'skill_id': 'media_svc', 'from_skill_id': 'tts_svc', 'text': 'Two.', 'filename': 'junk.wav'}
2025-12-10 10:38:18,962 [INFO] - HAL: mute mic
2025-12-10 10:38:18,971 [INFO] - HAL: play wav aplay Config/tts_out/junk.wav  >/dev/null 2>&1
2025-12-10 10:38:19,604 [INFO] - HAL: unmute mic
2025-12-10 10:38:22,368 [INFO] - TTSSvc: Received {'msg_type': 'tts', 'source': 'intent_svc', 'target': 'tts_svc', 'data': {'text': 'Three', 'filename': 'junk.wav'}, 'ts': '2025-12-10 10:38:22'}
2025-12-10 10:38:23,156 [INFO] - TTSSvc: Sending {'error': '', 'subtype': 'wav_out', 'skill_id': 'media_svc', 'from_skill_id': 'tts_svc', 'text': 'Three', 'filename': 'junk.wav'}
2025-12-10 10:38:23,158 [INFO] - HAL: mute mic
2025-12-10 10:38:23,166 [INFO] - HAL: play wav aplay Config/tts_out/junk.wav  >/dev/null 2>&1
2025-12-10 10:38:23,674 [INFO] - HAL: unmute mic
2025-12-10 10:38:26,547 [INFO] - TTSSvc: Received {'msg_type': 'tts', 'source': 'intent_svc', 'target': 'tts_svc', 'data': {'text': 'Testing 1, 2, 3.', 'filename': 'junk.wav'}, 'ts': '2025-12-10 10:38:26'}
2025-12-10 10:38:27,392 [INFO] - TTSSvc: Sending {'error': '', 'subtype': 'wav_out', 'skill_id': 'media_svc', 'from_skill_id': 'tts_svc', 'text': 'Testing 1, 2, 3.', 'filename': 'junk.wav'}
2025-12-10 10:38:27,393 [INFO] - HAL: mute mic
2025-12-10 10:38:27,401 [INFO] - HAL: play wav aplay Config/tts_out/junk.wav  >/dev/null 2>&1
2025-12-10 10:38:29,160 [INFO] - HAL: unmute mic
2025-12-10 10:38:30,858 [INFO] - TTSSvc: Received {'msg_type': 'tts', 'source': 'intent_svc', 'target': 'tts_svc', 'data': {'text': 'Thank you.', 'filename': 'junk.wav'}, 'ts': '2025-12-10 10:38:30'}
2025-12-10 10:38:31,641 [INFO] - TTSSvc: Sending {'error': '', 'subtype': 'wav_out', 'skill_id': 'media_svc', 'from_skill_id': 'tts_svc', 'text': 'Thank you.', 'filename': 'junk.wav'}
2025-12-10 10:38:31,643 [INFO] - HAL: mute mic
2025-12-10 10:38:31,651 [INFO] - HAL: play wav aplay Config/tts_out/junk.wav  >/dev/null 2>&1
2025-12-10 10:38:32,409 [INFO] - HAL: unmute mic
2025-12-10 10:38:35,218 [INFO] - TTSSvc: Received {'msg_type': 'tts', 'source': 'intent_svc', 'target': 'tts_svc', 'data': {'text': "You're welcome.", 'filename': 'junk.wav'}, 'ts': '2025-12-10 10:38:35'}
2025-12-10 10:38:36,008 [INFO] - TTSSvc: Sending {'error': '', 'subtype': 'wav_out', 'skill_id': 'media_svc', 'from_skill_id': 'tts_svc', 'text': "You're welcome.", 'filename': 'junk.wav'}
2025-12-10 10:38:36,010 [INFO] - HAL: mute mic
2025-12-10 10:38:36,019 [INFO] - HAL: play wav aplay Config/tts_out/junk.wav  >/dev/null 2>&1
2025-12-10 10:38:36,776 [INFO] - HAL: unmute mic
2025-12-10 11:06:28,972 [INFO] - STTSvc: model:tiny.en, useGPU:False, keyFile:/home/ken/YAVA/Keys/open-ai-key.txt
2025-12-10 11:06:28,976 [INFO] - Websocket connected
2025-12-10 11:06:28,980 [INFO] - MediaSvc: bargeIn: False, localEnabled: True, remotePort: None
2025-12-10 11:06:28,980 [DEBUG] - MediaSvc: Remote audio output is disabled
2025-12-10 11:06:28,980 [INFO] - MediaSvc: attempt to connect to main message bus
2025-12-10 11:06:28,981 [DEBUG] - ** media_svc - Not Connected **
2025-12-10 11:06:28,983 [INFO] - Websocket connected
2025-12-10 11:06:29,974 [INFO] - TTSSvc: tts_svc Connected!
2025-12-10 11:06:29,981 [INFO] - MediaSvc: connected to main message bus. ID is media_svc.
2025-12-10 11:06:29,984 [INFO] - HAL: Activated. Volume command is amixer -D pulse sset Master %s, Mic command is pactl set-source-volume $(pactl info | grep "Default Source" | cut -d " " -f3) %s
2025-12-10 11:06:30,449 [INFO] - Websocket connected
2025-12-10 12:42:04,539 [INFO] - STTSvc: model:tiny.en, useGPU:False, keyFile:/home/ken/YAVA/Keys/open-ai-key.txt
2025-12-10 12:42:04,545 [INFO] - Websocket connected
2025-12-10 12:42:04,549 [INFO] - MediaSvc: bargeIn: False, localEnabled: True, remotePort: None
2025-12-10 12:42:04,549 [DEBUG] - MediaSvc: Remote audio output is disabled
2025-12-10 12:42:04,549 [INFO] - MediaSvc: attempt to connect to main message bus
2025-12-10 12:42:04,549 [DEBUG] - ** media_svc - Not Connected **
2025-12-10 12:42:04,552 [INFO] - Websocket connected
2025-12-10 12:42:05,543 [INFO] - TTSSvc: tts_svc Connected!
2025-12-10 12:42:05,551 [INFO] - MediaSvc: connected to main message bus. ID is media_svc.
2025-12-10 12:42:05,553 [INFO] - HAL: Activated. Volume command is amixer -D pulse sset Master %s, Mic command is pactl set-source-volume $(pactl info | grep "Default Source" | cut -d " " -f3) %s
2025-12-10 12:42:05,972 [INFO] - Websocket connected
2025-12-10 12:45:22,492 [INFO] - STTSvc: model:tiny.en, useGPU:False, keyFile:/home/ken/YAVA/Keys/open-ai-key.txt
2025-12-10 12:45:22,496 [INFO] - Websocket connected
2025-12-10 12:45:22,502 [INFO] - MediaSvc: bargeIn: False, localEnabled: True, remotePort: None
2025-12-10 12:45:22,502 [DEBUG] - MediaSvc: Remote audio output is disabled
2025-12-10 12:45:22,502 [INFO] - MediaSvc: attempt to connect to main message bus
2025-12-10 12:45:22,502 [DEBUG] - ** media_svc - Not Connected **
2025-12-10 12:45:22,505 [INFO] - Websocket connected
2025-12-10 12:45:23,494 [INFO] - TTSSvc: tts_svc Connected!
2025-12-10 12:45:23,503 [INFO] - MediaSvc: connected to main message bus. ID is media_svc.
2025-12-10 12:45:23,505 [INFO] - HAL: Activated. Volume command is amixer -D pulse sset Master %s, Mic command is pactl set-source-volume $(pactl info | grep "Default Source" | cut -d " " -f3) %s
2025-12-10 12:45:23,978 [INFO] - Websocket connected
2025-12-10 12:45:48,988 [INFO] - TTSSvc: Received {'msg_type': 'tts', 'source': 'intent_svc', 'target': 'tts_svc', 'data': {'text': 'Testing 1, 2, 3.', 'filename': 'junk.wav'}, 'ts': '2025-12-10 12:45:48'}
2025-12-10 12:45:49,831 [INFO] - TTSSvc: Sending {'error': '', 'subtype': 'wav_out', 'skill_id': 'media_svc', 'from_skill_id': 'tts_svc', 'text': 'Testing 1, 2, 3.', 'filename': 'junk.wav'}
2025-12-10 12:45:49,833 [INFO] - HAL: mute mic
2025-12-10 12:45:49,841 [INFO] - HAL: play wav aplay Config/tts_out/junk.wav  >/dev/null 2>&1
2025-12-10 12:45:51,724 [INFO] - HAL: unmute mic
2025-12-10 12:45:53,592 [INFO] - TTSSvc: Received {'msg_type': 'tts', 'source': 'intent_svc', 'target': 'tts_svc', 'data': {'text': 'Testing for.', 'filename': 'junk.wav'}, 'ts': '2025-12-10 12:45:53'}
2025-12-10 12:45:54,427 [INFO] - TTSSvc: Sending {'error': '', 'subtype': 'wav_out', 'skill_id': 'media_svc', 'from_skill_id': 'tts_svc', 'text': 'Testing for.', 'filename': 'junk.wav'}
2025-12-10 12:45:54,427 [INFO] - HAL: mute mic
2025-12-10 12:45:54,436 [INFO] - HAL: play wav aplay Config/tts_out/junk.wav  >/dev/null 2>&1
2025-12-10 12:45:55,319 [INFO] - HAL: unmute mic
2025-12-10 12:46:02,819 [INFO] - TTSSvc: Received {'msg_type': 'tts', 'source': 'intent_svc', 'target': 'tts_svc', 'data': {'text': '5-6. Hello.', 'filename': 'junk.wav'}, 'ts': '2025-12-10 12:46:02'}
2025-12-10 12:46:03,694 [INFO] - TTSSvc: Sending {'error': '', 'subtype': 'wav_out', 'skill_id': 'media_svc', 'from_skill_id': 'tts_svc', 'text': '5-6. Hello.', 'filename': 'junk.wav'}
2025-12-10 12:46:03,695 [INFO] - HAL: mute mic
2025-12-10 12:46:03,705 [INFO] - HAL: play wav aplay Config/tts_out/junk.wav  >/dev/null 2>&1
2025-12-10 12:46:05,588 [INFO] - HAL: unmute mic
2025-12-10 12:46:07,856 [INFO] - TTSSvc: Received {'msg_type': 'tts', 'source': 'intent_svc', 'target': 'tts_svc', 'data': {'text': 'Goodbye.', 'filename': 'junk.wav'}, 'ts': '2025-12-10 12:46:07'}
2025-12-10 12:46:08,676 [INFO] - TTSSvc: Sending {'error': '', 'subtype': 'wav_out', 'skill_id': 'media_svc', 'from_skill_id': 'tts_svc', 'text': 'Goodbye.', 'filename': 'junk.wav'}
2025-12-10 12:46:08,676 [INFO] - HAL: mute mic
2025-12-10 12:46:08,685 [INFO] - HAL: play wav aplay Config/tts_out/junk.wav  >/dev/null 2>&1
2025-12-10 12:46:09,567 [INFO] - HAL: unmute mic
2025-12-10 12:46:11,944 [INFO] - TTSSvc: Received {'msg_type': 'tts', 'source': 'intent_svc', 'target': 'tts_svc', 'data': {'text': 'This is working.', 'filename': 'junk.wav'}, 'ts': '2025-12-10 12:46:11'}
2025-12-10 12:46:12,819 [INFO] - TTSSvc: Sending {'error': '', 'subtype': 'wav_out', 'skill_id': 'media_svc', 'from_skill_id': 'tts_svc', 'text': 'This is working.', 'filename': 'junk.wav'}
2025-12-10 12:46:12,821 [INFO] - HAL: mute mic
2025-12-10 12:46:12,830 [INFO] - HAL: play wav aplay Config/tts_out/junk.wav  >/dev/null 2>&1
2025-12-10 12:46:13,839 [INFO] - HAL: unmute mic
2025-12-10 12:58:49,149 [INFO] - STTSvc: model:tiny.en, useGPU:False, keyFile:/home/ken/YAVA/Keys/open-ai-key.txt
2025-12-10 12:58:49,152 [INFO] - Websocket connected
2025-12-10 12:58:49,159 [INFO] - MediaSvc: bargeIn: False, localEnabled: True, remotePort: None
2025-12-10 12:58:49,159 [DEBUG] - MediaSvc: Remote audio output is disabled
2025-12-10 12:58:49,159 [INFO] - MediaSvc: attempt to connect to main message bus
2025-12-10 12:58:49,160 [DEBUG] - ** media_svc - Not Connected **
2025-12-10 12:58:49,162 [INFO] - Websocket connected
2025-12-10 12:58:50,151 [INFO] - TTSSvc: tts_svc Connected!
2025-12-10 12:58:50,161 [INFO] - MediaSvc: connected to main message bus. ID is media_svc.
2025-12-10 12:58:50,163 [INFO] - HAL: Activated. Volume command is amixer -D pulse sset Master %s, Mic command is pactl set-source-volume $(pactl info | grep "Default Source" | cut -d " " -f3) %s
2025-12-10 12:58:50,625 [INFO] - Websocket connected
2025-12-10 13:01:01,477 [INFO] - STTSvc: model:tiny.en, useGPU:False, keyFile:/home/ken/YAVA/Keys/open-ai-key.txt
2025-12-10 13:01:01,482 [INFO] - Websocket connected
2025-12-10 13:01:01,486 [INFO] - MediaSvc: bargeIn: False, localEnabled: True, remotePort: None
2025-12-10 13:01:01,487 [DEBUG] - MediaSvc: Remote audio output is disabled
2025-12-10 13:01:01,487 [INFO] - MediaSvc: attempt to connect to main message bus
2025-12-10 13:01:01,487 [DEBUG] - ** media_svc - Not Connected **
2025-12-10 13:01:01,489 [INFO] - Websocket connected
2025-12-10 13:01:02,480 [INFO] - TTSSvc: tts_svc Connected!
2025-12-10 13:01:02,488 [INFO] - MediaSvc: connected to main message bus. ID is media_svc.
2025-12-10 13:01:02,490 [INFO] - HAL: Activated. Volume command is amixer -D pulse sset Master %s, Mic command is pactl set-source-volume $(pactl info | grep "Default Source" | cut -d " " -f3) %s
2025-12-10 13:01:02,966 [INFO] - Websocket connected
2025-12-10 13:01:24,210 [INFO] - TTSSvc: Received {'msg_type': 'tts', 'source': 'intent_svc', 'target': 'tts_svc', 'data': {'text': 'Testing one.', 'filename': 'junk.wav'}, 'ts': '2025-12-10 13:01:24'}
2025-12-10 13:01:25,060 [INFO] - TTSSvc: Sending {'error': '', 'subtype': 'wav_out', 'skill_id': 'media_svc', 'from_skill_id': 'tts_svc', 'text': 'Testing one.', 'filename': 'junk.wav'}
2025-12-10 13:01:25,062 [INFO] - HAL: mute mic
2025-12-10 13:01:25,071 [INFO] - HAL: play wav aplay Config/tts_out/junk.wav  >/dev/null 2>&1
2025-12-10 13:01:26,079 [INFO] - HAL: unmute mic
2025-12-10 13:01:29,779 [INFO] - TTSSvc: Received {'msg_type': 'tts', 'source': 'intent_svc', 'target': 'tts_svc', 'data': {'text': '3 Testing 1 2 3', 'filename': 'junk.wav'}, 'ts': '2025-12-10 13:01:29'}
2025-12-10 13:01:30,669 [INFO] - TTSSvc: Sending {'error': '', 'subtype': 'wav_out', 'skill_id': 'media_svc', 'from_skill_id': 'tts_svc', 'text': '3 Testing 1 2 3', 'filename': 'junk.wav'}
2025-12-10 13:01:30,670 [INFO] - HAL: mute mic
2025-12-10 13:01:30,680 [INFO] - HAL: play wav aplay Config/tts_out/junk.wav  >/dev/null 2>&1
2025-12-10 13:01:32,312 [INFO] - HAL: unmute mic
2025-12-10 13:01:39,223 [INFO] - TTSSvc: Received {'msg_type': 'tts', 'source': 'intent_svc', 'target': 'tts_svc', 'data': {'text': 'Much better. Much better.', 'filename': 'junk.wav'}, 'ts': '2025-12-10 13:01:39'}
2025-12-10 13:01:40,116 [INFO] - TTSSvc: Sending {'error': '', 'subtype': 'wav_out', 'skill_id': 'media_svc', 'from_skill_id': 'tts_svc', 'text': 'Much better. Much better.', 'filename': 'junk.wav'}
2025-12-10 13:01:40,118 [INFO] - HAL: mute mic
2025-12-10 13:01:40,127 [INFO] - HAL: play wav aplay Config/tts_out/junk.wav  >/dev/null 2>&1
2025-12-10 13:01:41,885 [INFO] - HAL: unmute mic
2025-12-10 13:01:46,085 [INFO] - TTSSvc: Received {'msg_type': 'tts', 'source': 'intent_svc', 'target': 'tts_svc', 'data': {'text': 'Much better.', 'filename': 'junk.wav'}, 'ts': '2025-12-10 13:01:46'}
2025-12-10 13:01:46,930 [INFO] - TTSSvc: Sending {'error': '', 'subtype': 'wav_out', 'skill_id': 'media_svc', 'from_skill_id': 'tts_svc', 'text': 'Much better.', 'filename': 'junk.wav'}
2025-12-10 13:01:46,931 [INFO] - HAL: mute mic
2025-12-10 13:01:46,940 [INFO] - HAL: play wav aplay Config/tts_out/junk.wav  >/dev/null 2>&1
2025-12-10 13:01:47,824 [INFO] - HAL: unmute mic
2025-12-10 13:01:51,050 [INFO] - TTSSvc: Received {'msg_type': 'tts', 'source': 'intent_svc', 'target': 'tts_svc', 'data': {'text': "It's over CurrentlyATH. D That work Yes but understand We", 'filename': 'junk.wav'}, 'ts': '2025-12-10 13:01:51'}
2025-12-10 13:01:51,996 [INFO] - TTSSvc: Sending {'error': '', 'subtype': 'wav_out', 'skill_id': 'media_svc', 'from_skill_id': 'tts_svc', 'text': "It's over CurrentlyATH. D That work Yes but understand We", 'filename': 'junk.wav'}
2025-12-10 13:01:51,998 [INFO] - HAL: mute mic
2025-12-10 13:01:52,007 [INFO] - HAL: play wav aplay Config/tts_out/junk.wav  >/dev/null 2>&1
2025-12-10 13:01:56,014 [INFO] - HAL: unmute mic
2025-12-10 13:01:58,564 [INFO] - TTSSvc: Received {'msg_type': 'tts', 'source': 'intent_svc', 'target': 'tts_svc', 'data': {'text': 'How are you talking about?', 'filename': 'junk.wav'}, 'ts': '2025-12-10 13:01:58'}
2025-12-10 13:01:59,391 [INFO] - TTSSvc: Sending {'error': '', 'subtype': 'wav_out', 'skill_id': 'media_svc', 'from_skill_id': 'tts_svc', 'text': 'How are you talking about?', 'filename': 'junk.wav'}
2025-12-10 13:01:59,392 [INFO] - HAL: mute mic
2025-12-10 13:01:59,402 [INFO] - HAL: play wav aplay Config/tts_out/junk.wav  >/dev/null 2>&1
2025-12-10 13:02:00,738 [INFO] - HAL: unmute mic
2025-12-10 13:02:04,530 [INFO] - TTSSvc: Received {'msg_type': 'tts', 'source': 'intent_svc', 'target': 'tts_svc', 'data': {'text': 'What the hell are you talking about?', 'filename': 'junk.wav'}, 'ts': '2025-12-10 13:02:04'}
2025-12-10 13:02:05,382 [INFO] - TTSSvc: Sending {'error': '', 'subtype': 'wav_out', 'skill_id': 'media_svc', 'from_skill_id': 'tts_svc', 'text': 'What the hell are you talking about?', 'filename': 'junk.wav'}
2025-12-10 13:02:05,383 [INFO] - HAL: mute mic
2025-12-10 13:02:05,392 [INFO] - HAL: play wav aplay Config/tts_out/junk.wav  >/dev/null 2>&1
2025-12-10 13:02:07,124 [INFO] - HAL: unmute mic
2025-12-10 13:20:23,353 [INFO] - STTSvc: model:tiny.en, useGPU:False, keyFile:/home/ken/YAVA/Keys/open-ai-key.txt
2025-12-10 13:20:23,357 [INFO] - Websocket connected
2025-12-10 13:20:23,362 [INFO] - MediaSvc: bargeIn: False, localEnabled: True, remotePort: None
2025-12-10 13:20:23,362 [DEBUG] - MediaSvc: Remote audio output is disabled
2025-12-10 13:20:23,362 [INFO] - MediaSvc: attempt to connect to main message bus
2025-12-10 13:20:23,362 [DEBUG] - ** media_svc - Not Connected **
2025-12-10 13:20:23,364 [INFO] - Websocket connected
2025-12-10 13:20:24,355 [INFO] - TTSSvc: tts_svc Connected!
2025-12-10 13:20:24,363 [INFO] - MediaSvc: connected to main message bus. ID is media_svc.
2025-12-10 13:20:24,365 [INFO] - HAL: Activated. Volume command is amixer -D pulse sset Master %s, Mic command is pactl set-source-volume $(pactl info | grep "Default Source" | cut -d " " -f3) %s
2025-12-10 13:20:24,790 [INFO] - Websocket connected
2025-12-10 13:20:30,577 [INFO] - STTSvc: Transcribe took 0.423811674118042
2025-12-10 13:20:31,089 [INFO] - STTSvc: Transcribe took 0.18802762031555176
2025-12-10 13:20:31,556 [INFO] - STTSvc: Transcribe took 0.19743132591247559
2025-12-10 13:20:31,752 [INFO] - STTSvc: Transcribe took 0.19446778297424316
2025-12-10 13:20:31,952 [INFO] - STTSvc: Transcribe took 0.19835186004638672
2025-12-10 13:20:32,165 [INFO] - STTSvc: Transcribe took 0.19637703895568848
2025-12-10 13:20:32,469 [INFO] - STTSvc: Transcribe took 0.19627642631530762
2025-12-10 13:20:33,054 [INFO] - STTSvc: Transcribe took 0.194990873336792
2025-12-10 13:20:33,505 [INFO] - STTSvc: Transcribe took 0.18845105171203613
2025-12-10 13:20:34,104 [INFO] - STTSvc: Transcribe took 0.20112943649291992
2025-12-10 13:20:34,547 [INFO] - STTSvc: Transcribe took 0.1877892017364502
2025-12-10 13:20:35,158 [INFO] - STTSvc: Transcribe took 0.18830347061157227
2025-12-10 13:20:36,202 [INFO] - STTSvc: Transcribe took 0.19038891792297363
2025-12-10 13:20:39,363 [INFO] - STTSvc: Transcribe took 0.19725346565246582
2025-12-10 13:20:39,989 [INFO] - STTSvc: Transcribe took 0.21377110481262207
2025-12-10 13:20:41,914 [INFO] - STTSvc: Transcribe took 0.20583820343017578
2025-12-10 13:20:42,110 [INFO] - STTSvc: Transcribe took 0.19352030754089355
2025-12-10 13:20:43,722 [INFO] - STTSvc: Transcribe took 0.20759963989257812
2025-12-10 13:20:44,344 [INFO] - STTSvc: Transcribe took 0.22060823440551758
2025-12-10 13:20:48,506 [INFO] - STTSvc: Transcribe took 0.1860816478729248
2025-12-10 13:20:48,973 [INFO] - STTSvc: Transcribe took 0.19581031799316406
2025-12-10 13:20:55,412 [INFO] - STTSvc: Transcribe took 0.1994321346282959
2025-12-10 13:21:04,586 [INFO] - STTSvc: Transcribe took 0.21953058242797852
2025-12-10 13:21:05,922 [INFO] - STTSvc: Transcribe took 1.2441823482513428
2025-12-10 13:21:05,957 [INFO] - TTSSvc: Transcribe took 1.3689162731170654, Received text ---> {'msg_type': 'tts', 'source': 'intent_svc', 'target': 'tts_svc', 'data': {'text': 'testing one tooth.', 'filename': 'junk.wav'}, 'ts': '2025-12-10 13:21:04'}
2025-12-10 13:21:05,959 [INFO] - HAL: mute mic
2025-12-10 13:21:05,968 [INFO] - HAL: play wav aplay Config/tts_out/junk.wav  >/dev/null 2>&1
2025-12-10 13:21:06,766 [INFO] - TTSSvc: Transcribe took 0.8084521293640137, Received text ---> {'msg_type': 'tts', 'source': 'intent_svc', 'target': 'tts_svc', 'data': {'text': 'Program query.', 'filename': 'junk.wav'}, 'ts': '2025-12-10 13:21:05'}
2025-12-10 13:21:07,291 [INFO] - HAL: unmute mic
2025-12-10 13:21:07,300 [INFO] - HAL: mute mic
2025-12-10 13:21:07,308 [INFO] - HAL: play wav aplay Config/tts_out/junk.wav  >/dev/null 2>&1
2025-12-10 13:21:08,566 [INFO] - HAL: unmute mic
2025-12-10 13:21:09,667 [INFO] - STTSvc: Transcribe took 0.18819189071655273
2025-12-10 13:21:11,535 [INFO] - STTSvc: Transcribe took 0.25165534019470215
2025-12-10 13:21:12,388 [INFO] - TTSSvc: Transcribe took 0.8512697219848633, Received text ---> {'msg_type': 'tts', 'source': 'intent_svc', 'target': 'tts_svc', 'data': {'text': 'testing 1, 2, 3.', 'filename': 'junk.wav'}, 'ts': '2025-12-10 13:21:11'}
2025-12-10 13:21:12,390 [INFO] - HAL: mute mic
2025-12-10 13:21:12,398 [INFO] - HAL: play wav aplay Config/tts_out/junk.wav  >/dev/null 2>&1
2025-12-10 13:21:14,283 [INFO] - HAL: unmute mic
2025-12-10 13:21:31,871 [INFO] - STTSvc: Transcribe took 0.18878817558288574
2025-12-10 13:21:33,220 [INFO] - STTSvc: Transcribe took 0.1896810531616211
2025-12-10 13:21:34,574 [INFO] - STTSvc: Transcribe took 0.19523167610168457
2025-12-10 13:21:38,029 [INFO] - STTSvc: Transcribe took 0.19219756126403809
2025-12-10 13:21:44,340 [INFO] - STTSvc: Transcribe took 0.19649672508239746
2025-12-10 13:21:44,762 [INFO] - STTSvc: Transcribe took 0.18545985221862793
2025-12-10 13:21:46,415 [INFO] - STTSvc: Transcribe took 0.1857283115386963
2025-12-10 13:21:48,383 [INFO] - STTSvc: Transcribe took 0.19324970245361328
2025-12-10 13:21:48,842 [INFO] - STTSvc: Transcribe took 0.19523167610168457
2025-12-10 13:21:49,599 [INFO] - STTSvc: Transcribe took 0.21480703353881836
2025-12-10 13:23:56,081 [INFO] - STTSvc: model:tiny.en, useGPU:False, keyFile:/home/ken/YAVA/Keys/open-ai-key.txt
2025-12-10 13:23:56,085 [INFO] - Websocket connected
2025-12-10 13:23:56,090 [INFO] - MediaSvc: bargeIn: False, localEnabled: True, remotePort: None
2025-12-10 13:23:56,090 [DEBUG] - MediaSvc: Remote audio output is disabled
2025-12-10 13:23:56,091 [INFO] - MediaSvc: attempt to connect to main message bus
2025-12-10 13:23:56,091 [DEBUG] - ** media_svc - Not Connected **
2025-12-10 13:23:56,093 [INFO] - Websocket connected
2025-12-10 13:23:57,084 [INFO] - TTSSvc: tts_svc Connected!
2025-12-10 13:23:57,092 [INFO] - MediaSvc: connected to main message bus. ID is media_svc.
2025-12-10 13:23:57,094 [INFO] - HAL: Activated. Volume command is amixer -D pulse sset Master %s, Mic command is pactl set-source-volume $(pactl info | grep "Default Source" | cut -d " " -f3) %s
2025-12-10 13:23:57,527 [INFO] - Websocket connected
2025-12-10 13:24:07,192 [INFO] - STTSvc: Transcribe took 0.4153175354003906, produced ---> 
2025-12-10 13:24:13,000 [INFO] - STTSvc: Transcribe took 0.22217416763305664, produced ---> testing one tooth.
2025-12-10 13:24:14,095 [INFO] - TTSSvc: Transcribe took 1.0921962261199951, Received text ---> testing one tooth.
2025-12-10 13:24:14,097 [INFO] - HAL: mute mic
2025-12-10 13:24:14,110 [INFO] - HAL: play wav aplay Config/tts_out/junk.wav  >/dev/null 2>&1
2025-12-10 13:24:14,441 [INFO] - STTSvc: Transcribe took 1.3528168201446533, produced ---> rate.
2025-12-10 13:24:15,256 [INFO] - TTSSvc: Transcribe took 0.8121252059936523, Received text ---> rate.
2025-12-10 13:24:15,556 [INFO] - HAL: unmute mic
2025-12-10 13:24:15,565 [INFO] - HAL: mute mic
2025-12-10 13:24:15,573 [INFO] - HAL: play wav aplay Config/tts_out/junk.wav  >/dev/null 2>&1
2025-12-10 13:24:16,205 [INFO] - HAL: unmute mic
2025-12-10 13:24:19,056 [INFO] - STTSvc: Transcribe took 0.20130133628845215, produced ---> No.
2025-12-10 13:24:19,864 [INFO] - TTSSvc: Transcribe took 0.8061354160308838, Received text ---> No.
2025-12-10 13:24:19,866 [INFO] - HAL: mute mic
2025-12-10 13:24:19,875 [INFO] - HAL: play wav aplay Config/tts_out/junk.wav  >/dev/null 2>&1
2025-12-10 13:24:20,509 [INFO] - HAL: unmute mic
2025-12-10 13:24:23,294 [INFO] - STTSvc: Transcribe took 0.21837782859802246, produced ---> testing 123.
2025-12-10 13:24:24,139 [INFO] - TTSSvc: Transcribe took 0.8428120613098145, Received text ---> testing 123.
2025-12-10 13:24:24,141 [INFO] - HAL: mute mic
2025-12-10 13:24:24,150 [INFO] - HAL: play wav aplay Config/tts_out/junk.wav  >/dev/null 2>&1
2025-12-10 13:24:26,033 [INFO] - HAL: unmute mic
2025-12-10 13:24:36,266 [INFO] - STTSvc: Transcribe took 0.2189960479736328, produced ---> That's good.
2025-12-10 13:24:36,600 [INFO] - STTSvc: Transcribe took 0.23952913284301758, produced ---> Good.
2025-12-10 13:24:37,163 [INFO] - TTSSvc: Transcribe took 0.8940799236297607, Received text ---> That's good.
2025-12-10 13:24:37,166 [INFO] - HAL: mute mic
2025-12-10 13:24:37,174 [INFO] - HAL: play wav aplay Config/tts_out/junk.wav  >/dev/null 2>&1
2025-12-10 13:24:37,955 [INFO] - TTSSvc: Transcribe took 0.7910735607147217, Received text ---> Good.
2025-12-10 13:24:38,127 [INFO] - HAL: unmute mic
2025-12-10 13:24:38,135 [INFO] - HAL: mute mic
2025-12-10 13:24:38,143 [INFO] - HAL: play wav aplay Config/tts_out/junk.wav  >/dev/null 2>&1
2025-12-10 13:24:38,651 [INFO] - HAL: unmute mic
2025-12-10 13:24:40,925 [INFO] - STTSvc: Transcribe took 0.2239089012145996, produced ---> That's good.
2025-12-10 13:24:41,722 [INFO] - TTSSvc: Transcribe took 0.7946376800537109, Received text ---> That's good.
2025-12-10 13:24:41,723 [INFO] - HAL: mute mic
2025-12-10 13:24:41,732 [INFO] - HAL: play wav aplay Config/tts_out/junk.wav  >/dev/null 2>&1
2025-12-10 13:24:42,490 [INFO] - HAL: unmute mic
2025-12-10 13:24:43,899 [INFO] - STTSvc: Transcribe took 0.1970360279083252, produced ---> 
2025-12-10 13:24:44,097 [INFO] - STTSvc: Transcribe took 0.1963975429534912, produced ---> 
2025-12-10 13:24:44,635 [INFO] - STTSvc: Transcribe took 0.19469523429870605, produced ---> 
2025-12-10 13:24:47,789 [INFO] - STTSvc: Transcribe took 0.19519257545471191, produced ---> 
2025-12-10 13:24:48,830 [INFO] - STTSvc: Transcribe took 0.19327211380004883, produced ---> 
2025-12-10 13:24:50,787 [INFO] - STTSvc: Transcribe took 0.19258832931518555, produced ---> 
2025-12-10 13:24:51,086 [INFO] - STTSvc: Transcribe took 0.18700647354125977, produced ---> 
2025-12-10 14:57:47,211 [INFO] - STTSvc: model:tiny.en, useGPU:False, keyFile:/home/ken/YAVA/Keys/open-ai-key.txt
2025-12-10 14:57:47,213 [INFO] - Websocket connected
2025-12-10 14:57:47,219 [INFO] - MediaSvc: bargeIn: False, localEnabled: True, remotePort: None
2025-12-10 14:57:47,219 [DEBUG] - MediaSvc: Remote audio output is disabled
2025-12-10 14:57:47,219 [INFO] - MediaSvc: attempt to connect to main message bus
2025-12-10 14:57:47,220 [DEBUG] - ** media_svc - Not Connected **
2025-12-10 14:57:47,222 [INFO] - Websocket connected
2025-12-10 14:57:48,212 [INFO] - TTSSvc: tts_svc Connected!
2025-12-10 14:57:48,221 [INFO] - MediaSvc: connected to main message bus. ID is media_svc.
2025-12-10 14:57:48,223 [INFO] - HAL: Activated. Volume command is amixer -D pulse sset Master %s, Mic command is pactl set-source-volume $(pactl info | grep "Default Source" | cut -d " " -f3) %s
2025-12-10 14:57:48,658 [INFO] - Websocket connected
2025-12-10 14:58:01,164 [INFO] - STTSvc: Transcribe took 0.41295433044433594, produced ---> 
2025-12-10 14:58:01,411 [INFO] - STTSvc: Transcribe took 0.20259499549865723, produced ---> 
2025-12-10 14:58:01,603 [INFO] - STTSvc: Transcribe took 0.19112443923950195, produced ---> 
2025-12-10 14:58:01,800 [INFO] - STTSvc: Transcribe took 0.1952352523803711, produced ---> 
2025-12-10 14:58:02,010 [INFO] - STTSvc: Transcribe took 0.19187641143798828, produced ---> 
2025-12-10 14:58:02,317 [INFO] - STTSvc: Transcribe took 0.1936185359954834, produced ---> 
2025-12-10 14:58:02,598 [INFO] - STTSvc: Transcribe took 0.1938176155090332, produced ---> 
2025-12-10 14:58:02,899 [INFO] - STTSvc: Transcribe took 0.1908557415008545, produced ---> 
2025-12-10 14:58:03,093 [INFO] - STTSvc: Transcribe took 0.19219136238098145, produced ---> 
2025-12-10 14:58:03,683 [INFO] - STTSvc: Transcribe took 0.2128603458404541, produced ---> 
2025-12-10 14:58:04,092 [INFO] - STTSvc: Transcribe took 0.18785738945007324, produced ---> 
2025-12-10 14:58:04,701 [INFO] - STTSvc: Transcribe took 0.18775486946105957, produced ---> 
2025-12-10 14:58:10,557 [INFO] - STTSvc: Transcribe took 0.19341707229614258, produced ---> 
2025-12-10 14:58:12,052 [INFO] - STTSvc: Transcribe took 0.18760418891906738, produced ---> 
2025-12-10 14:58:14,318 [INFO] - STTSvc: Transcribe took 0.1891803741455078, produced ---> 
2025-12-10 14:58:15,562 [INFO] - STTSvc: Transcribe took 0.1881248950958252, produced ---> 
2025-12-10 14:58:16,100 [INFO] - STTSvc: Transcribe took 0.19106554985046387, produced ---> 
2025-12-10 14:58:16,298 [INFO] - STTSvc: Transcribe took 0.19648146629333496, produced ---> 
2025-12-10 14:58:16,861 [INFO] - STTSvc: Transcribe took 0.19098234176635742, produced ---> 
2025-12-10 14:58:17,905 [INFO] - STTSvc: Transcribe took 0.19153642654418945, produced ---> 
2025-12-10 14:58:19,407 [INFO] - STTSvc: Transcribe took 0.19298911094665527, produced ---> 
2025-12-10 14:58:21,826 [INFO] - STTSvc: Transcribe took 0.196181058883667, produced ---> 
2025-12-10 14:58:22,407 [INFO] - STTSvc: Transcribe took 0.19232678413391113, produced ---> 
2025-12-10 14:58:23,326 [INFO] - STTSvc: Transcribe took 0.1964254379272461, produced ---> 
2025-12-10 14:58:23,909 [INFO] - STTSvc: Transcribe took 0.19418120384216309, produced ---> 
2025-12-10 14:58:24,720 [INFO] - STTSvc: Transcribe took 0.24318909645080566, produced ---> 
2025-12-10 14:58:25,863 [INFO] - STTSvc: Transcribe took 0.18952059745788574, produced ---> 
2025-12-10 14:58:26,450 [INFO] - STTSvc: Transcribe took 0.1918659210205078, produced ---> 
2025-12-10 14:58:27,215 [INFO] - STTSvc: Transcribe took 0.19312000274658203, produced ---> 
2025-12-10 14:58:27,519 [INFO] - STTSvc: Transcribe took 0.19346189498901367, produced ---> 
2025-12-10 14:58:28,102 [INFO] - STTSvc: Transcribe took 0.19061946868896484, produced ---> 
2025-12-10 14:58:30,064 [INFO] - STTSvc: Transcribe took 0.19630026817321777, produced ---> 
2025-12-10 14:58:30,518 [INFO] - STTSvc: Transcribe took 0.19313883781433105, produced ---> 
2025-12-10 14:58:30,950 [INFO] - STTSvc: Transcribe took 0.19006705284118652, produced ---> 
2025-12-10 14:58:31,408 [INFO] - STTSvc: Transcribe took 0.19131088256835938, produced ---> 
2025-12-10 14:58:32,016 [INFO] - STTSvc: Transcribe took 0.18878173828125, produced ---> 
2025-12-10 14:58:32,603 [INFO] - STTSvc: Transcribe took 0.19018173217773438, produced ---> 
2025-12-10 14:58:33,069 [INFO] - STTSvc: Transcribe took 0.198988676071167, produced ---> 
2025-12-10 14:58:33,368 [INFO] - STTSvc: Transcribe took 0.19224762916564941, produced ---> 
2025-12-10 14:58:33,824 [INFO] - STTSvc: Transcribe took 0.1917707920074463, produced ---> 
2025-12-10 14:58:34,258 [INFO] - STTSvc: Transcribe took 0.1910862922668457, produced ---> 
2025-12-10 14:58:34,869 [INFO] - STTSvc: Transcribe took 0.19388413429260254, produced ---> 
2025-12-10 14:58:35,169 [INFO] - STTSvc: Transcribe took 0.18848562240600586, produced ---> 
2025-12-10 14:58:35,610 [INFO] - STTSvc: Transcribe took 0.19640231132507324, produced ---> 
2025-12-10 14:58:36,370 [INFO] - STTSvc: Transcribe took 0.1940164566040039, produced ---> 
2025-12-10 14:58:36,671 [INFO] - STTSvc: Transcribe took 0.1896681785583496, produced ---> 
2025-12-10 14:58:37,255 [INFO] - STTSvc: Transcribe took 0.18933963775634766, produced ---> 
2025-12-10 14:58:38,023 [INFO] - STTSvc: Transcribe took 0.19419527053833008, produced ---> 
2025-12-10 14:58:38,328 [INFO] - STTSvc: Transcribe took 0.19411683082580566, produced ---> 
2025-12-10 14:58:38,606 [INFO] - STTSvc: Transcribe took 0.19090771675109863, produced ---> 
2025-12-10 14:58:38,913 [INFO] - STTSvc: Transcribe took 0.19408130645751953, produced ---> 
2025-12-10 14:58:39,521 [INFO] - STTSvc: Transcribe took 0.19292426109313965, produced ---> 
2025-12-10 14:58:39,952 [INFO] - STTSvc: Transcribe took 0.1898036003112793, produced ---> 
2025-12-10 14:58:40,415 [INFO] - STTSvc: Transcribe took 0.19457054138183594, produced ---> 
2025-12-10 14:58:41,026 [INFO] - STTSvc: Transcribe took 0.19707226753234863, produced ---> 
2025-12-10 14:58:41,931 [INFO] - STTSvc: Transcribe took 0.21142888069152832, produced ---> 
2025-12-10 14:58:42,134 [INFO] - STTSvc: Transcribe took 0.20149827003479004, produced ---> 
2025-12-10 14:58:42,954 [INFO] - STTSvc: Transcribe took 0.19092011451721191, produced ---> 
2025-12-10 14:58:43,262 [INFO] - STTSvc: Transcribe took 0.19426298141479492, produced ---> 
2025-12-10 14:58:43,460 [INFO] - STTSvc: Transcribe took 0.19669413566589355, produced ---> 
2025-12-10 14:58:44,331 [INFO] - STTSvc: Transcribe took 0.19657111167907715, produced ---> 
2025-12-10 14:58:44,760 [INFO] - STTSvc: Transcribe took 0.1918811798095703, produced ---> 
2025-12-10 14:58:45,673 [INFO] - STTSvc: Transcribe took 0.19042062759399414, produced ---> 
2025-12-10 14:58:46,257 [INFO] - STTSvc: Transcribe took 0.18989300727844238, produced ---> 
2025-12-10 14:58:46,565 [INFO] - STTSvc: Transcribe took 0.191389799118042, produced ---> 
2025-12-10 14:58:48,427 [INFO] - STTSvc: Transcribe took 0.2495269775390625, produced ---> Testing 1, 2, 3.
2025-12-10 14:58:49,250 [INFO] - TTSSvc: Transcribe took 0.8220560550689697, Received text ---> Testing 1, 2, 3.
2025-12-10 14:58:49,252 [INFO] - HAL: mute mic
2025-12-10 14:58:49,260 [INFO] - HAL: play wav aplay Config/tts_out/junk.wav  >/dev/null 2>&1
2025-12-10 14:58:51,202 [INFO] - HAL: unmute mic
2025-12-10 14:58:52,086 [INFO] - STTSvc: Transcribe took 0.1892869472503662, produced ---> 
2025-12-10 14:58:53,196 [INFO] - STTSvc: Transcribe took 0.23128485679626465, produced ---> What do you know?
2025-12-10 14:58:54,011 [INFO] - TTSSvc: Transcribe took 0.8128480911254883, Received text ---> What do you know?
2025-12-10 14:58:54,014 [INFO] - HAL: mute mic
2025-12-10 14:58:54,023 [INFO] - HAL: play wav aplay Config/tts_out/junk.wav  >/dev/null 2>&1
2025-12-10 14:58:55,030 [INFO] - HAL: unmute mic
2025-12-10 14:58:57,786 [INFO] - STTSvc: Transcribe took 0.23170018196105957, produced ---> My name is Ken.
2025-12-10 14:58:58,611 [INFO] - TTSSvc: Transcribe took 0.8222982883453369, Received text ---> My name is Ken.
2025-12-10 14:58:58,612 [INFO] - HAL: mute mic
2025-12-10 14:58:58,620 [INFO] - HAL: play wav aplay Config/tts_out/junk.wav  >/dev/null 2>&1
2025-12-10 14:58:59,753 [INFO] - HAL: unmute mic
2025-12-10 14:59:01,839 [INFO] - STTSvc: Transcribe took 0.23015165328979492, produced ---> What is your name?
2025-12-10 14:59:02,162 [INFO] - STTSvc: Transcribe took 0.23964405059814453, produced ---> 
2025-12-10 14:59:02,732 [INFO] - TTSSvc: Transcribe took 0.8904991149902344, Received text ---> What is your name?
2025-12-10 14:59:02,733 [INFO] - HAL: mute mic
2025-12-10 14:59:02,742 [INFO] - HAL: play wav aplay Config/tts_out/junk.wav  >/dev/null 2>&1
2025-12-10 14:59:03,750 [INFO] - HAL: unmute mic
2025-12-10 14:59:07,798 [INFO] - STTSvc: Transcribe took 0.2630808353424072, produced ---> Wow, you're working really good.
2025-12-10 14:59:08,635 [INFO] - TTSSvc: Transcribe took 0.8347575664520264, Received text ---> Wow, you're working really good.
2025-12-10 14:59:08,637 [INFO] - HAL: mute mic
2025-12-10 14:59:08,646 [INFO] - HAL: play wav aplay Config/tts_out/junk.wav  >/dev/null 2>&1
2025-12-10 14:59:10,529 [INFO] - HAL: unmute mic
2025-12-10 14:59:12,462 [INFO] - STTSvc: Transcribe took 0.27190423011779785, produced ---> I'll be a son of a gun.
2025-12-10 14:59:13,299 [INFO] - TTSSvc: Transcribe took 0.8355348110198975, Received text ---> I'll be a son of a gun.
2025-12-10 14:59:13,302 [INFO] - HAL: mute mic
2025-12-10 14:59:13,310 [INFO] - HAL: play wav aplay Config/tts_out/junk.wav  >/dev/null 2>&1
2025-12-10 14:59:14,693 [INFO] - HAL: unmute mic
2025-12-10 14:59:17,644 [INFO] - STTSvc: Transcribe took 0.290205717086792, produced ---> There mustn't be much ambient noise in this.
2025-12-10 14:59:18,746 [INFO] - TTSSvc: Transcribe took 1.0983693599700928, Received text ---> There mustn't be much ambient noise in this.
2025-12-10 14:59:18,748 [INFO] - HAL: mute mic
2025-12-10 14:59:18,762 [INFO] - HAL: play wav aplay Config/tts_out/junk.wav  >/dev/null 2>&1
2025-12-10 14:59:19,400 [INFO] - STTSvc: Transcribe took 1.4367406368255615, produced ---> OWINGS
2025-12-10 14:59:20,201 [INFO] - TTSSvc: Transcribe took 0.7976686954498291, Received text ---> OWINGS
2025-12-10 14:59:20,899 [INFO] - HAL: unmute mic
2025-12-10 14:59:20,907 [INFO] - HAL: mute mic
2025-12-10 14:59:20,914 [INFO] - HAL: play wav aplay Config/tts_out/junk.wav  >/dev/null 2>&1
2025-12-10 14:59:21,672 [INFO] - HAL: unmute mic
2025-12-10 14:59:23,472 [INFO] - STTSvc: Transcribe took 0.19279074668884277, produced ---> 
2025-12-10 14:59:24,875 [INFO] - STTSvc: Transcribe took 0.2218778133392334, produced ---> Oh, wings.
2025-12-10 14:59:25,681 [INFO] - TTSSvc: Transcribe took 0.8047084808349609, Received text ---> Oh, wings.
2025-12-10 14:59:25,683 [INFO] - HAL: mute mic
2025-12-10 14:59:25,692 [INFO] - HAL: play wav aplay Config/tts_out/junk.wav  >/dev/null 2>&1
2025-12-10 14:59:26,574 [INFO] - HAL: unmute mic
2025-12-10 14:59:28,938 [INFO] - STTSvc: Transcribe took 0.24303388595581055, produced ---> Oh, I see wings.
2025-12-10 14:59:29,740 [INFO] - TTSSvc: Transcribe took 0.7998039722442627, Received text ---> Oh, I see wings.
2025-12-10 14:59:29,741 [INFO] - HAL: mute mic
2025-12-10 14:59:29,750 [INFO] - HAL: play wav aplay Config/tts_out/junk.wav  >/dev/null 2>&1
2025-12-10 14:59:31,133 [INFO] - HAL: unmute mic
2025-12-10 14:59:32,644 [INFO] - STTSvc: Transcribe took 0.20931053161621094, produced ---> Do you?
2025-12-10 14:59:33,416 [INFO] - TTSSvc: Transcribe took 0.7694501876831055, Received text ---> Do you?
2025-12-10 14:59:33,417 [INFO] - HAL: mute mic
2025-12-10 14:59:33,425 [INFO] - HAL: play wav aplay Config/tts_out/junk.wav  >/dev/null 2>&1
2025-12-10 14:59:34,183 [INFO] - HAL: unmute mic
2025-12-10 14:59:36,604 [INFO] - STTSvc: Transcribe took 0.25288963317871094, produced ---> 
2025-12-10 14:59:39,390 [INFO] - STTSvc: Transcribe took 0.18950748443603516, produced ---> 
2025-12-10 14:59:39,697 [INFO] - STTSvc: Transcribe took 0.1937413215637207, produced ---> 
2025-12-10 14:59:41,042 [INFO] - STTSvc: Transcribe took 0.19033455848693848, produced ---> 
2025-12-10 14:59:43,587 [INFO] - STTSvc: Transcribe took 0.1918928623199463, produced ---> 
2025-12-10 14:59:44,665 [INFO] - STTSvc: Transcribe took 0.18983817100524902, produced ---> 
2025-12-10 14:59:44,936 [INFO] - STTSvc: Transcribe took 0.1918346881866455, produced ---> 
2025-12-10 14:59:46,434 [INFO] - STTSvc: Transcribe took 0.18862128257751465, produced ---> 
2025-12-10 14:59:47,197 [INFO] - STTSvc: Transcribe took 0.1910247802734375, produced ---> 
2025-12-10 14:59:48,396 [INFO] - STTSvc: Transcribe took 0.1930079460144043, produced ---> 
2025-12-10 14:59:49,132 [INFO] - STTSvc: Transcribe took 0.1908104419708252, produced ---> 
2025-12-10 14:59:50,197 [INFO] - STTSvc: Transcribe took 0.18951058387756348, produced ---> 
2025-12-10 14:59:50,636 [INFO] - STTSvc: Transcribe took 0.19565224647521973, produced ---> 
2025-12-10 14:59:51,399 [INFO] - STTSvc: Transcribe took 0.19645357131958008, produced ---> 
2025-12-10 14:59:51,708 [INFO] - STTSvc: Transcribe took 0.2013545036315918, produced ---> 
2025-12-10 14:59:52,140 [INFO] - STTSvc: Transcribe took 0.1997208595275879, produced ---> 
2025-12-10 14:59:53,479 [INFO] - STTSvc: Transcribe took 0.19019651412963867, produced ---> 
2025-12-10 14:59:54,547 [INFO] - STTSvc: Transcribe took 0.1923520565032959, produced ---> 
2025-12-10 14:59:55,289 [INFO] - STTSvc: Transcribe took 0.1946871280670166, produced ---> 
2025-12-10 14:59:56,356 [INFO] - STTSvc: Transcribe took 0.19463372230529785, produced ---> 
2025-12-10 14:59:56,787 [INFO] - STTSvc: Transcribe took 0.19158267974853516, produced ---> 
2025-12-10 14:59:57,547 [INFO] - STTSvc: Transcribe took 0.18932604789733887, produced ---> 
2025-12-10 16:11:54,489 [INFO] - STTSvc: model:tiny.en, useGPU:False, keyFile:/home/ken/YAVA/Keys/open-ai-key.txt
2025-12-10 16:11:54,498 [INFO] - MediaSvc: bargeIn: False, localEnabled: True, remotePort: None
2025-12-10 16:11:54,498 [DEBUG] - MediaSvc: Remote audio output is disabled
2025-12-10 16:11:54,498 [INFO] - MediaSvc: attempt to connect to main message bus
2025-12-10 16:11:54,499 [DEBUG] - ** media_svc - Not Connected **
2025-12-10 16:11:54,501 [INFO] - Websocket connected
2025-12-10 16:11:55,500 [INFO] - MediaSvc: connected to main message bus. ID is media_svc.
2025-12-10 16:11:55,503 [INFO] - HAL: Activated. Volume command is amixer -D pulse sset Master %s, Mic command is pactl set-source-volume $(pactl info | grep "Default Source" | cut -d " " -f3) %s
2025-12-10 16:11:55,563 [DEBUG] - Loading FFmpeg6
2025-12-10 16:11:55,564 [DEBUG] - Failed to load FFmpeg6 extension.
Traceback (most recent call last):
  File "/home/ken/YAVOS/venv_yavos/lib/python3.10/site-packages/torio/_extension/utils.py", line 116, in _find_ffmpeg_extension
    ext = _find_versionsed_ffmpeg_extension(ffmpeg_ver)
  File "/home/ken/YAVOS/venv_yavos/lib/python3.10/site-packages/torio/_extension/utils.py", line 108, in _find_versionsed_ffmpeg_extension
    _load_lib(lib)
  File "/home/ken/YAVOS/venv_yavos/lib/python3.10/site-packages/torio/_extension/utils.py", line 94, in _load_lib
    torch.ops.load_library(path)
  File "/home/ken/YAVOS/venv_yavos/lib/python3.10/site-packages/torch/_ops.py", line 1478, in load_library
    ctypes.CDLL(path)
  File "/usr/lib/python3.10/ctypes/__init__.py", line 374, in __init__
    self._handle = _dlopen(self._name, mode)
OSError: libavutil.so.58: cannot open shared object file: No such file or directory
2025-12-10 16:11:55,574 [DEBUG] - Loading FFmpeg5
2025-12-10 16:11:55,574 [DEBUG] - Failed to load FFmpeg5 extension.
Traceback (most recent call last):
  File "/home/ken/YAVOS/venv_yavos/lib/python3.10/site-packages/torio/_extension/utils.py", line 116, in _find_ffmpeg_extension
    ext = _find_versionsed_ffmpeg_extension(ffmpeg_ver)
  File "/home/ken/YAVOS/venv_yavos/lib/python3.10/site-packages/torio/_extension/utils.py", line 108, in _find_versionsed_ffmpeg_extension
    _load_lib(lib)
  File "/home/ken/YAVOS/venv_yavos/lib/python3.10/site-packages/torio/_extension/utils.py", line 94, in _load_lib
    torch.ops.load_library(path)
  File "/home/ken/YAVOS/venv_yavos/lib/python3.10/site-packages/torch/_ops.py", line 1478, in load_library
    ctypes.CDLL(path)
  File "/usr/lib/python3.10/ctypes/__init__.py", line 374, in __init__
    self._handle = _dlopen(self._name, mode)
OSError: libavutil.so.57: cannot open shared object file: No such file or directory
2025-12-10 16:11:55,574 [DEBUG] - Loading FFmpeg4
2025-12-10 16:11:55,609 [DEBUG] - Successfully loaded FFmpeg4
2025-12-10 16:11:56,022 [INFO] - Websocket connected
2025-12-10 16:11:56,490 [DEBUG] - bytecode dump:
>          0	NOP(arg=None, lineno=1137)
           2	LOAD_FAST(arg=0, lineno=1140)
           4	LOAD_CONST(arg=1, lineno=1140)
           6	BINARY_SUBSCR(arg=None, lineno=1140)
           8	STORE_FAST(arg=3, lineno=1140)
          10	LOAD_FAST(arg=1, lineno=1141)
          12	UNARY_NEGATIVE(arg=None, lineno=1141)
          14	LOAD_FAST(arg=3, lineno=1141)
          16	DUP_TOP(arg=None, lineno=1141)
          18	ROT_THREE(arg=None, lineno=1141)
          20	COMPARE_OP(arg=1, lineno=1141)
          22	POP_JUMP_IF_FALSE(arg=17, lineno=1141)
          24	LOAD_FAST(arg=1, lineno=1141)
          26	COMPARE_OP(arg=1, lineno=1141)
          28	POP_JUMP_IF_FALSE(arg=21, lineno=1141)
          30	JUMP_FORWARD(arg=2, lineno=1141)
>         32	POP_TOP(arg=None, lineno=1141)
          34	JUMP_FORWARD(arg=2, lineno=1141)
>         36	LOAD_CONST(arg=1, lineno=1142)
          38	STORE_FAST(arg=3, lineno=1142)
>         40	LOAD_FAST(arg=0, lineno=1144)
          42	LOAD_CONST(arg=2, lineno=1144)
          44	BINARY_SUBSCR(arg=None, lineno=1144)
          46	STORE_FAST(arg=4, lineno=1144)
          48	LOAD_FAST(arg=1, lineno=1145)
          50	UNARY_NEGATIVE(arg=None, lineno=1145)
          52	LOAD_FAST(arg=4, lineno=1145)
          54	DUP_TOP(arg=None, lineno=1145)
          56	ROT_THREE(arg=None, lineno=1145)
          58	COMPARE_OP(arg=1, lineno=1145)
          60	POP_JUMP_IF_FALSE(arg=36, lineno=1145)
          62	LOAD_FAST(arg=1, lineno=1145)
          64	COMPARE_OP(arg=1, lineno=1145)
          66	POP_JUMP_IF_FALSE(arg=40, lineno=1145)
          68	JUMP_FORWARD(arg=2, lineno=1145)
>         70	POP_TOP(arg=None, lineno=1145)
          72	JUMP_FORWARD(arg=2, lineno=1145)
>         74	LOAD_CONST(arg=1, lineno=1146)
          76	STORE_FAST(arg=4, lineno=1146)
>         78	LOAD_FAST(arg=2, lineno=1148)
          80	POP_JUMP_IF_FALSE(arg=52, lineno=1148)
          82	LOAD_GLOBAL(arg=0, lineno=1149)
          84	LOAD_METHOD(arg=1, lineno=1149)
          86	LOAD_FAST(arg=3, lineno=1149)
          88	CALL_METHOD(arg=1, lineno=1149)
          90	LOAD_GLOBAL(arg=0, lineno=1149)
          92	LOAD_METHOD(arg=1, lineno=1149)
          94	LOAD_FAST(arg=4, lineno=1149)
          96	CALL_METHOD(arg=1, lineno=1149)
          98	COMPARE_OP(arg=3, lineno=1149)
         100	RETURN_VALUE(arg=None, lineno=1149)
>        102	LOAD_GLOBAL(arg=0, lineno=1151)
         104	LOAD_METHOD(arg=2, lineno=1151)
         106	LOAD_FAST(arg=3, lineno=1151)
         108	CALL_METHOD(arg=1, lineno=1151)
         110	LOAD_GLOBAL(arg=0, lineno=1151)
         112	LOAD_METHOD(arg=2, lineno=1151)
         114	LOAD_FAST(arg=4, lineno=1151)
         116	CALL_METHOD(arg=1, lineno=1151)
         118	COMPARE_OP(arg=3, lineno=1151)
         120	RETURN_VALUE(arg=None, lineno=1151)
2025-12-10 16:11:56,490 [DEBUG] - pending: deque([State(pc_initial=0 nstack_initial=0)])
2025-12-10 16:11:56,490 [DEBUG] - stack: []
2025-12-10 16:11:56,490 [DEBUG] - state.pc_initial: State(pc_initial=0 nstack_initial=0)
2025-12-10 16:11:56,490 [DEBUG] - dispatch pc=0, inst=NOP(arg=None, lineno=1137)
2025-12-10 16:11:56,490 [DEBUG] - stack []
2025-12-10 16:11:56,490 [DEBUG] - dispatch pc=2, inst=LOAD_FAST(arg=0, lineno=1140)
2025-12-10 16:11:56,490 [DEBUG] - stack []
2025-12-10 16:11:56,490 [DEBUG] - dispatch pc=4, inst=LOAD_CONST(arg=1, lineno=1140)
2025-12-10 16:11:56,490 [DEBUG] - stack ['$x2.0']
2025-12-10 16:11:56,490 [DEBUG] - dispatch pc=6, inst=BINARY_SUBSCR(arg=None, lineno=1140)
2025-12-10 16:11:56,490 [DEBUG] - stack ['$x2.0', '$const4.1.1']
2025-12-10 16:11:56,490 [DEBUG] - dispatch pc=8, inst=STORE_FAST(arg=3, lineno=1140)
2025-12-10 16:11:56,490 [DEBUG] - stack ['$6binary_subscr.2']
2025-12-10 16:11:56,490 [DEBUG] - dispatch pc=10, inst=LOAD_FAST(arg=1, lineno=1141)
2025-12-10 16:11:56,490 [DEBUG] - stack []
2025-12-10 16:11:56,490 [DEBUG] - dispatch pc=12, inst=UNARY_NEGATIVE(arg=None, lineno=1141)
2025-12-10 16:11:56,491 [DEBUG] - stack ['$threshold10.3']
2025-12-10 16:11:56,491 [DEBUG] - dispatch pc=14, inst=LOAD_FAST(arg=3, lineno=1141)
2025-12-10 16:11:56,491 [DEBUG] - stack ['$12unary_negative.4']
2025-12-10 16:11:56,491 [DEBUG] - dispatch pc=16, inst=DUP_TOP(arg=None, lineno=1141)
2025-12-10 16:11:56,491 [DEBUG] - stack ['$12unary_negative.4', '$x014.5']
2025-12-10 16:11:56,491 [DEBUG] - dispatch pc=18, inst=ROT_THREE(arg=None, lineno=1141)
2025-12-10 16:11:56,491 [DEBUG] - stack ['$12unary_negative.4', '$x014.5', '$16dup_top.6']
2025-12-10 16:11:56,491 [DEBUG] - dispatch pc=20, inst=COMPARE_OP(arg=1, lineno=1141)
2025-12-10 16:11:56,491 [DEBUG] - stack ['$16dup_top.6', '$12unary_negative.4', '$x014.5']
2025-12-10 16:11:56,491 [DEBUG] - dispatch pc=22, inst=POP_JUMP_IF_FALSE(arg=17, lineno=1141)
2025-12-10 16:11:56,491 [DEBUG] - stack ['$16dup_top.6', '$20compare_op.7']
2025-12-10 16:11:56,491 [DEBUG] - end state. edges=[Edge(pc=24, stack=('$16dup_top.6',), blockstack=(), npush=0), Edge(pc=32, stack=('$16dup_top.6',), blockstack=(), npush=0)]
2025-12-10 16:11:56,491 [DEBUG] - pending: deque([State(pc_initial=24 nstack_initial=1), State(pc_initial=32 nstack_initial=1)])
2025-12-10 16:11:56,491 [DEBUG] - stack: ['$phi24.0']
2025-12-10 16:11:56,491 [DEBUG] - state.pc_initial: State(pc_initial=24 nstack_initial=1)
2025-12-10 16:11:56,491 [DEBUG] - dispatch pc=24, inst=LOAD_FAST(arg=1, lineno=1141)
2025-12-10 16:11:56,491 [DEBUG] - stack ['$phi24.0']
2025-12-10 16:11:56,491 [DEBUG] - dispatch pc=26, inst=COMPARE_OP(arg=1, lineno=1141)
2025-12-10 16:11:56,491 [DEBUG] - stack ['$phi24.0', '$threshold24.1']
2025-12-10 16:11:56,491 [DEBUG] - dispatch pc=28, inst=POP_JUMP_IF_FALSE(arg=21, lineno=1141)
2025-12-10 16:11:56,491 [DEBUG] - stack ['$26compare_op.2']
2025-12-10 16:11:56,491 [DEBUG] - end state. edges=[Edge(pc=30, stack=(), blockstack=(), npush=0), Edge(pc=40, stack=(), blockstack=(), npush=0)]
2025-12-10 16:11:56,491 [DEBUG] - pending: deque([State(pc_initial=32 nstack_initial=1), State(pc_initial=30 nstack_initial=0), State(pc_initial=40 nstack_initial=0)])
2025-12-10 16:11:56,491 [DEBUG] - stack: ['$phi32.0']
2025-12-10 16:11:56,491 [DEBUG] - state.pc_initial: State(pc_initial=32 nstack_initial=1)
2025-12-10 16:11:56,491 [DEBUG] - dispatch pc=32, inst=POP_TOP(arg=None, lineno=1141)
2025-12-10 16:11:56,491 [DEBUG] - stack ['$phi32.0']
2025-12-10 16:11:56,491 [DEBUG] - dispatch pc=34, inst=JUMP_FORWARD(arg=2, lineno=1141)
2025-12-10 16:11:56,491 [DEBUG] - stack []
2025-12-10 16:11:56,491 [DEBUG] - end state. edges=[Edge(pc=40, stack=(), blockstack=(), npush=0)]
2025-12-10 16:11:56,491 [DEBUG] - pending: deque([State(pc_initial=30 nstack_initial=0), State(pc_initial=40 nstack_initial=0), State(pc_initial=40 nstack_initial=0)])
2025-12-10 16:11:56,491 [DEBUG] - stack: []
2025-12-10 16:11:56,491 [DEBUG] - state.pc_initial: State(pc_initial=30 nstack_initial=0)
2025-12-10 16:11:56,491 [DEBUG] - dispatch pc=30, inst=JUMP_FORWARD(arg=2, lineno=1141)
2025-12-10 16:11:56,491 [DEBUG] - stack []
2025-12-10 16:11:56,491 [DEBUG] - end state. edges=[Edge(pc=36, stack=(), blockstack=(), npush=0)]
2025-12-10 16:11:56,491 [DEBUG] - pending: deque([State(pc_initial=40 nstack_initial=0), State(pc_initial=40 nstack_initial=0), State(pc_initial=36 nstack_initial=0)])
2025-12-10 16:11:56,491 [DEBUG] - stack: []
2025-12-10 16:11:56,491 [DEBUG] - state.pc_initial: State(pc_initial=40 nstack_initial=0)
2025-12-10 16:11:56,491 [DEBUG] - dispatch pc=40, inst=LOAD_FAST(arg=0, lineno=1144)
2025-12-10 16:11:56,492 [DEBUG] - stack []
2025-12-10 16:11:56,492 [DEBUG] - dispatch pc=42, inst=LOAD_CONST(arg=2, lineno=1144)
2025-12-10 16:11:56,492 [DEBUG] - stack ['$x40.0']
2025-12-10 16:11:56,492 [DEBUG] - dispatch pc=44, inst=BINARY_SUBSCR(arg=None, lineno=1144)
2025-12-10 16:11:56,492 [DEBUG] - stack ['$x40.0', '$const42.1.2']
2025-12-10 16:11:56,492 [DEBUG] - dispatch pc=46, inst=STORE_FAST(arg=4, lineno=1144)
2025-12-10 16:11:56,492 [DEBUG] - stack ['$44binary_subscr.2']
2025-12-10 16:11:56,492 [DEBUG] - dispatch pc=48, inst=LOAD_FAST(arg=1, lineno=1145)
2025-12-10 16:11:56,492 [DEBUG] - stack []
2025-12-10 16:11:56,492 [DEBUG] - dispatch pc=50, inst=UNARY_NEGATIVE(arg=None, lineno=1145)
2025-12-10 16:11:56,492 [DEBUG] - stack ['$threshold48.3']
2025-12-10 16:11:56,492 [DEBUG] - dispatch pc=52, inst=LOAD_FAST(arg=4, lineno=1145)
2025-12-10 16:11:56,492 [DEBUG] - stack ['$50unary_negative.4']
2025-12-10 16:11:56,492 [DEBUG] - dispatch pc=54, inst=DUP_TOP(arg=None, lineno=1145)
2025-12-10 16:11:56,492 [DEBUG] - stack ['$50unary_negative.4', '$x152.5']
2025-12-10 16:11:56,492 [DEBUG] - dispatch pc=56, inst=ROT_THREE(arg=None, lineno=1145)
2025-12-10 16:11:56,492 [DEBUG] - stack ['$50unary_negative.4', '$x152.5', '$54dup_top.6']
2025-12-10 16:11:56,492 [DEBUG] - dispatch pc=58, inst=COMPARE_OP(arg=1, lineno=1145)
2025-12-10 16:11:56,492 [DEBUG] - stack ['$54dup_top.6', '$50unary_negative.4', '$x152.5']
2025-12-10 16:11:56,492 [DEBUG] - dispatch pc=60, inst=POP_JUMP_IF_FALSE(arg=36, lineno=1145)
2025-12-10 16:11:56,492 [DEBUG] - stack ['$54dup_top.6', '$58compare_op.7']
2025-12-10 16:11:56,492 [DEBUG] - end state. edges=[Edge(pc=62, stack=('$54dup_top.6',), blockstack=(), npush=0), Edge(pc=70, stack=('$54dup_top.6',), blockstack=(), npush=0)]
2025-12-10 16:11:56,492 [DEBUG] - pending: deque([State(pc_initial=40 nstack_initial=0), State(pc_initial=36 nstack_initial=0), State(pc_initial=62 nstack_initial=1), State(pc_initial=70 nstack_initial=1)])
2025-12-10 16:11:56,492 [DEBUG] - pending: deque([State(pc_initial=36 nstack_initial=0), State(pc_initial=62 nstack_initial=1), State(pc_initial=70 nstack_initial=1)])
2025-12-10 16:11:56,492 [DEBUG] - stack: []
2025-12-10 16:11:56,492 [DEBUG] - state.pc_initial: State(pc_initial=36 nstack_initial=0)
2025-12-10 16:11:56,492 [DEBUG] - dispatch pc=36, inst=LOAD_CONST(arg=1, lineno=1142)
2025-12-10 16:11:56,492 [DEBUG] - stack []
2025-12-10 16:11:56,492 [DEBUG] - dispatch pc=38, inst=STORE_FAST(arg=3, lineno=1142)
2025-12-10 16:11:56,492 [DEBUG] - stack ['$const36.0.1']
2025-12-10 16:11:56,492 [DEBUG] - end state. edges=[Edge(pc=40, stack=(), blockstack=(), npush=0)]
2025-12-10 16:11:56,492 [DEBUG] - pending: deque([State(pc_initial=62 nstack_initial=1), State(pc_initial=70 nstack_initial=1), State(pc_initial=40 nstack_initial=0)])
2025-12-10 16:11:56,492 [DEBUG] - stack: ['$phi62.0']
2025-12-10 16:11:56,492 [DEBUG] - state.pc_initial: State(pc_initial=62 nstack_initial=1)
2025-12-10 16:11:56,492 [DEBUG] - dispatch pc=62, inst=LOAD_FAST(arg=1, lineno=1145)
2025-12-10 16:11:56,492 [DEBUG] - stack ['$phi62.0']
2025-12-10 16:11:56,492 [DEBUG] - dispatch pc=64, inst=COMPARE_OP(arg=1, lineno=1145)
2025-12-10 16:11:56,492 [DEBUG] - stack ['$phi62.0', '$threshold62.1']
2025-12-10 16:11:56,492 [DEBUG] - dispatch pc=66, inst=POP_JUMP_IF_FALSE(arg=40, lineno=1145)
2025-12-10 16:11:56,492 [DEBUG] - stack ['$64compare_op.2']
2025-12-10 16:11:56,492 [DEBUG] - end state. edges=[Edge(pc=68, stack=(), blockstack=(), npush=0), Edge(pc=78, stack=(), blockstack=(), npush=0)]
2025-12-10 16:11:56,493 [DEBUG] - pending: deque([State(pc_initial=70 nstack_initial=1), State(pc_initial=40 nstack_initial=0), State(pc_initial=68 nstack_initial=0), State(pc_initial=78 nstack_initial=0)])
2025-12-10 16:11:56,493 [DEBUG] - stack: ['$phi70.0']
2025-12-10 16:11:56,493 [DEBUG] - state.pc_initial: State(pc_initial=70 nstack_initial=1)
2025-12-10 16:11:56,493 [DEBUG] - dispatch pc=70, inst=POP_TOP(arg=None, lineno=1145)
2025-12-10 16:11:56,493 [DEBUG] - stack ['$phi70.0']
2025-12-10 16:11:56,493 [DEBUG] - dispatch pc=72, inst=JUMP_FORWARD(arg=2, lineno=1145)
2025-12-10 16:11:56,493 [DEBUG] - stack []
2025-12-10 16:11:56,493 [DEBUG] - end state. edges=[Edge(pc=78, stack=(), blockstack=(), npush=0)]
2025-12-10 16:11:56,493 [DEBUG] - pending: deque([State(pc_initial=40 nstack_initial=0), State(pc_initial=68 nstack_initial=0), State(pc_initial=78 nstack_initial=0), State(pc_initial=78 nstack_initial=0)])
2025-12-10 16:11:56,493 [DEBUG] - pending: deque([State(pc_initial=68 nstack_initial=0), State(pc_initial=78 nstack_initial=0), State(pc_initial=78 nstack_initial=0)])
2025-12-10 16:11:56,493 [DEBUG] - stack: []
2025-12-10 16:11:56,493 [DEBUG] - state.pc_initial: State(pc_initial=68 nstack_initial=0)
2025-12-10 16:11:56,493 [DEBUG] - dispatch pc=68, inst=JUMP_FORWARD(arg=2, lineno=1145)
2025-12-10 16:11:56,493 [DEBUG] - stack []
2025-12-10 16:11:56,493 [DEBUG] - end state. edges=[Edge(pc=74, stack=(), blockstack=(), npush=0)]
2025-12-10 16:11:56,493 [DEBUG] - pending: deque([State(pc_initial=78 nstack_initial=0), State(pc_initial=78 nstack_initial=0), State(pc_initial=74 nstack_initial=0)])
2025-12-10 16:11:56,493 [DEBUG] - stack: []
2025-12-10 16:11:56,493 [DEBUG] - state.pc_initial: State(pc_initial=78 nstack_initial=0)
2025-12-10 16:11:56,493 [DEBUG] - dispatch pc=78, inst=LOAD_FAST(arg=2, lineno=1148)
2025-12-10 16:11:56,493 [DEBUG] - stack []
2025-12-10 16:11:56,493 [DEBUG] - dispatch pc=80, inst=POP_JUMP_IF_FALSE(arg=52, lineno=1148)
2025-12-10 16:11:56,493 [DEBUG] - stack ['$zero_pos78.0']
2025-12-10 16:11:56,493 [DEBUG] - end state. edges=[Edge(pc=82, stack=(), blockstack=(), npush=0), Edge(pc=102, stack=(), blockstack=(), npush=0)]
2025-12-10 16:11:56,493 [DEBUG] - pending: deque([State(pc_initial=78 nstack_initial=0), State(pc_initial=74 nstack_initial=0), State(pc_initial=82 nstack_initial=0), State(pc_initial=102 nstack_initial=0)])
2025-12-10 16:11:56,494 [DEBUG] - pending: deque([State(pc_initial=74 nstack_initial=0), State(pc_initial=82 nstack_initial=0), State(pc_initial=102 nstack_initial=0)])
2025-12-10 16:11:56,494 [DEBUG] - stack: []
2025-12-10 16:11:56,494 [DEBUG] - state.pc_initial: State(pc_initial=74 nstack_initial=0)
2025-12-10 16:11:56,494 [DEBUG] - dispatch pc=74, inst=LOAD_CONST(arg=1, lineno=1146)
2025-12-10 16:11:56,494 [DEBUG] - stack []
2025-12-10 16:11:56,494 [DEBUG] - dispatch pc=76, inst=STORE_FAST(arg=4, lineno=1146)
2025-12-10 16:11:56,494 [DEBUG] - stack ['$const74.0.1']
2025-12-10 16:11:56,494 [DEBUG] - end state. edges=[Edge(pc=78, stack=(), blockstack=(), npush=0)]
2025-12-10 16:11:56,494 [DEBUG] - pending: deque([State(pc_initial=82 nstack_initial=0), State(pc_initial=102 nstack_initial=0), State(pc_initial=78 nstack_initial=0)])
2025-12-10 16:11:56,494 [DEBUG] - stack: []
2025-12-10 16:11:56,494 [DEBUG] - state.pc_initial: State(pc_initial=82 nstack_initial=0)
2025-12-10 16:11:56,494 [DEBUG] - dispatch pc=82, inst=LOAD_GLOBAL(arg=0, lineno=1149)
2025-12-10 16:11:56,494 [DEBUG] - stack []
2025-12-10 16:11:56,494 [DEBUG] - dispatch pc=84, inst=LOAD_METHOD(arg=1, lineno=1149)
2025-12-10 16:11:56,494 [DEBUG] - stack ['$82load_global.0']
2025-12-10 16:11:56,494 [DEBUG] - dispatch pc=86, inst=LOAD_FAST(arg=3, lineno=1149)
2025-12-10 16:11:56,494 [DEBUG] - stack ['$84load_method.1']
2025-12-10 16:11:56,494 [DEBUG] - dispatch pc=88, inst=CALL_METHOD(arg=1, lineno=1149)
2025-12-10 16:11:56,494 [DEBUG] - stack ['$84load_method.1', '$x086.2']
2025-12-10 16:11:56,494 [DEBUG] - dispatch pc=90, inst=LOAD_GLOBAL(arg=0, lineno=1149)
2025-12-10 16:11:56,494 [DEBUG] - stack ['$88call_method.3']
2025-12-10 16:11:56,495 [DEBUG] - dispatch pc=92, inst=LOAD_METHOD(arg=1, lineno=1149)
2025-12-10 16:11:56,495 [DEBUG] - stack ['$88call_method.3', '$90load_global.4']
2025-12-10 16:11:56,495 [DEBUG] - dispatch pc=94, inst=LOAD_FAST(arg=4, lineno=1149)
2025-12-10 16:11:56,495 [DEBUG] - stack ['$88call_method.3', '$92load_method.5']
2025-12-10 16:11:56,495 [DEBUG] - dispatch pc=96, inst=CALL_METHOD(arg=1, lineno=1149)
2025-12-10 16:11:56,495 [DEBUG] - stack ['$88call_method.3', '$92load_method.5', '$x194.6']
2025-12-10 16:11:56,495 [DEBUG] - dispatch pc=98, inst=COMPARE_OP(arg=3, lineno=1149)
2025-12-10 16:11:56,495 [DEBUG] - stack ['$88call_method.3', '$96call_method.7']
2025-12-10 16:11:56,495 [DEBUG] - dispatch pc=100, inst=RETURN_VALUE(arg=None, lineno=1149)
2025-12-10 16:11:56,495 [DEBUG] - stack ['$98compare_op.8']
2025-12-10 16:11:56,495 [DEBUG] - end state. edges=[]
2025-12-10 16:11:56,495 [DEBUG] - pending: deque([State(pc_initial=102 nstack_initial=0), State(pc_initial=78 nstack_initial=0)])
2025-12-10 16:11:56,495 [DEBUG] - stack: []
2025-12-10 16:11:56,495 [DEBUG] - state.pc_initial: State(pc_initial=102 nstack_initial=0)
2025-12-10 16:11:56,495 [DEBUG] - dispatch pc=102, inst=LOAD_GLOBAL(arg=0, lineno=1151)
2025-12-10 16:11:56,495 [DEBUG] - stack []
2025-12-10 16:11:56,495 [DEBUG] - dispatch pc=104, inst=LOAD_METHOD(arg=2, lineno=1151)
2025-12-10 16:11:56,495 [DEBUG] - stack ['$102load_global.0']
2025-12-10 16:11:56,495 [DEBUG] - dispatch pc=106, inst=LOAD_FAST(arg=3, lineno=1151)
2025-12-10 16:11:56,495 [DEBUG] - stack ['$104load_method.1']
2025-12-10 16:11:56,495 [DEBUG] - dispatch pc=108, inst=CALL_METHOD(arg=1, lineno=1151)
2025-12-10 16:11:56,495 [DEBUG] - stack ['$104load_method.1', '$x0106.2']
2025-12-10 16:11:56,495 [DEBUG] - dispatch pc=110, inst=LOAD_GLOBAL(arg=0, lineno=1151)
2025-12-10 16:11:56,495 [DEBUG] - stack ['$108call_method.3']
2025-12-10 16:11:56,495 [DEBUG] - dispatch pc=112, inst=LOAD_METHOD(arg=2, lineno=1151)
2025-12-10 16:11:56,495 [DEBUG] - stack ['$108call_method.3', '$110load_global.4']
2025-12-10 16:11:56,495 [DEBUG] - dispatch pc=114, inst=LOAD_FAST(arg=4, lineno=1151)
2025-12-10 16:11:56,495 [DEBUG] - stack ['$108call_method.3', '$112load_method.5']
2025-12-10 16:11:56,495 [DEBUG] - dispatch pc=116, inst=CALL_METHOD(arg=1, lineno=1151)
2025-12-10 16:11:56,495 [DEBUG] - stack ['$108call_method.3', '$112load_method.5', '$x1114.6']
2025-12-10 16:11:56,495 [DEBUG] - dispatch pc=118, inst=COMPARE_OP(arg=3, lineno=1151)
2025-12-10 16:11:56,495 [DEBUG] - stack ['$108call_method.3', '$116call_method.7']
2025-12-10 16:11:56,495 [DEBUG] - dispatch pc=120, inst=RETURN_VALUE(arg=None, lineno=1151)
2025-12-10 16:11:56,495 [DEBUG] - stack ['$118compare_op.8']
2025-12-10 16:11:56,495 [DEBUG] - end state. edges=[]
2025-12-10 16:11:56,495 [DEBUG] - pending: deque([State(pc_initial=78 nstack_initial=0)])
2025-12-10 16:11:56,495 [DEBUG] - -------------------------Prune PHIs-------------------------
2025-12-10 16:11:56,495 [DEBUG] - Used_phis: defaultdict(<class 'set'>,
            {State(pc_initial=0 nstack_initial=0): set(),
             State(pc_initial=24 nstack_initial=1): {'$phi24.0'},
             State(pc_initial=30 nstack_initial=0): set(),
             State(pc_initial=32 nstack_initial=1): set(),
             State(pc_initial=36 nstack_initial=0): set(),
             State(pc_initial=40 nstack_initial=0): set(),
             State(pc_initial=62 nstack_initial=1): {'$phi62.0'},
             State(pc_initial=68 nstack_initial=0): set(),
             State(pc_initial=70 nstack_initial=1): set(),
             State(pc_initial=74 nstack_initial=0): set(),
             State(pc_initial=78 nstack_initial=0): set(),
             State(pc_initial=82 nstack_initial=0): set(),
             State(pc_initial=102 nstack_initial=0): set()})
2025-12-10 16:11:56,496 [DEBUG] - defmap: {'$phi24.0': State(pc_initial=0 nstack_initial=0),
 '$phi32.0': State(pc_initial=0 nstack_initial=0),
 '$phi62.0': State(pc_initial=40 nstack_initial=0),
 '$phi70.0': State(pc_initial=40 nstack_initial=0)}
2025-12-10 16:11:56,496 [DEBUG] - phismap: defaultdict(<class 'set'>,
            {'$phi24.0': {('$16dup_top.6',
                           State(pc_initial=0 nstack_initial=0))},
             '$phi32.0': {('$16dup_top.6',
                           State(pc_initial=0 nstack_initial=0))},
             '$phi62.0': {('$54dup_top.6',
                           State(pc_initial=40 nstack_initial=0))},
             '$phi70.0': {('$54dup_top.6',
                           State(pc_initial=40 nstack_initial=0))}})
2025-12-10 16:11:56,496 [DEBUG] - changing phismap: defaultdict(<class 'set'>,
            {'$phi24.0': {('$16dup_top.6',
                           State(pc_initial=0 nstack_initial=0))},
             '$phi32.0': {('$16dup_top.6',
                           State(pc_initial=0 nstack_initial=0))},
             '$phi62.0': {('$54dup_top.6',
                           State(pc_initial=40 nstack_initial=0))},
             '$phi70.0': {('$54dup_top.6',
                           State(pc_initial=40 nstack_initial=0))}})
2025-12-10 16:11:56,496 [DEBUG] - keep phismap: {'$phi24.0': {('$16dup_top.6', State(pc_initial=0 nstack_initial=0))},
 '$phi62.0': {('$54dup_top.6', State(pc_initial=40 nstack_initial=0))}}
2025-12-10 16:11:56,496 [DEBUG] - new_out: defaultdict(<class 'dict'>,
            {State(pc_initial=0 nstack_initial=0): {'$phi24.0': '$16dup_top.6'},
             State(pc_initial=40 nstack_initial=0): {'$phi62.0': '$54dup_top.6'}})
2025-12-10 16:11:56,496 [DEBUG] - ----------------------DONE Prune PHIs-----------------------
2025-12-10 16:11:56,496 [DEBUG] - block_infos State(pc_initial=0 nstack_initial=0):
AdaptBlockInfo(insts=((0, {}), (2, {'res': '$x2.0'}), (4, {'res': '$const4.1.1'}), (6, {'index': '$const4.1.1', 'target': '$x2.0', 'res': '$6binary_subscr.2'}), (8, {'value': '$6binary_subscr.2'}), (10, {'res': '$threshold10.3'}), (12, {'value': '$threshold10.3', 'res': '$12unary_negative.4'}), (14, {'res': '$x014.5'}), (16, {'orig': ['$x014.5'], 'duped': ['$16dup_top.6']}), (20, {'lhs': '$12unary_negative.4', 'rhs': '$x014.5', 'res': '$20compare_op.7'}), (22, {'pred': '$20compare_op.7'})), outgoing_phis={'$phi24.0': '$16dup_top.6'}, blockstack=(), active_try_block=None, outgoing_edgepushed={24: ('$16dup_top.6',), 32: ('$16dup_top.6',)})
2025-12-10 16:11:56,496 [DEBUG] - block_infos State(pc_initial=24 nstack_initial=1):
AdaptBlockInfo(insts=((24, {'res': '$threshold24.1'}), (26, {'lhs': '$phi24.0', 'rhs': '$threshold24.1', 'res': '$26compare_op.2'}), (28, {'pred': '$26compare_op.2'})), outgoing_phis={}, blockstack=(), active_try_block=None, outgoing_edgepushed={30: (), 40: ()})
2025-12-10 16:11:56,496 [DEBUG] - block_infos State(pc_initial=30 nstack_initial=0):
AdaptBlockInfo(insts=((30, {}),), outgoing_phis={}, blockstack=(), active_try_block=None, outgoing_edgepushed={36: ()})
2025-12-10 16:11:56,496 [DEBUG] - block_infos State(pc_initial=32 nstack_initial=1):
AdaptBlockInfo(insts=((34, {}),), outgoing_phis={}, blockstack=(), active_try_block=None, outgoing_edgepushed={40: ()})
2025-12-10 16:11:56,496 [DEBUG] - block_infos State(pc_initial=36 nstack_initial=0):
AdaptBlockInfo(insts=((36, {'res': '$const36.0.1'}), (38, {'value': '$const36.0.1'})), outgoing_phis={}, blockstack=(), active_try_block=None, outgoing_edgepushed={40: ()})
2025-12-10 16:11:56,496 [DEBUG] - block_infos State(pc_initial=40 nstack_initial=0):
AdaptBlockInfo(insts=((40, {'res': '$x40.0'}), (42, {'res': '$const42.1.2'}), (44, {'index': '$const42.1.2', 'target': '$x40.0', 'res': '$44binary_subscr.2'}), (46, {'value': '$44binary_subscr.2'}), (48, {'res': '$threshold48.3'}), (50, {'value': '$threshold48.3', 'res': '$50unary_negative.4'}), (52, {'res': '$x152.5'}), (54, {'orig': ['$x152.5'], 'duped': ['$54dup_top.6']}), (58, {'lhs': '$50unary_negative.4', 'rhs': '$x152.5', 'res': '$58compare_op.7'}), (60, {'pred': '$58compare_op.7'})), outgoing_phis={'$phi62.0': '$54dup_top.6'}, blockstack=(), active_try_block=None, outgoing_edgepushed={62: ('$54dup_top.6',), 70: ('$54dup_top.6',)})
2025-12-10 16:11:56,496 [DEBUG] - block_infos State(pc_initial=62 nstack_initial=1):
AdaptBlockInfo(insts=((62, {'res': '$threshold62.1'}), (64, {'lhs': '$phi62.0', 'rhs': '$threshold62.1', 'res': '$64compare_op.2'}), (66, {'pred': '$64compare_op.2'})), outgoing_phis={}, blockstack=(), active_try_block=None, outgoing_edgepushed={68: (), 78: ()})
2025-12-10 16:11:56,496 [DEBUG] - block_infos State(pc_initial=68 nstack_initial=0):
AdaptBlockInfo(insts=((68, {}),), outgoing_phis={}, blockstack=(), active_try_block=None, outgoing_edgepushed={74: ()})
2025-12-10 16:11:56,496 [DEBUG] - block_infos State(pc_initial=70 nstack_initial=1):
AdaptBlockInfo(insts=((72, {}),), outgoing_phis={}, blockstack=(), active_try_block=None, outgoing_edgepushed={78: ()})
2025-12-10 16:11:56,496 [DEBUG] - block_infos State(pc_initial=74 nstack_initial=0):
AdaptBlockInfo(insts=((74, {'res': '$const74.0.1'}), (76, {'value': '$const74.0.1'})), outgoing_phis={}, blockstack=(), active_try_block=None, outgoing_edgepushed={78: ()})
2025-12-10 16:11:56,496 [DEBUG] - block_infos State(pc_initial=78 nstack_initial=0):
AdaptBlockInfo(insts=((78, {'res': '$zero_pos78.0'}), (80, {'pred': '$zero_pos78.0'})), outgoing_phis={}, blockstack=(), active_try_block=None, outgoing_edgepushed={82: (), 102: ()})
2025-12-10 16:11:56,497 [DEBUG] - block_infos State(pc_initial=82 nstack_initial=0):
AdaptBlockInfo(insts=((82, {'res': '$82load_global.0'}), (84, {'item': '$82load_global.0', 'res': '$84load_method.1'}), (86, {'res': '$x086.2'}), (88, {'func': '$84load_method.1', 'args': ['$x086.2'], 'res': '$88call_method.3'}), (90, {'res': '$90load_global.4'}), (92, {'item': '$90load_global.4', 'res': '$92load_method.5'}), (94, {'res': '$x194.6'}), (96, {'func': '$92load_method.5', 'args': ['$x194.6'], 'res': '$96call_method.7'}), (98, {'lhs': '$88call_method.3', 'rhs': '$96call_method.7', 'res': '$98compare_op.8'}), (100, {'retval': '$98compare_op.8', 'castval': '$100return_value.9'})), outgoing_phis={}, blockstack=(), active_try_block=None, outgoing_edgepushed={})
2025-12-10 16:11:56,497 [DEBUG] - block_infos State(pc_initial=102 nstack_initial=0):
AdaptBlockInfo(insts=((102, {'res': '$102load_global.0'}), (104, {'item': '$102load_global.0', 'res': '$104load_method.1'}), (106, {'res': '$x0106.2'}), (108, {'func': '$104load_method.1', 'args': ['$x0106.2'], 'res': '$108call_method.3'}), (110, {'res': '$110load_global.4'}), (112, {'item': '$110load_global.4', 'res': '$112load_method.5'}), (114, {'res': '$x1114.6'}), (116, {'func': '$112load_method.5', 'args': ['$x1114.6'], 'res': '$116call_method.7'}), (118, {'lhs': '$108call_method.3', 'rhs': '$116call_method.7', 'res': '$118compare_op.8'}), (120, {'retval': '$118compare_op.8', 'castval': '$120return_value.9'})), outgoing_phis={}, blockstack=(), active_try_block=None, outgoing_edgepushed={})
2025-12-10 16:11:56,497 [DEBUG] - label 0:
    x = arg(0, name=x)                       ['x']
    threshold = arg(1, name=threshold)       ['threshold']
    zero_pos = arg(2, name=zero_pos)         ['zero_pos']
    $const4.1.1 = const(int, 0)              ['$const4.1.1']
    x0 = getitem(value=x, index=$const4.1.1, fn=<built-in function getitem>) ['$const4.1.1', 'x', 'x0']
    $12unary_negative.4 = unary(fn=<built-in function neg>, value=threshold) ['$12unary_negative.4', 'threshold']
    $20compare_op.7 = $12unary_negative.4 <= x0 ['$12unary_negative.4', '$20compare_op.7', 'x0']
    $bool22 = global(bool: <class 'bool'>)   ['$bool22']
    $22pred = call $bool22($20compare_op.7, func=$bool22, args=(Var($20compare_op.7, audio.py:1141),), kws=(), vararg=None, varkwarg=None, target=None) ['$20compare_op.7', '$22pred', '$bool22']
    $phi24.0 = x0                            ['$phi24.0', 'x0']
    branch $22pred, 24, 32                   ['$22pred']
label 24:
    $26compare_op.2 = $phi24.0 <= threshold  ['$26compare_op.2', '$phi24.0', 'threshold']
    $bool28 = global(bool: <class 'bool'>)   ['$bool28']
    $28pred = call $bool28($26compare_op.2, func=$bool28, args=(Var($26compare_op.2, audio.py:1141),), kws=(), vararg=None, varkwarg=None, target=None) ['$26compare_op.2', '$28pred', '$bool28']
    branch $28pred, 30, 40                   ['$28pred']
label 30:
    jump 36                                  []
label 32:
    jump 40                                  []
label 36:
    x0 = const(int, 0)                       ['x0']
    jump 40                                  []
label 40:
    $const42.1.2 = const(int, -1)            ['$const42.1.2']
    x1 = getitem(value=x, index=$const42.1.2, fn=<built-in function getitem>) ['$const42.1.2', 'x', 'x1']
    $50unary_negative.4 = unary(fn=<built-in function neg>, value=threshold) ['$50unary_negative.4', 'threshold']
    $58compare_op.7 = $50unary_negative.4 <= x1 ['$50unary_negative.4', '$58compare_op.7', 'x1']
    $bool60 = global(bool: <class 'bool'>)   ['$bool60']
    $60pred = call $bool60($58compare_op.7, func=$bool60, args=(Var($58compare_op.7, audio.py:1145),), kws=(), vararg=None, varkwarg=None, target=None) ['$58compare_op.7', '$60pred', '$bool60']
    $phi62.0 = x1                            ['$phi62.0', 'x1']
    branch $60pred, 62, 70                   ['$60pred']
label 62:
    $64compare_op.2 = $phi62.0 <= threshold  ['$64compare_op.2', '$phi62.0', 'threshold']
    $bool66 = global(bool: <class 'bool'>)   ['$bool66']
    $66pred = call $bool66($64compare_op.2, func=$bool66, args=(Var($64compare_op.2, audio.py:1145),), kws=(), vararg=None, varkwarg=None, target=None) ['$64compare_op.2', '$66pred', '$bool66']
    branch $66pred, 68, 78                   ['$66pred']
label 68:
    jump 74                                  []
label 70:
    jump 78                                  []
label 74:
    x1 = const(int, 0)                       ['x1']
    jump 78                                  []
label 78:
    $bool80 = global(bool: <class 'bool'>)   ['$bool80']
    $80pred = call $bool80(zero_pos, func=$bool80, args=(Var(zero_pos, audio.py:1137),), kws=(), vararg=None, varkwarg=None, target=None) ['$80pred', '$bool80', 'zero_pos']
    branch $80pred, 82, 102                  ['$80pred']
label 82:
    $82load_global.0 = global(np: <module 'numpy' from '/home/ken/YAVOS/venv_yavos/lib/python3.10/site-packages/numpy/__init__.py'>) ['$82load_global.0']
    $84load_method.1 = getattr(value=$82load_global.0, attr=signbit) ['$82load_global.0', '$84load_method.1']
    $88call_method.3 = call $84load_method.1(x0, func=$84load_method.1, args=[Var(x0, audio.py:1140)], kws=(), vararg=None, varkwarg=None, target=None) ['$84load_method.1', '$88call_method.3', 'x0']
    $90load_global.4 = global(np: <module 'numpy' from '/home/ken/YAVOS/venv_yavos/lib/python3.10/site-packages/numpy/__init__.py'>) ['$90load_global.4']
    $92load_method.5 = getattr(value=$90load_global.4, attr=signbit) ['$90load_global.4', '$92load_method.5']
    $96call_method.7 = call $92load_method.5(x1, func=$92load_method.5, args=[Var(x1, audio.py:1144)], kws=(), vararg=None, varkwarg=None, target=None) ['$92load_method.5', '$96call_method.7', 'x1']
    $98compare_op.8 = $88call_method.3 != $96call_method.7 ['$88call_method.3', '$96call_method.7', '$98compare_op.8']
    $100return_value.9 = cast(value=$98compare_op.8) ['$100return_value.9', '$98compare_op.8']
    return $100return_value.9                ['$100return_value.9']
label 102:
    $102load_global.0 = global(np: <module 'numpy' from '/home/ken/YAVOS/venv_yavos/lib/python3.10/site-packages/numpy/__init__.py'>) ['$102load_global.0']
    $104load_method.1 = getattr(value=$102load_global.0, attr=sign) ['$102load_global.0', '$104load_method.1']
    $108call_method.3 = call $104load_method.1(x0, func=$104load_method.1, args=[Var(x0, audio.py:1140)], kws=(), vararg=None, varkwarg=None, target=None) ['$104load_method.1', '$108call_method.3', 'x0']
    $110load_global.4 = global(np: <module 'numpy' from '/home/ken/YAVOS/venv_yavos/lib/python3.10/site-packages/numpy/__init__.py'>) ['$110load_global.4']
    $112load_method.5 = getattr(value=$110load_global.4, attr=sign) ['$110load_global.4', '$112load_method.5']
    $116call_method.7 = call $112load_method.5(x1, func=$112load_method.5, args=[Var(x1, audio.py:1144)], kws=(), vararg=None, varkwarg=None, target=None) ['$112load_method.5', '$116call_method.7', 'x1']
    $118compare_op.8 = $108call_method.3 != $116call_method.7 ['$108call_method.3', '$116call_method.7', '$118compare_op.8']
    $120return_value.9 = cast(value=$118compare_op.8) ['$118compare_op.8', '$120return_value.9']
    return $120return_value.9                ['$120return_value.9']

2025-12-10 16:11:56,702 [DEBUG] - bytecode dump:
>          0	NOP(arg=None, lineno=1023)
           2	LOAD_FAST(arg=0, lineno=1026)
           4	LOAD_CONST(arg=1, lineno=1026)
           6	BINARY_SUBSCR(arg=None, lineno=1026)
           8	LOAD_FAST(arg=0, lineno=1026)
          10	LOAD_CONST(arg=2, lineno=1026)
          12	BINARY_SUBSCR(arg=None, lineno=1026)
          14	COMPARE_OP(arg=4, lineno=1026)
          16	LOAD_FAST(arg=0, lineno=1026)
          18	LOAD_CONST(arg=1, lineno=1026)
          20	BINARY_SUBSCR(arg=None, lineno=1026)
          22	LOAD_FAST(arg=0, lineno=1026)
          24	LOAD_CONST(arg=3, lineno=1026)
          26	BINARY_SUBSCR(arg=None, lineno=1026)
          28	COMPARE_OP(arg=5, lineno=1026)
          30	BINARY_AND(arg=None, lineno=1026)
          32	RETURN_VALUE(arg=None, lineno=1026)
2025-12-10 16:11:56,702 [DEBUG] - pending: deque([State(pc_initial=0 nstack_initial=0)])
2025-12-10 16:11:56,702 [DEBUG] - stack: []
2025-12-10 16:11:56,702 [DEBUG] - state.pc_initial: State(pc_initial=0 nstack_initial=0)
2025-12-10 16:11:56,702 [DEBUG] - dispatch pc=0, inst=NOP(arg=None, lineno=1023)
2025-12-10 16:11:56,702 [DEBUG] - stack []
2025-12-10 16:11:56,702 [DEBUG] - dispatch pc=2, inst=LOAD_FAST(arg=0, lineno=1026)
2025-12-10 16:11:56,702 [DEBUG] - stack []
2025-12-10 16:11:56,702 [DEBUG] - dispatch pc=4, inst=LOAD_CONST(arg=1, lineno=1026)
2025-12-10 16:11:56,702 [DEBUG] - stack ['$x2.0']
2025-12-10 16:11:56,702 [DEBUG] - dispatch pc=6, inst=BINARY_SUBSCR(arg=None, lineno=1026)
2025-12-10 16:11:56,702 [DEBUG] - stack ['$x2.0', '$const4.1.1']
2025-12-10 16:11:56,702 [DEBUG] - dispatch pc=8, inst=LOAD_FAST(arg=0, lineno=1026)
2025-12-10 16:11:56,702 [DEBUG] - stack ['$6binary_subscr.2']
2025-12-10 16:11:56,702 [DEBUG] - dispatch pc=10, inst=LOAD_CONST(arg=2, lineno=1026)
2025-12-10 16:11:56,702 [DEBUG] - stack ['$6binary_subscr.2', '$x8.3']
2025-12-10 16:11:56,702 [DEBUG] - dispatch pc=12, inst=BINARY_SUBSCR(arg=None, lineno=1026)
2025-12-10 16:11:56,702 [DEBUG] - stack ['$6binary_subscr.2', '$x8.3', '$const10.4.2']
2025-12-10 16:11:56,702 [DEBUG] - dispatch pc=14, inst=COMPARE_OP(arg=4, lineno=1026)
2025-12-10 16:11:56,702 [DEBUG] - stack ['$6binary_subscr.2', '$12binary_subscr.5']
2025-12-10 16:11:56,702 [DEBUG] - dispatch pc=16, inst=LOAD_FAST(arg=0, lineno=1026)
2025-12-10 16:11:56,702 [DEBUG] - stack ['$14compare_op.6']
2025-12-10 16:11:56,702 [DEBUG] - dispatch pc=18, inst=LOAD_CONST(arg=1, lineno=1026)
2025-12-10 16:11:56,702 [DEBUG] - stack ['$14compare_op.6', '$x16.7']
2025-12-10 16:11:56,702 [DEBUG] - dispatch pc=20, inst=BINARY_SUBSCR(arg=None, lineno=1026)
2025-12-10 16:11:56,702 [DEBUG] - stack ['$14compare_op.6', '$x16.7', '$const18.8.1']
2025-12-10 16:11:56,702 [DEBUG] - dispatch pc=22, inst=LOAD_FAST(arg=0, lineno=1026)
2025-12-10 16:11:56,702 [DEBUG] - stack ['$14compare_op.6', '$20binary_subscr.9']
2025-12-10 16:11:56,702 [DEBUG] - dispatch pc=24, inst=LOAD_CONST(arg=3, lineno=1026)
2025-12-10 16:11:56,702 [DEBUG] - stack ['$14compare_op.6', '$20binary_subscr.9', '$x22.10']
2025-12-10 16:11:56,702 [DEBUG] - dispatch pc=26, inst=BINARY_SUBSCR(arg=None, lineno=1026)
2025-12-10 16:11:56,702 [DEBUG] - stack ['$14compare_op.6', '$20binary_subscr.9', '$x22.10', '$const24.11.3']
2025-12-10 16:11:56,702 [DEBUG] - dispatch pc=28, inst=COMPARE_OP(arg=5, lineno=1026)
2025-12-10 16:11:56,703 [DEBUG] - stack ['$14compare_op.6', '$20binary_subscr.9', '$26binary_subscr.12']
2025-12-10 16:11:56,703 [DEBUG] - dispatch pc=30, inst=BINARY_AND(arg=None, lineno=1026)
2025-12-10 16:11:56,703 [DEBUG] - stack ['$14compare_op.6', '$28compare_op.13']
2025-12-10 16:11:56,703 [DEBUG] - dispatch pc=32, inst=RETURN_VALUE(arg=None, lineno=1026)
2025-12-10 16:11:56,703 [DEBUG] - stack ['$30binary_and.14']
2025-12-10 16:11:56,703 [DEBUG] - end state. edges=[]
2025-12-10 16:11:56,703 [DEBUG] - -------------------------Prune PHIs-------------------------
2025-12-10 16:11:56,703 [DEBUG] - Used_phis: defaultdict(<class 'set'>, {State(pc_initial=0 nstack_initial=0): set()})
2025-12-10 16:11:56,703 [DEBUG] - defmap: {}
2025-12-10 16:11:56,703 [DEBUG] - phismap: defaultdict(<class 'set'>, {})
2025-12-10 16:11:56,703 [DEBUG] - changing phismap: defaultdict(<class 'set'>, {})
2025-12-10 16:11:56,703 [DEBUG] - keep phismap: {}
2025-12-10 16:11:56,703 [DEBUG] - new_out: defaultdict(<class 'dict'>, {})
2025-12-10 16:11:56,703 [DEBUG] - ----------------------DONE Prune PHIs-----------------------
2025-12-10 16:11:56,703 [DEBUG] - block_infos State(pc_initial=0 nstack_initial=0):
AdaptBlockInfo(insts=((0, {}), (2, {'res': '$x2.0'}), (4, {'res': '$const4.1.1'}), (6, {'index': '$const4.1.1', 'target': '$x2.0', 'res': '$6binary_subscr.2'}), (8, {'res': '$x8.3'}), (10, {'res': '$const10.4.2'}), (12, {'index': '$const10.4.2', 'target': '$x8.3', 'res': '$12binary_subscr.5'}), (14, {'lhs': '$6binary_subscr.2', 'rhs': '$12binary_subscr.5', 'res': '$14compare_op.6'}), (16, {'res': '$x16.7'}), (18, {'res': '$const18.8.1'}), (20, {'index': '$const18.8.1', 'target': '$x16.7', 'res': '$20binary_subscr.9'}), (22, {'res': '$x22.10'}), (24, {'res': '$const24.11.3'}), (26, {'index': '$const24.11.3', 'target': '$x22.10', 'res': '$26binary_subscr.12'}), (28, {'lhs': '$20binary_subscr.9', 'rhs': '$26binary_subscr.12', 'res': '$28compare_op.13'}), (30, {'lhs': '$14compare_op.6', 'rhs': '$28compare_op.13', 'res': '$30binary_and.14'}), (32, {'retval': '$30binary_and.14', 'castval': '$32return_value.15'})), outgoing_phis={}, blockstack=(), active_try_block=None, outgoing_edgepushed={})
2025-12-10 16:11:56,703 [DEBUG] - label 0:
    x = arg(0, name=x)                       ['x']
    $const4.1.1 = const(int, 0)              ['$const4.1.1']
    $6binary_subscr.2 = getitem(value=x, index=$const4.1.1, fn=<built-in function getitem>) ['$6binary_subscr.2', '$const4.1.1', 'x']
    $const10.4.2 = const(int, -1)            ['$const10.4.2']
    $12binary_subscr.5 = getitem(value=x, index=$const10.4.2, fn=<built-in function getitem>) ['$12binary_subscr.5', '$const10.4.2', 'x']
    $14compare_op.6 = $6binary_subscr.2 > $12binary_subscr.5 ['$12binary_subscr.5', '$14compare_op.6', '$6binary_subscr.2']
    $const18.8.1 = const(int, 0)             ['$const18.8.1']
    $20binary_subscr.9 = getitem(value=x, index=$const18.8.1, fn=<built-in function getitem>) ['$20binary_subscr.9', '$const18.8.1', 'x']
    $const24.11.3 = const(int, 1)            ['$const24.11.3']
    $26binary_subscr.12 = getitem(value=x, index=$const24.11.3, fn=<built-in function getitem>) ['$26binary_subscr.12', '$const24.11.3', 'x']
    $28compare_op.13 = $20binary_subscr.9 >= $26binary_subscr.12 ['$20binary_subscr.9', '$26binary_subscr.12', '$28compare_op.13']
    $30binary_and.14 = $14compare_op.6 & $28compare_op.13 ['$14compare_op.6', '$28compare_op.13', '$30binary_and.14']
    $32return_value.15 = cast(value=$30binary_and.14) ['$30binary_and.14', '$32return_value.15']
    return $32return_value.15                ['$32return_value.15']

2025-12-10 16:11:56,704 [DEBUG] - bytecode dump:
>          0	NOP(arg=None, lineno=1029)
           2	LOAD_FAST(arg=0, lineno=1032)
           4	LOAD_CONST(arg=1, lineno=1032)
           6	BINARY_SUBSCR(arg=None, lineno=1032)
           8	LOAD_FAST(arg=0, lineno=1032)
          10	LOAD_CONST(arg=2, lineno=1032)
          12	BINARY_SUBSCR(arg=None, lineno=1032)
          14	COMPARE_OP(arg=0, lineno=1032)
          16	LOAD_FAST(arg=0, lineno=1032)
          18	LOAD_CONST(arg=1, lineno=1032)
          20	BINARY_SUBSCR(arg=None, lineno=1032)
          22	LOAD_FAST(arg=0, lineno=1032)
          24	LOAD_CONST(arg=3, lineno=1032)
          26	BINARY_SUBSCR(arg=None, lineno=1032)
          28	COMPARE_OP(arg=1, lineno=1032)
          30	BINARY_AND(arg=None, lineno=1032)
          32	RETURN_VALUE(arg=None, lineno=1032)
2025-12-10 16:11:56,704 [DEBUG] - pending: deque([State(pc_initial=0 nstack_initial=0)])
2025-12-10 16:11:56,704 [DEBUG] - stack: []
2025-12-10 16:11:56,704 [DEBUG] - state.pc_initial: State(pc_initial=0 nstack_initial=0)
2025-12-10 16:11:56,704 [DEBUG] - dispatch pc=0, inst=NOP(arg=None, lineno=1029)
2025-12-10 16:11:56,704 [DEBUG] - stack []
2025-12-10 16:11:56,704 [DEBUG] - dispatch pc=2, inst=LOAD_FAST(arg=0, lineno=1032)
2025-12-10 16:11:56,704 [DEBUG] - stack []
2025-12-10 16:11:56,704 [DEBUG] - dispatch pc=4, inst=LOAD_CONST(arg=1, lineno=1032)
2025-12-10 16:11:56,704 [DEBUG] - stack ['$x2.0']
2025-12-10 16:11:56,704 [DEBUG] - dispatch pc=6, inst=BINARY_SUBSCR(arg=None, lineno=1032)
2025-12-10 16:11:56,704 [DEBUG] - stack ['$x2.0', '$const4.1.1']
2025-12-10 16:11:56,704 [DEBUG] - dispatch pc=8, inst=LOAD_FAST(arg=0, lineno=1032)
2025-12-10 16:11:56,704 [DEBUG] - stack ['$6binary_subscr.2']
2025-12-10 16:11:56,704 [DEBUG] - dispatch pc=10, inst=LOAD_CONST(arg=2, lineno=1032)
2025-12-10 16:11:56,704 [DEBUG] - stack ['$6binary_subscr.2', '$x8.3']
2025-12-10 16:11:56,704 [DEBUG] - dispatch pc=12, inst=BINARY_SUBSCR(arg=None, lineno=1032)
2025-12-10 16:11:56,704 [DEBUG] - stack ['$6binary_subscr.2', '$x8.3', '$const10.4.2']
2025-12-10 16:11:56,704 [DEBUG] - dispatch pc=14, inst=COMPARE_OP(arg=0, lineno=1032)
2025-12-10 16:11:56,704 [DEBUG] - stack ['$6binary_subscr.2', '$12binary_subscr.5']
2025-12-10 16:11:56,704 [DEBUG] - dispatch pc=16, inst=LOAD_FAST(arg=0, lineno=1032)
2025-12-10 16:11:56,704 [DEBUG] - stack ['$14compare_op.6']
2025-12-10 16:11:56,704 [DEBUG] - dispatch pc=18, inst=LOAD_CONST(arg=1, lineno=1032)
2025-12-10 16:11:56,705 [DEBUG] - stack ['$14compare_op.6', '$x16.7']
2025-12-10 16:11:56,705 [DEBUG] - dispatch pc=20, inst=BINARY_SUBSCR(arg=None, lineno=1032)
2025-12-10 16:11:56,705 [DEBUG] - stack ['$14compare_op.6', '$x16.7', '$const18.8.1']
2025-12-10 16:11:56,705 [DEBUG] - dispatch pc=22, inst=LOAD_FAST(arg=0, lineno=1032)
2025-12-10 16:11:56,705 [DEBUG] - stack ['$14compare_op.6', '$20binary_subscr.9']
2025-12-10 16:11:56,705 [DEBUG] - dispatch pc=24, inst=LOAD_CONST(arg=3, lineno=1032)
2025-12-10 16:11:56,705 [DEBUG] - stack ['$14compare_op.6', '$20binary_subscr.9', '$x22.10']
2025-12-10 16:11:56,705 [DEBUG] - dispatch pc=26, inst=BINARY_SUBSCR(arg=None, lineno=1032)
2025-12-10 16:11:56,705 [DEBUG] - stack ['$14compare_op.6', '$20binary_subscr.9', '$x22.10', '$const24.11.3']
2025-12-10 16:11:56,705 [DEBUG] - dispatch pc=28, inst=COMPARE_OP(arg=1, lineno=1032)
2025-12-10 16:11:56,705 [DEBUG] - stack ['$14compare_op.6', '$20binary_subscr.9', '$26binary_subscr.12']
2025-12-10 16:11:56,705 [DEBUG] - dispatch pc=30, inst=BINARY_AND(arg=None, lineno=1032)
2025-12-10 16:11:56,705 [DEBUG] - stack ['$14compare_op.6', '$28compare_op.13']
2025-12-10 16:11:56,705 [DEBUG] - dispatch pc=32, inst=RETURN_VALUE(arg=None, lineno=1032)
2025-12-10 16:11:56,705 [DEBUG] - stack ['$30binary_and.14']
2025-12-10 16:11:56,705 [DEBUG] - end state. edges=[]
2025-12-10 16:11:56,705 [DEBUG] - -------------------------Prune PHIs-------------------------
2025-12-10 16:11:56,705 [DEBUG] - Used_phis: defaultdict(<class 'set'>, {State(pc_initial=0 nstack_initial=0): set()})
2025-12-10 16:11:56,705 [DEBUG] - defmap: {}
2025-12-10 16:11:56,705 [DEBUG] - phismap: defaultdict(<class 'set'>, {})
2025-12-10 16:11:56,705 [DEBUG] - changing phismap: defaultdict(<class 'set'>, {})
2025-12-10 16:11:56,705 [DEBUG] - keep phismap: {}
2025-12-10 16:11:56,705 [DEBUG] - new_out: defaultdict(<class 'dict'>, {})
2025-12-10 16:11:56,705 [DEBUG] - ----------------------DONE Prune PHIs-----------------------
2025-12-10 16:11:56,705 [DEBUG] - block_infos State(pc_initial=0 nstack_initial=0):
AdaptBlockInfo(insts=((0, {}), (2, {'res': '$x2.0'}), (4, {'res': '$const4.1.1'}), (6, {'index': '$const4.1.1', 'target': '$x2.0', 'res': '$6binary_subscr.2'}), (8, {'res': '$x8.3'}), (10, {'res': '$const10.4.2'}), (12, {'index': '$const10.4.2', 'target': '$x8.3', 'res': '$12binary_subscr.5'}), (14, {'lhs': '$6binary_subscr.2', 'rhs': '$12binary_subscr.5', 'res': '$14compare_op.6'}), (16, {'res': '$x16.7'}), (18, {'res': '$const18.8.1'}), (20, {'index': '$const18.8.1', 'target': '$x16.7', 'res': '$20binary_subscr.9'}), (22, {'res': '$x22.10'}), (24, {'res': '$const24.11.3'}), (26, {'index': '$const24.11.3', 'target': '$x22.10', 'res': '$26binary_subscr.12'}), (28, {'lhs': '$20binary_subscr.9', 'rhs': '$26binary_subscr.12', 'res': '$28compare_op.13'}), (30, {'lhs': '$14compare_op.6', 'rhs': '$28compare_op.13', 'res': '$30binary_and.14'}), (32, {'retval': '$30binary_and.14', 'castval': '$32return_value.15'})), outgoing_phis={}, blockstack=(), active_try_block=None, outgoing_edgepushed={})
2025-12-10 16:11:56,705 [DEBUG] - label 0:
    x = arg(0, name=x)                       ['x']
    $const4.1.1 = const(int, 0)              ['$const4.1.1']
    $6binary_subscr.2 = getitem(value=x, index=$const4.1.1, fn=<built-in function getitem>) ['$6binary_subscr.2', '$const4.1.1', 'x']
    $const10.4.2 = const(int, -1)            ['$const10.4.2']
    $12binary_subscr.5 = getitem(value=x, index=$const10.4.2, fn=<built-in function getitem>) ['$12binary_subscr.5', '$const10.4.2', 'x']
    $14compare_op.6 = $6binary_subscr.2 < $12binary_subscr.5 ['$12binary_subscr.5', '$14compare_op.6', '$6binary_subscr.2']
    $const18.8.1 = const(int, 0)             ['$const18.8.1']
    $20binary_subscr.9 = getitem(value=x, index=$const18.8.1, fn=<built-in function getitem>) ['$20binary_subscr.9', '$const18.8.1', 'x']
    $const24.11.3 = const(int, 1)            ['$const24.11.3']
    $26binary_subscr.12 = getitem(value=x, index=$const24.11.3, fn=<built-in function getitem>) ['$26binary_subscr.12', '$const24.11.3', 'x']
    $28compare_op.13 = $20binary_subscr.9 <= $26binary_subscr.12 ['$20binary_subscr.9', '$26binary_subscr.12', '$28compare_op.13']
    $30binary_and.14 = $14compare_op.6 & $28compare_op.13 ['$14compare_op.6', '$28compare_op.13', '$30binary_and.14']
    $32return_value.15 = cast(value=$30binary_and.14) ['$30binary_and.14', '$32return_value.15']
    return $32return_value.15                ['$32return_value.15']

2025-12-10 16:11:56,953 [DEBUG] - bytecode dump:
>          0	NOP(arg=None, lineno=416)
           2	LOAD_FAST(arg=0, lineno=419)
           4	LOAD_CONST(arg=1, lineno=419)
           6	BINARY_SUBSCR(arg=None, lineno=419)
           8	LOAD_FAST(arg=0, lineno=419)
          10	LOAD_CONST(arg=2, lineno=419)
          12	BINARY_SUBSCR(arg=None, lineno=419)
          14	BINARY_ADD(arg=None, lineno=419)
          16	LOAD_CONST(arg=3, lineno=419)
          18	LOAD_FAST(arg=0, lineno=419)
          20	LOAD_CONST(arg=4, lineno=419)
          22	BINARY_SUBSCR(arg=None, lineno=419)
          24	BINARY_MULTIPLY(arg=None, lineno=419)
          26	BINARY_SUBTRACT(arg=None, lineno=419)
          28	STORE_FAST(arg=1, lineno=419)
          30	LOAD_FAST(arg=0, lineno=420)
          32	LOAD_CONST(arg=1, lineno=420)
          34	BINARY_SUBSCR(arg=None, lineno=420)
          36	LOAD_FAST(arg=0, lineno=420)
          38	LOAD_CONST(arg=2, lineno=420)
          40	BINARY_SUBSCR(arg=None, lineno=420)
          42	BINARY_SUBTRACT(arg=None, lineno=420)
          44	LOAD_CONST(arg=3, lineno=420)
          46	BINARY_TRUE_DIVIDE(arg=None, lineno=420)
          48	STORE_FAST(arg=2, lineno=420)
          50	LOAD_GLOBAL(arg=0, lineno=422)
          52	LOAD_METHOD(arg=1, lineno=422)
          54	LOAD_FAST(arg=2, lineno=422)
          56	CALL_METHOD(arg=1, lineno=422)
          58	LOAD_GLOBAL(arg=0, lineno=422)
          60	LOAD_METHOD(arg=1, lineno=422)
          62	LOAD_FAST(arg=1, lineno=422)
          64	CALL_METHOD(arg=1, lineno=422)
          66	COMPARE_OP(arg=5, lineno=422)
          68	POP_JUMP_IF_FALSE(arg=38, lineno=422)
          70	LOAD_CONST(arg=4, lineno=425)
          72	RETURN_VALUE(arg=None, lineno=425)
>         74	LOAD_FAST(arg=2, lineno=427)
          76	UNARY_NEGATIVE(arg=None, lineno=427)
          78	LOAD_FAST(arg=1, lineno=427)
          80	BINARY_TRUE_DIVIDE(arg=None, lineno=427)
          82	RETURN_VALUE(arg=None, lineno=427)
2025-12-10 16:11:56,953 [DEBUG] - pending: deque([State(pc_initial=0 nstack_initial=0)])
2025-12-10 16:11:56,953 [DEBUG] - stack: []
2025-12-10 16:11:56,953 [DEBUG] - state.pc_initial: State(pc_initial=0 nstack_initial=0)
2025-12-10 16:11:56,953 [DEBUG] - dispatch pc=0, inst=NOP(arg=None, lineno=416)
2025-12-10 16:11:56,953 [DEBUG] - stack []
2025-12-10 16:11:56,953 [DEBUG] - dispatch pc=2, inst=LOAD_FAST(arg=0, lineno=419)
2025-12-10 16:11:56,953 [DEBUG] - stack []
2025-12-10 16:11:56,953 [DEBUG] - dispatch pc=4, inst=LOAD_CONST(arg=1, lineno=419)
2025-12-10 16:11:56,953 [DEBUG] - stack ['$x2.0']
2025-12-10 16:11:56,953 [DEBUG] - dispatch pc=6, inst=BINARY_SUBSCR(arg=None, lineno=419)
2025-12-10 16:11:56,953 [DEBUG] - stack ['$x2.0', '$const4.1.1']
2025-12-10 16:11:56,953 [DEBUG] - dispatch pc=8, inst=LOAD_FAST(arg=0, lineno=419)
2025-12-10 16:11:56,953 [DEBUG] - stack ['$6binary_subscr.2']
2025-12-10 16:11:56,953 [DEBUG] - dispatch pc=10, inst=LOAD_CONST(arg=2, lineno=419)
2025-12-10 16:11:56,953 [DEBUG] - stack ['$6binary_subscr.2', '$x8.3']
2025-12-10 16:11:56,953 [DEBUG] - dispatch pc=12, inst=BINARY_SUBSCR(arg=None, lineno=419)
2025-12-10 16:11:56,953 [DEBUG] - stack ['$6binary_subscr.2', '$x8.3', '$const10.4.2']
2025-12-10 16:11:56,953 [DEBUG] - dispatch pc=14, inst=BINARY_ADD(arg=None, lineno=419)
2025-12-10 16:11:56,953 [DEBUG] - stack ['$6binary_subscr.2', '$12binary_subscr.5']
2025-12-10 16:11:56,953 [DEBUG] - dispatch pc=16, inst=LOAD_CONST(arg=3, lineno=419)
2025-12-10 16:11:56,953 [DEBUG] - stack ['$14binary_add.6']
2025-12-10 16:11:56,953 [DEBUG] - dispatch pc=18, inst=LOAD_FAST(arg=0, lineno=419)
2025-12-10 16:11:56,953 [DEBUG] - stack ['$14binary_add.6', '$const16.7.3']
2025-12-10 16:11:56,953 [DEBUG] - dispatch pc=20, inst=LOAD_CONST(arg=4, lineno=419)
2025-12-10 16:11:56,954 [DEBUG] - stack ['$14binary_add.6', '$const16.7.3', '$x18.8']
2025-12-10 16:11:56,954 [DEBUG] - dispatch pc=22, inst=BINARY_SUBSCR(arg=None, lineno=419)
2025-12-10 16:11:56,954 [DEBUG] - stack ['$14binary_add.6', '$const16.7.3', '$x18.8', '$const20.9.4']
2025-12-10 16:11:56,954 [DEBUG] - dispatch pc=24, inst=BINARY_MULTIPLY(arg=None, lineno=419)
2025-12-10 16:11:56,954 [DEBUG] - stack ['$14binary_add.6', '$const16.7.3', '$22binary_subscr.10']
2025-12-10 16:11:56,954 [DEBUG] - dispatch pc=26, inst=BINARY_SUBTRACT(arg=None, lineno=419)
2025-12-10 16:11:56,954 [DEBUG] - stack ['$14binary_add.6', '$24binary_multiply.11']
2025-12-10 16:11:56,954 [DEBUG] - dispatch pc=28, inst=STORE_FAST(arg=1, lineno=419)
2025-12-10 16:11:56,954 [DEBUG] - stack ['$26binary_subtract.12']
2025-12-10 16:11:56,954 [DEBUG] - dispatch pc=30, inst=LOAD_FAST(arg=0, lineno=420)
2025-12-10 16:11:56,954 [DEBUG] - stack []
2025-12-10 16:11:56,954 [DEBUG] - dispatch pc=32, inst=LOAD_CONST(arg=1, lineno=420)
2025-12-10 16:11:56,954 [DEBUG] - stack ['$x30.13']
2025-12-10 16:11:56,954 [DEBUG] - dispatch pc=34, inst=BINARY_SUBSCR(arg=None, lineno=420)
2025-12-10 16:11:56,954 [DEBUG] - stack ['$x30.13', '$const32.14.1']
2025-12-10 16:11:56,954 [DEBUG] - dispatch pc=36, inst=LOAD_FAST(arg=0, lineno=420)
2025-12-10 16:11:56,954 [DEBUG] - stack ['$34binary_subscr.15']
2025-12-10 16:11:56,954 [DEBUG] - dispatch pc=38, inst=LOAD_CONST(arg=2, lineno=420)
2025-12-10 16:11:56,954 [DEBUG] - stack ['$34binary_subscr.15', '$x36.16']
2025-12-10 16:11:56,954 [DEBUG] - dispatch pc=40, inst=BINARY_SUBSCR(arg=None, lineno=420)
2025-12-10 16:11:56,954 [DEBUG] - stack ['$34binary_subscr.15', '$x36.16', '$const38.17.2']
2025-12-10 16:11:56,954 [DEBUG] - dispatch pc=42, inst=BINARY_SUBTRACT(arg=None, lineno=420)
2025-12-10 16:11:56,954 [DEBUG] - stack ['$34binary_subscr.15', '$40binary_subscr.18']
2025-12-10 16:11:56,954 [DEBUG] - dispatch pc=44, inst=LOAD_CONST(arg=3, lineno=420)
2025-12-10 16:11:56,954 [DEBUG] - stack ['$42binary_subtract.19']
2025-12-10 16:11:56,954 [DEBUG] - dispatch pc=46, inst=BINARY_TRUE_DIVIDE(arg=None, lineno=420)
2025-12-10 16:11:56,954 [DEBUG] - stack ['$42binary_subtract.19', '$const44.20.3']
2025-12-10 16:11:56,954 [DEBUG] - dispatch pc=48, inst=STORE_FAST(arg=2, lineno=420)
2025-12-10 16:11:56,954 [DEBUG] - stack ['$46binary_true_divide.21']
2025-12-10 16:11:56,954 [DEBUG] - dispatch pc=50, inst=LOAD_GLOBAL(arg=0, lineno=422)
2025-12-10 16:11:56,954 [DEBUG] - stack []
2025-12-10 16:11:56,954 [DEBUG] - dispatch pc=52, inst=LOAD_METHOD(arg=1, lineno=422)
2025-12-10 16:11:56,954 [DEBUG] - stack ['$50load_global.22']
2025-12-10 16:11:56,954 [DEBUG] - dispatch pc=54, inst=LOAD_FAST(arg=2, lineno=422)
2025-12-10 16:11:56,954 [DEBUG] - stack ['$52load_method.23']
2025-12-10 16:11:56,954 [DEBUG] - dispatch pc=56, inst=CALL_METHOD(arg=1, lineno=422)
2025-12-10 16:11:56,954 [DEBUG] - stack ['$52load_method.23', '$b54.24']
2025-12-10 16:11:56,954 [DEBUG] - dispatch pc=58, inst=LOAD_GLOBAL(arg=0, lineno=422)
2025-12-10 16:11:56,954 [DEBUG] - stack ['$56call_method.25']
2025-12-10 16:11:56,954 [DEBUG] - dispatch pc=60, inst=LOAD_METHOD(arg=1, lineno=422)
2025-12-10 16:11:56,954 [DEBUG] - stack ['$56call_method.25', '$58load_global.26']
2025-12-10 16:11:56,954 [DEBUG] - dispatch pc=62, inst=LOAD_FAST(arg=1, lineno=422)
2025-12-10 16:11:56,954 [DEBUG] - stack ['$56call_method.25', '$60load_method.27']
2025-12-10 16:11:56,954 [DEBUG] - dispatch pc=64, inst=CALL_METHOD(arg=1, lineno=422)
2025-12-10 16:11:56,955 [DEBUG] - stack ['$56call_method.25', '$60load_method.27', '$a62.28']
2025-12-10 16:11:56,955 [DEBUG] - dispatch pc=66, inst=COMPARE_OP(arg=5, lineno=422)
2025-12-10 16:11:56,955 [DEBUG] - stack ['$56call_method.25', '$64call_method.29']
2025-12-10 16:11:56,955 [DEBUG] - dispatch pc=68, inst=POP_JUMP_IF_FALSE(arg=38, lineno=422)
2025-12-10 16:11:56,955 [DEBUG] - stack ['$66compare_op.30']
2025-12-10 16:11:56,955 [DEBUG] - end state. edges=[Edge(pc=70, stack=(), blockstack=(), npush=0), Edge(pc=74, stack=(), blockstack=(), npush=0)]
2025-12-10 16:11:56,955 [DEBUG] - pending: deque([State(pc_initial=70 nstack_initial=0), State(pc_initial=74 nstack_initial=0)])
2025-12-10 16:11:56,955 [DEBUG] - stack: []
2025-12-10 16:11:56,955 [DEBUG] - state.pc_initial: State(pc_initial=70 nstack_initial=0)
2025-12-10 16:11:56,955 [DEBUG] - dispatch pc=70, inst=LOAD_CONST(arg=4, lineno=425)
2025-12-10 16:11:56,955 [DEBUG] - stack []
2025-12-10 16:11:56,955 [DEBUG] - dispatch pc=72, inst=RETURN_VALUE(arg=None, lineno=425)
2025-12-10 16:11:56,955 [DEBUG] - stack ['$const70.0.4']
2025-12-10 16:11:56,955 [DEBUG] - end state. edges=[]
2025-12-10 16:11:56,955 [DEBUG] - pending: deque([State(pc_initial=74 nstack_initial=0)])
2025-12-10 16:11:56,955 [DEBUG] - stack: []
2025-12-10 16:11:56,955 [DEBUG] - state.pc_initial: State(pc_initial=74 nstack_initial=0)
2025-12-10 16:11:56,955 [DEBUG] - dispatch pc=74, inst=LOAD_FAST(arg=2, lineno=427)
2025-12-10 16:11:56,955 [DEBUG] - stack []
2025-12-10 16:11:56,955 [DEBUG] - dispatch pc=76, inst=UNARY_NEGATIVE(arg=None, lineno=427)
2025-12-10 16:11:56,955 [DEBUG] - stack ['$b74.0']
2025-12-10 16:11:56,955 [DEBUG] - dispatch pc=78, inst=LOAD_FAST(arg=1, lineno=427)
2025-12-10 16:11:56,955 [DEBUG] - stack ['$76unary_negative.1']
2025-12-10 16:11:56,955 [DEBUG] - dispatch pc=80, inst=BINARY_TRUE_DIVIDE(arg=None, lineno=427)
2025-12-10 16:11:56,955 [DEBUG] - stack ['$76unary_negative.1', '$a78.2']
2025-12-10 16:11:56,955 [DEBUG] - dispatch pc=82, inst=RETURN_VALUE(arg=None, lineno=427)
2025-12-10 16:11:56,955 [DEBUG] - stack ['$80binary_true_divide.3']
2025-12-10 16:11:56,955 [DEBUG] - end state. edges=[]
2025-12-10 16:11:56,955 [DEBUG] - -------------------------Prune PHIs-------------------------
2025-12-10 16:11:56,955 [DEBUG] - Used_phis: defaultdict(<class 'set'>,
            {State(pc_initial=0 nstack_initial=0): set(),
             State(pc_initial=70 nstack_initial=0): set(),
             State(pc_initial=74 nstack_initial=0): set()})
2025-12-10 16:11:56,955 [DEBUG] - defmap: {}
2025-12-10 16:11:56,955 [DEBUG] - phismap: defaultdict(<class 'set'>, {})
2025-12-10 16:11:56,955 [DEBUG] - changing phismap: defaultdict(<class 'set'>, {})
2025-12-10 16:11:56,955 [DEBUG] - keep phismap: {}
2025-12-10 16:11:56,955 [DEBUG] - new_out: defaultdict(<class 'dict'>, {})
2025-12-10 16:11:56,955 [DEBUG] - ----------------------DONE Prune PHIs-----------------------
2025-12-10 16:11:56,955 [DEBUG] - block_infos State(pc_initial=0 nstack_initial=0):
AdaptBlockInfo(insts=((0, {}), (2, {'res': '$x2.0'}), (4, {'res': '$const4.1.1'}), (6, {'index': '$const4.1.1', 'target': '$x2.0', 'res': '$6binary_subscr.2'}), (8, {'res': '$x8.3'}), (10, {'res': '$const10.4.2'}), (12, {'index': '$const10.4.2', 'target': '$x8.3', 'res': '$12binary_subscr.5'}), (14, {'lhs': '$6binary_subscr.2', 'rhs': '$12binary_subscr.5', 'res': '$14binary_add.6'}), (16, {'res': '$const16.7.3'}), (18, {'res': '$x18.8'}), (20, {'res': '$const20.9.4'}), (22, {'index': '$const20.9.4', 'target': '$x18.8', 'res': '$22binary_subscr.10'}), (24, {'lhs': '$const16.7.3', 'rhs': '$22binary_subscr.10', 'res': '$24binary_multiply.11'}), (26, {'lhs': '$14binary_add.6', 'rhs': '$24binary_multiply.11', 'res': '$26binary_subtract.12'}), (28, {'value': '$26binary_subtract.12'}), (30, {'res': '$x30.13'}), (32, {'res': '$const32.14.1'}), (34, {'index': '$const32.14.1', 'target': '$x30.13', 'res': '$34binary_subscr.15'}), (36, {'res': '$x36.16'}), (38, {'res': '$const38.17.2'}), (40, {'index': '$const38.17.2', 'target': '$x36.16', 'res': '$40binary_subscr.18'}), (42, {'lhs': '$34binary_subscr.15', 'rhs': '$40binary_subscr.18', 'res': '$42binary_subtract.19'}), (44, {'res': '$const44.20.3'}), (46, {'lhs': '$42binary_subtract.19', 'rhs': '$const44.20.3', 'res': '$46binary_true_divide.21'}), (48, {'value': '$46binary_true_divide.21'}), (50, {'res': '$50load_global.22'}), (52, {'item': '$50load_global.22', 'res': '$52load_method.23'}), (54, {'res': '$b54.24'}), (56, {'func': '$52load_method.23', 'args': ['$b54.24'], 'res': '$56call_method.25'}), (58, {'res': '$58load_global.26'}), (60, {'item': '$58load_global.26', 'res': '$60load_method.27'}), (62, {'res': '$a62.28'}), (64, {'func': '$60load_method.27', 'args': ['$a62.28'], 'res': '$64call_method.29'}), (66, {'lhs': '$56call_method.25', 'rhs': '$64call_method.29', 'res': '$66compare_op.30'}), (68, {'pred': '$66compare_op.30'})), outgoing_phis={}, blockstack=(), active_try_block=None, outgoing_edgepushed={70: (), 74: ()})
2025-12-10 16:11:56,956 [DEBUG] - block_infos State(pc_initial=70 nstack_initial=0):
AdaptBlockInfo(insts=((70, {'res': '$const70.0.4'}), (72, {'retval': '$const70.0.4', 'castval': '$72return_value.1'})), outgoing_phis={}, blockstack=(), active_try_block=None, outgoing_edgepushed={})
2025-12-10 16:11:56,956 [DEBUG] - block_infos State(pc_initial=74 nstack_initial=0):
AdaptBlockInfo(insts=((74, {'res': '$b74.0'}), (76, {'value': '$b74.0', 'res': '$76unary_negative.1'}), (78, {'res': '$a78.2'}), (80, {'lhs': '$76unary_negative.1', 'rhs': '$a78.2', 'res': '$80binary_true_divide.3'}), (82, {'retval': '$80binary_true_divide.3', 'castval': '$82return_value.4'})), outgoing_phis={}, blockstack=(), active_try_block=None, outgoing_edgepushed={})
2025-12-10 16:11:56,956 [DEBUG] - label 0:
    x = arg(0, name=x)                       ['x']
    $const4.1.1 = const(int, 1)              ['$const4.1.1']
    $6binary_subscr.2 = getitem(value=x, index=$const4.1.1, fn=<built-in function getitem>) ['$6binary_subscr.2', '$const4.1.1', 'x']
    $const10.4.2 = const(int, -1)            ['$const10.4.2']
    $12binary_subscr.5 = getitem(value=x, index=$const10.4.2, fn=<built-in function getitem>) ['$12binary_subscr.5', '$const10.4.2', 'x']
    $14binary_add.6 = $6binary_subscr.2 + $12binary_subscr.5 ['$12binary_subscr.5', '$14binary_add.6', '$6binary_subscr.2']
    $const16.7.3 = const(int, 2)             ['$const16.7.3']
    $const20.9.4 = const(int, 0)             ['$const20.9.4']
    $22binary_subscr.10 = getitem(value=x, index=$const20.9.4, fn=<built-in function getitem>) ['$22binary_subscr.10', '$const20.9.4', 'x']
    $24binary_multiply.11 = $const16.7.3 * $22binary_subscr.10 ['$22binary_subscr.10', '$24binary_multiply.11', '$const16.7.3']
    a = $14binary_add.6 - $24binary_multiply.11 ['$14binary_add.6', '$24binary_multiply.11', 'a']
    $const32.14.1 = const(int, 1)            ['$const32.14.1']
    $34binary_subscr.15 = getitem(value=x, index=$const32.14.1, fn=<built-in function getitem>) ['$34binary_subscr.15', '$const32.14.1', 'x']
    $const38.17.2 = const(int, -1)           ['$const38.17.2']
    $40binary_subscr.18 = getitem(value=x, index=$const38.17.2, fn=<built-in function getitem>) ['$40binary_subscr.18', '$const38.17.2', 'x']
    $42binary_subtract.19 = $34binary_subscr.15 - $40binary_subscr.18 ['$34binary_subscr.15', '$40binary_subscr.18', '$42binary_subtract.19']
    $const44.20.3 = const(int, 2)            ['$const44.20.3']
    b = $42binary_subtract.19 / $const44.20.3 ['$42binary_subtract.19', '$const44.20.3', 'b']
    $50load_global.22 = global(np: <module 'numpy' from '/home/ken/YAVOS/venv_yavos/lib/python3.10/site-packages/numpy/__init__.py'>) ['$50load_global.22']
    $52load_method.23 = getattr(value=$50load_global.22, attr=abs) ['$50load_global.22', '$52load_method.23']
    $56call_method.25 = call $52load_method.23(b, func=$52load_method.23, args=[Var(b, pitch.py:420)], kws=(), vararg=None, varkwarg=None, target=None) ['$52load_method.23', '$56call_method.25', 'b']
    $58load_global.26 = global(np: <module 'numpy' from '/home/ken/YAVOS/venv_yavos/lib/python3.10/site-packages/numpy/__init__.py'>) ['$58load_global.26']
    $60load_method.27 = getattr(value=$58load_global.26, attr=abs) ['$58load_global.26', '$60load_method.27']
    $64call_method.29 = call $60load_method.27(a, func=$60load_method.27, args=[Var(a, pitch.py:419)], kws=(), vararg=None, varkwarg=None, target=None) ['$60load_method.27', '$64call_method.29', 'a']
    $66compare_op.30 = $56call_method.25 >= $64call_method.29 ['$56call_method.25', '$64call_method.29', '$66compare_op.30']
    $bool68 = global(bool: <class 'bool'>)   ['$bool68']
    $68pred = call $bool68($66compare_op.30, func=$bool68, args=(Var($66compare_op.30, pitch.py:422),), kws=(), vararg=None, varkwarg=None, target=None) ['$66compare_op.30', '$68pred', '$bool68']
    branch $68pred, 70, 74                   ['$68pred']
label 70:
    $const70.0.4 = const(int, 0)             ['$const70.0.4']
    $72return_value.1 = cast(value=$const70.0.4) ['$72return_value.1', '$const70.0.4']
    return $72return_value.1                 ['$72return_value.1']
label 74:
    $76unary_negative.1 = unary(fn=<built-in function neg>, value=b) ['$76unary_negative.1', 'b']
    $80binary_true_divide.3 = $76unary_negative.1 / a ['$76unary_negative.1', '$80binary_true_divide.3', 'a']
    $82return_value.4 = cast(value=$80binary_true_divide.3) ['$80binary_true_divide.3', '$82return_value.4']
    return $82return_value.4                 ['$82return_value.4']

2025-12-10 16:11:58,587 [DEBUG] - matplotlib data path: /home/ken/YAVOS/venv_yavos/lib/python3.10/site-packages/matplotlib/mpl-data
2025-12-10 16:11:58,591 [DEBUG] - CONFIGDIR=/home/ken/.config/matplotlib
2025-12-10 16:11:58,592 [DEBUG] - interactive is False
2025-12-10 16:11:58,592 [DEBUG] - platform is linux
2025-12-10 16:11:58,607 [DEBUG] - CACHEDIR=/home/ken/.cache/matplotlib
2025-12-10 16:11:58,609 [DEBUG] - Using fontManager instance from /home/ken/.cache/matplotlib/fontlist-v390.json
2025-12-10 16:11:58,762 [DEBUG] - Loaded backend Agg version v2.2.
2025-12-10 16:12:00,870 [DEBUG] - Executing: ['espeak-ng', '-q', '-b', '1', '--voices']
2025-12-10 16:12:00,878 [DEBUG] - espeak-ng: Pty Language       Age/Gender VoiceName          File                 Other Languages
2025-12-10 16:12:00,878 [DEBUG] - espeak-ng: 5  af              --/M      Afrikaans          gmw/af
2025-12-10 16:12:00,879 [DEBUG] - espeak-ng: 5  am              --/M      Amharic            sem/am
2025-12-10 16:12:00,879 [DEBUG] - espeak-ng: 5  an              --/M      Aragonese          roa/an
2025-12-10 16:12:00,879 [DEBUG] - espeak-ng: 5  ar              --/M      Arabic             sem/ar
2025-12-10 16:12:00,879 [DEBUG] - espeak-ng: 5  as              --/M      Assamese           inc/as
2025-12-10 16:12:00,879 [DEBUG] - espeak-ng: 5  az              --/M      Azerbaijani        trk/az
2025-12-10 16:12:00,879 [DEBUG] - espeak-ng: 5  ba              --/M      Bashkir            trk/ba
2025-12-10 16:12:00,879 [DEBUG] - espeak-ng: 5  bg              --/M      Bulgarian          zls/bg
2025-12-10 16:12:00,879 [DEBUG] - espeak-ng: 5  bn              --/M      Bengali            inc/bn
2025-12-10 16:12:00,879 [DEBUG] - espeak-ng: 5  bpy             --/M      Bishnupriya_Manipuri inc/bpy
2025-12-10 16:12:00,879 [DEBUG] - espeak-ng: 5  bs              --/M      Bosnian            zls/bs
2025-12-10 16:12:00,879 [DEBUG] - espeak-ng: 5  ca              --/M      Catalan            roa/ca
2025-12-10 16:12:00,879 [DEBUG] - espeak-ng: 5  cmn             --/M      Chinese_(Mandarin) sit/cmn              (zh-cmn 5)(zh 5)
2025-12-10 16:12:00,879 [DEBUG] - espeak-ng: 5  cs              --/M      Czech              zlw/cs
2025-12-10 16:12:00,879 [DEBUG] - espeak-ng: 5  cy              --/M      Welsh              cel/cy
2025-12-10 16:12:00,879 [DEBUG] - espeak-ng: 5  da              --/M      Danish             gmq/da
2025-12-10 16:12:00,879 [DEBUG] - espeak-ng: 5  de              --/M      German             gmw/de
2025-12-10 16:12:00,879 [DEBUG] - espeak-ng: 5  el              --/M      Greek              grk/el
2025-12-10 16:12:00,879 [DEBUG] - espeak-ng: 5  en-029          --/M      English_(Caribbean) gmw/en-029           (en 10)
2025-12-10 16:12:00,879 [DEBUG] - espeak-ng: 2  en-gb           --/M      English_(Great_Britain) gmw/en               (en 2)
2025-12-10 16:12:00,879 [DEBUG] - espeak-ng: 5  en-gb-scotland  --/M      English_(Scotland) gmw/en-GB-scotland   (en 4)
2025-12-10 16:12:00,879 [DEBUG] - espeak-ng: 5  en-gb-x-gbclan  --/M      English_(Lancaster) gmw/en-GB-x-gbclan   (en-gb 3)(en 5)
2025-12-10 16:12:00,879 [DEBUG] - espeak-ng: 5  en-gb-x-gbcwmd  --/M      English_(West_Midlands) gmw/en-GB-x-gbcwmd   (en-gb 9)(en 9)
2025-12-10 16:12:00,879 [DEBUG] - espeak-ng: 5  en-gb-x-rp      --/M      English_(Received_Pronunciation) gmw/en-GB-x-rp       (en-gb 4)(en 5)
2025-12-10 16:12:00,879 [DEBUG] - espeak-ng: 2  en-us           --/M      English_(America)  gmw/en-US            (en 3)
2025-12-10 16:12:00,879 [DEBUG] - espeak-ng: 5  eo              --/M      Esperanto          art/eo
2025-12-10 16:12:00,879 [DEBUG] - espeak-ng: 5  es              --/M      Spanish_(Spain)    roa/es
2025-12-10 16:12:00,879 [DEBUG] - espeak-ng: 5  es-419          --/M      Spanish_(Latin_America) roa/es-419           (es-mx 6)(es 6)
2025-12-10 16:12:00,879 [DEBUG] - espeak-ng: 5  et              --/M      Estonian           urj/et
2025-12-10 16:12:00,879 [DEBUG] - espeak-ng: 5  eu              --/M      Basque             eu
2025-12-10 16:12:00,879 [DEBUG] - espeak-ng: 5  fa              --/M      Persian            ira/fa
2025-12-10 16:12:00,879 [DEBUG] - espeak-ng: 5  fa-latn         --/M      Persian_(Pinglish) ira/fa-Latn
2025-12-10 16:12:00,879 [DEBUG] - espeak-ng: 5  fi              --/M      Finnish            urj/fi
2025-12-10 16:12:00,879 [DEBUG] - espeak-ng: 5  fr-be           --/M      French_(Belgium)   roa/fr-BE            (fr 8)
2025-12-10 16:12:00,879 [DEBUG] - espeak-ng: 5  fr-ch           --/M      French_(Switzerland) roa/fr-CH            (fr 8)
2025-12-10 16:12:00,879 [DEBUG] - espeak-ng: 5  fr-fr           --/M      French_(France)    roa/fr               (fr 5)
2025-12-10 16:12:00,879 [DEBUG] - espeak-ng: 5  ga              --/M      Gaelic_(Irish)     cel/ga
2025-12-10 16:12:00,879 [DEBUG] - espeak-ng: 5  gd              --/M      Gaelic_(Scottish)  cel/gd
2025-12-10 16:12:00,879 [DEBUG] - espeak-ng: 5  gn              --/M      Guarani            sai/gn
2025-12-10 16:12:00,879 [DEBUG] - espeak-ng: 5  grc             --/M      Greek_(Ancient)    grk/grc
2025-12-10 16:12:00,879 [DEBUG] - espeak-ng: 5  gu              --/M      Gujarati           inc/gu
2025-12-10 16:12:00,879 [DEBUG] - espeak-ng: 5  hak             --/M      Hakka_Chinese      sit/hak
2025-12-10 16:12:00,879 [DEBUG] - espeak-ng: 5  hi              --/M      Hindi              inc/hi
2025-12-10 16:12:00,879 [DEBUG] - espeak-ng: 5  hr              --/M      Croatian           zls/hr               (hbs 5)
2025-12-10 16:12:00,879 [DEBUG] - espeak-ng: 5  ht              --/M      Haitian_Creole     roa/ht
2025-12-10 16:12:00,879 [DEBUG] - espeak-ng: 5  hu              --/M      Hungarian          urj/hu
2025-12-10 16:12:00,879 [DEBUG] - espeak-ng: 5  hy              --/M      Armenian_(East_Armenia) ine/hy               (hy-arevela 5)
2025-12-10 16:12:00,879 [DEBUG] - espeak-ng: 5  hyw             --/M      Armenian_(West_Armenia) ine/hyw              (hy-arevmda 5)(hy 8)
2025-12-10 16:12:00,879 [DEBUG] - espeak-ng: 5  ia              --/M      Interlingua        art/ia
2025-12-10 16:12:00,879 [DEBUG] - espeak-ng: 5  id              --/M      Indonesian         poz/id
2025-12-10 16:12:00,879 [DEBUG] - espeak-ng: 5  is              --/M      Icelandic          gmq/is
2025-12-10 16:12:00,879 [DEBUG] - espeak-ng: 5  it              --/M      Italian            roa/it
2025-12-10 16:12:00,879 [DEBUG] - espeak-ng: 5  ja              --/M      Japanese           jpx/ja
2025-12-10 16:12:00,880 [DEBUG] - espeak-ng: 5  jbo             --/M      Lojban             art/jbo
2025-12-10 16:12:00,880 [DEBUG] - espeak-ng: 5  ka              --/M      Georgian           ccs/ka
2025-12-10 16:12:00,880 [DEBUG] - espeak-ng: 5  kk              --/M      Kazakh             trk/kk
2025-12-10 16:12:00,880 [DEBUG] - espeak-ng: 5  kl              --/M      Greenlandic        esx/kl
2025-12-10 16:12:00,880 [DEBUG] - espeak-ng: 5  kn              --/M      Kannada            dra/kn
2025-12-10 16:12:00,880 [DEBUG] - espeak-ng: 5  ko              --/M      Korean             ko
2025-12-10 16:12:00,880 [DEBUG] - espeak-ng: 5  kok             --/M      Konkani            inc/kok
2025-12-10 16:12:00,880 [DEBUG] - espeak-ng: 5  ku              --/M      Kurdish            ira/ku
2025-12-10 16:12:00,880 [DEBUG] - espeak-ng: 5  ky              --/M      Kyrgyz             trk/ky
2025-12-10 16:12:00,880 [DEBUG] - espeak-ng: 5  la              --/M      Latin              itc/la
2025-12-10 16:12:00,880 [DEBUG] - espeak-ng: 5  lfn             --/M      Lingua_Franca_Nova art/lfn
2025-12-10 16:12:00,880 [DEBUG] - espeak-ng: 5  lt              --/M      Lithuanian         bat/lt
2025-12-10 16:12:00,880 [DEBUG] - espeak-ng: 5  lv              --/M      Latvian            bat/lv
2025-12-10 16:12:00,880 [DEBUG] - espeak-ng: 5  mi              --/M      Māori             poz/mi
2025-12-10 16:12:00,880 [DEBUG] - espeak-ng: 5  mk              --/M      Macedonian         zls/mk
2025-12-10 16:12:00,880 [DEBUG] - espeak-ng: 5  ml              --/M      Malayalam          dra/ml
2025-12-10 16:12:00,880 [DEBUG] - espeak-ng: 5  mr              --/M      Marathi            inc/mr
2025-12-10 16:12:00,880 [DEBUG] - espeak-ng: 5  ms              --/M      Malay              poz/ms
2025-12-10 16:12:00,880 [DEBUG] - espeak-ng: 5  mt              --/M      Maltese            sem/mt
2025-12-10 16:12:00,880 [DEBUG] - espeak-ng: 5  my              --/M      Myanmar_(Burmese)  sit/my
2025-12-10 16:12:00,880 [DEBUG] - espeak-ng: 5  nb              --/M      Norwegian_Bokmål  gmq/nb               (no 5)
2025-12-10 16:12:00,880 [DEBUG] - espeak-ng: 5  nci             --/M      Nahuatl_(Classical) azc/nci
2025-12-10 16:12:00,880 [DEBUG] - espeak-ng: 5  ne              --/M      Nepali             inc/ne
2025-12-10 16:12:00,880 [DEBUG] - espeak-ng: 5  nl              --/M      Dutch              gmw/nl
2025-12-10 16:12:00,880 [DEBUG] - espeak-ng: 5  om              --/M      Oromo              cus/om
2025-12-10 16:12:00,880 [DEBUG] - espeak-ng: 5  or              --/M      Oriya              inc/or
2025-12-10 16:12:00,880 [DEBUG] - espeak-ng: 5  pa              --/M      Punjabi            inc/pa
2025-12-10 16:12:00,880 [DEBUG] - espeak-ng: 5  pap             --/M      Papiamento         roa/pap
2025-12-10 16:12:00,880 [DEBUG] - espeak-ng: 5  pl              --/M      Polish             zlw/pl
2025-12-10 16:12:00,880 [DEBUG] - espeak-ng: 5  pt              --/M      Portuguese_(Portugal) roa/pt               (pt-pt 5)
2025-12-10 16:12:00,880 [DEBUG] - espeak-ng: 5  pt-br           --/M      Portuguese_(Brazil) roa/pt-BR            (pt 6)
2025-12-10 16:12:00,880 [DEBUG] - espeak-ng: 5  py              --/M      Pyash              art/py
2025-12-10 16:12:00,880 [DEBUG] - espeak-ng: 5  quc             --/M      K'iche'            myn/quc
2025-12-10 16:12:00,880 [DEBUG] - espeak-ng: 5  ro              --/M      Romanian           roa/ro
2025-12-10 16:12:00,880 [DEBUG] - espeak-ng: 5  ru              --/M      Russian            zle/ru
2025-12-10 16:12:00,880 [DEBUG] - espeak-ng: 2  ru-lv           --/M      Russian_(Latvia)   zle/ru-LV
2025-12-10 16:12:00,880 [DEBUG] - espeak-ng: 5  sd              --/M      Sindhi             inc/sd
2025-12-10 16:12:00,880 [DEBUG] - espeak-ng: 5  shn             --/M      Shan_(Tai_Yai)     tai/shn
2025-12-10 16:12:00,880 [DEBUG] - espeak-ng: 5  si              --/M      Sinhala            inc/si
2025-12-10 16:12:00,880 [DEBUG] - espeak-ng: 5  sk              --/M      Slovak             zlw/sk
2025-12-10 16:12:00,880 [DEBUG] - espeak-ng: 5  sl              --/M      Slovenian          zls/sl
2025-12-10 16:12:00,880 [DEBUG] - espeak-ng: 5  sq              --/M      Albanian           ine/sq
2025-12-10 16:12:00,880 [DEBUG] - espeak-ng: 5  sr              --/M      Serbian            zls/sr
2025-12-10 16:12:00,880 [DEBUG] - espeak-ng: 5  sv              --/M      Swedish            gmq/sv
2025-12-10 16:12:00,880 [DEBUG] - espeak-ng: 5  sw              --/M      Swahili            bnt/sw
2025-12-10 16:12:00,880 [DEBUG] - espeak-ng: 5  ta              --/M      Tamil              dra/ta
2025-12-10 16:12:00,880 [DEBUG] - espeak-ng: 5  te              --/M      Telugu             dra/te
2025-12-10 16:12:00,880 [DEBUG] - espeak-ng: 5  tn              --/M      Setswana           bnt/tn
2025-12-10 16:12:00,880 [DEBUG] - espeak-ng: 5  tr              --/M      Turkish            trk/tr
2025-12-10 16:12:00,880 [DEBUG] - espeak-ng: 5  tt              --/M      Tatar              trk/tt
2025-12-10 16:12:00,880 [DEBUG] - espeak-ng: 5  ur              --/M      Urdu               inc/ur
2025-12-10 16:12:00,880 [DEBUG] - espeak-ng: 5  uz              --/M      Uzbek              trk/uz
2025-12-10 16:12:00,880 [DEBUG] - espeak-ng: 5  vi              --/M      Vietnamese_(Northern) aav/vi
2025-12-10 16:12:00,880 [DEBUG] - espeak-ng: 5  vi-vn-x-central --/M      Vietnamese_(Central) aav/vi-VN-x-central
2025-12-10 16:12:00,880 [DEBUG] - espeak-ng: 5  vi-vn-x-south   --/M      Vietnamese_(Southern) aav/vi-VN-x-south
2025-12-10 16:12:00,880 [DEBUG] - espeak-ng: 5  yue             --/M      Chinese_(Cantonese) sit/yue              (zh-yue 5)(zh 8)
2025-12-10 16:12:00,927 [DEBUG] - open file: /home/ken/YAVOS/venv_yavos/lib/python3.10/site-packages/TTS/.models.json
2025-12-10 16:12:00,931 [INFO] - tts_models/en/vctk/vits is already downloaded.
2025-12-10 16:12:00,931 [DEBUG] - open file: /home/ken/.local/share/tts/tts_models--en--vctk--vits/config.json
2025-12-10 16:12:00,935 [DEBUG] - open file: /home/ken/.local/share/tts/tts_models--en--vctk--vits/config.json
2025-12-10 16:12:00,944 [DEBUG] - open file: /home/ken/.local/share/tts/tts_models--en--vctk--vits/config.json
2025-12-10 16:12:00,947 [INFO] - Using model: vits
2025-12-10 16:12:00,948 [INFO] - Setting up Audio Processor...
2025-12-10 16:12:00,948 [INFO] -  | sample_rate: 22050
2025-12-10 16:12:00,948 [INFO] -  | resample: False
2025-12-10 16:12:00,948 [INFO] -  | num_mels: 80
2025-12-10 16:12:00,948 [INFO] -  | log_func: np.log10
2025-12-10 16:12:00,948 [INFO] -  | min_level_db: 0
2025-12-10 16:12:00,948 [INFO] -  | frame_shift_ms: None
2025-12-10 16:12:00,948 [INFO] -  | frame_length_ms: None
2025-12-10 16:12:00,948 [INFO] -  | ref_level_db: None
2025-12-10 16:12:00,948 [INFO] -  | fft_size: 1024
2025-12-10 16:12:00,948 [INFO] -  | power: None
2025-12-10 16:12:00,948 [INFO] -  | preemphasis: 0.0
2025-12-10 16:12:00,948 [INFO] -  | griffin_lim_iters: None
2025-12-10 16:12:00,948 [INFO] -  | signal_norm: None
2025-12-10 16:12:00,948 [INFO] -  | symmetric_norm: None
2025-12-10 16:12:00,948 [INFO] -  | mel_fmin: 0
2025-12-10 16:12:00,948 [INFO] -  | mel_fmax: None
2025-12-10 16:12:00,948 [INFO] -  | pitch_fmin: None
2025-12-10 16:12:00,948 [INFO] -  | pitch_fmax: None
2025-12-10 16:12:00,948 [INFO] -  | spec_gain: 20.0
2025-12-10 16:12:00,948 [INFO] -  | stft_pad_mode: reflect
2025-12-10 16:12:00,948 [INFO] -  | max_norm: 1.0
2025-12-10 16:12:00,948 [INFO] -  | clip_norm: True
2025-12-10 16:12:00,948 [INFO] -  | do_trim_silence: False
2025-12-10 16:12:00,948 [INFO] -  | trim_db: 60
2025-12-10 16:12:00,948 [INFO] -  | do_sound_norm: False
2025-12-10 16:12:00,948 [INFO] -  | do_amp_to_db_linear: True
2025-12-10 16:12:00,948 [INFO] -  | do_amp_to_db_mel: True
2025-12-10 16:12:00,948 [INFO] -  | do_rms_norm: False
2025-12-10 16:12:00,948 [INFO] -  | db_level: None
2025-12-10 16:12:00,948 [INFO] -  | stats_path: None
2025-12-10 16:12:00,948 [INFO] -  | base: 10
2025-12-10 16:12:00,948 [INFO] -  | hop_length: 256
2025-12-10 16:12:00,948 [INFO] -  | win_length: 1024
2025-12-10 16:12:00,956 [DEBUG] - Executing: ['espeak-ng', '-q', '-b', '1', '--voices']
2025-12-10 16:12:00,964 [DEBUG] - espeak-ng: Pty Language       Age/Gender VoiceName          File                 Other Languages
2025-12-10 16:12:00,964 [DEBUG] - espeak-ng: 5  af              --/M      Afrikaans          gmw/af
2025-12-10 16:12:00,964 [DEBUG] - espeak-ng: 5  am              --/M      Amharic            sem/am
2025-12-10 16:12:00,964 [DEBUG] - espeak-ng: 5  an              --/M      Aragonese          roa/an
2025-12-10 16:12:00,964 [DEBUG] - espeak-ng: 5  ar              --/M      Arabic             sem/ar
2025-12-10 16:12:00,964 [DEBUG] - espeak-ng: 5  as              --/M      Assamese           inc/as
2025-12-10 16:12:00,964 [DEBUG] - espeak-ng: 5  az              --/M      Azerbaijani        trk/az
2025-12-10 16:12:00,964 [DEBUG] - espeak-ng: 5  ba              --/M      Bashkir            trk/ba
2025-12-10 16:12:00,964 [DEBUG] - espeak-ng: 5  bg              --/M      Bulgarian          zls/bg
2025-12-10 16:12:00,964 [DEBUG] - espeak-ng: 5  bn              --/M      Bengali            inc/bn
2025-12-10 16:12:00,964 [DEBUG] - espeak-ng: 5  bpy             --/M      Bishnupriya_Manipuri inc/bpy
2025-12-10 16:12:00,964 [DEBUG] - espeak-ng: 5  bs              --/M      Bosnian            zls/bs
2025-12-10 16:12:00,964 [DEBUG] - espeak-ng: 5  ca              --/M      Catalan            roa/ca
2025-12-10 16:12:00,964 [DEBUG] - espeak-ng: 5  cmn             --/M      Chinese_(Mandarin) sit/cmn              (zh-cmn 5)(zh 5)
2025-12-10 16:12:00,964 [DEBUG] - espeak-ng: 5  cs              --/M      Czech              zlw/cs
2025-12-10 16:12:00,964 [DEBUG] - espeak-ng: 5  cy              --/M      Welsh              cel/cy
2025-12-10 16:12:00,964 [DEBUG] - espeak-ng: 5  da              --/M      Danish             gmq/da
2025-12-10 16:12:00,964 [DEBUG] - espeak-ng: 5  de              --/M      German             gmw/de
2025-12-10 16:12:00,964 [DEBUG] - espeak-ng: 5  el              --/M      Greek              grk/el
2025-12-10 16:12:00,964 [DEBUG] - espeak-ng: 5  en-029          --/M      English_(Caribbean) gmw/en-029           (en 10)
2025-12-10 16:12:00,964 [DEBUG] - espeak-ng: 2  en-gb           --/M      English_(Great_Britain) gmw/en               (en 2)
2025-12-10 16:12:00,965 [DEBUG] - espeak-ng: 5  en-gb-scotland  --/M      English_(Scotland) gmw/en-GB-scotland   (en 4)
2025-12-10 16:12:00,965 [DEBUG] - espeak-ng: 5  en-gb-x-gbclan  --/M      English_(Lancaster) gmw/en-GB-x-gbclan   (en-gb 3)(en 5)
2025-12-10 16:12:00,965 [DEBUG] - espeak-ng: 5  en-gb-x-gbcwmd  --/M      English_(West_Midlands) gmw/en-GB-x-gbcwmd   (en-gb 9)(en 9)
2025-12-10 16:12:00,965 [DEBUG] - espeak-ng: 5  en-gb-x-rp      --/M      English_(Received_Pronunciation) gmw/en-GB-x-rp       (en-gb 4)(en 5)
2025-12-10 16:12:00,965 [DEBUG] - espeak-ng: 2  en-us           --/M      English_(America)  gmw/en-US            (en 3)
2025-12-10 16:12:00,965 [DEBUG] - espeak-ng: 5  eo              --/M      Esperanto          art/eo
2025-12-10 16:12:00,965 [DEBUG] - espeak-ng: 5  es              --/M      Spanish_(Spain)    roa/es
2025-12-10 16:12:00,965 [DEBUG] - espeak-ng: 5  es-419          --/M      Spanish_(Latin_America) roa/es-419           (es-mx 6)(es 6)
2025-12-10 16:12:00,965 [DEBUG] - espeak-ng: 5  et              --/M      Estonian           urj/et
2025-12-10 16:12:00,965 [DEBUG] - espeak-ng: 5  eu              --/M      Basque             eu
2025-12-10 16:12:00,965 [DEBUG] - espeak-ng: 5  fa              --/M      Persian            ira/fa
2025-12-10 16:12:00,965 [DEBUG] - espeak-ng: 5  fa-latn         --/M      Persian_(Pinglish) ira/fa-Latn
2025-12-10 16:12:00,965 [DEBUG] - espeak-ng: 5  fi              --/M      Finnish            urj/fi
2025-12-10 16:12:00,965 [DEBUG] - espeak-ng: 5  fr-be           --/M      French_(Belgium)   roa/fr-BE            (fr 8)
2025-12-10 16:12:00,965 [DEBUG] - espeak-ng: 5  fr-ch           --/M      French_(Switzerland) roa/fr-CH            (fr 8)
2025-12-10 16:12:00,965 [DEBUG] - espeak-ng: 5  fr-fr           --/M      French_(France)    roa/fr               (fr 5)
2025-12-10 16:12:00,965 [DEBUG] - espeak-ng: 5  ga              --/M      Gaelic_(Irish)     cel/ga
2025-12-10 16:12:00,965 [DEBUG] - espeak-ng: 5  gd              --/M      Gaelic_(Scottish)  cel/gd
2025-12-10 16:12:00,965 [DEBUG] - espeak-ng: 5  gn              --/M      Guarani            sai/gn
2025-12-10 16:12:00,965 [DEBUG] - espeak-ng: 5  grc             --/M      Greek_(Ancient)    grk/grc
2025-12-10 16:12:00,965 [DEBUG] - espeak-ng: 5  gu              --/M      Gujarati           inc/gu
2025-12-10 16:12:00,965 [DEBUG] - espeak-ng: 5  hak             --/M      Hakka_Chinese      sit/hak
2025-12-10 16:12:00,965 [DEBUG] - espeak-ng: 5  hi              --/M      Hindi              inc/hi
2025-12-10 16:12:00,965 [DEBUG] - espeak-ng: 5  hr              --/M      Croatian           zls/hr               (hbs 5)
2025-12-10 16:12:00,965 [DEBUG] - espeak-ng: 5  ht              --/M      Haitian_Creole     roa/ht
2025-12-10 16:12:00,965 [DEBUG] - espeak-ng: 5  hu              --/M      Hungarian          urj/hu
2025-12-10 16:12:00,965 [DEBUG] - espeak-ng: 5  hy              --/M      Armenian_(East_Armenia) ine/hy               (hy-arevela 5)
2025-12-10 16:12:00,965 [DEBUG] - espeak-ng: 5  hyw             --/M      Armenian_(West_Armenia) ine/hyw              (hy-arevmda 5)(hy 8)
2025-12-10 16:12:00,965 [DEBUG] - espeak-ng: 5  ia              --/M      Interlingua        art/ia
2025-12-10 16:12:00,965 [DEBUG] - espeak-ng: 5  id              --/M      Indonesian         poz/id
2025-12-10 16:12:00,965 [DEBUG] - espeak-ng: 5  is              --/M      Icelandic          gmq/is
2025-12-10 16:12:00,965 [DEBUG] - espeak-ng: 5  it              --/M      Italian            roa/it
2025-12-10 16:12:00,965 [DEBUG] - espeak-ng: 5  ja              --/M      Japanese           jpx/ja
2025-12-10 16:12:00,965 [DEBUG] - espeak-ng: 5  jbo             --/M      Lojban             art/jbo
2025-12-10 16:12:00,965 [DEBUG] - espeak-ng: 5  ka              --/M      Georgian           ccs/ka
2025-12-10 16:12:00,965 [DEBUG] - espeak-ng: 5  kk              --/M      Kazakh             trk/kk
2025-12-10 16:12:00,965 [DEBUG] - espeak-ng: 5  kl              --/M      Greenlandic        esx/kl
2025-12-10 16:12:00,965 [DEBUG] - espeak-ng: 5  kn              --/M      Kannada            dra/kn
2025-12-10 16:12:00,965 [DEBUG] - espeak-ng: 5  ko              --/M      Korean             ko
2025-12-10 16:12:00,965 [DEBUG] - espeak-ng: 5  kok             --/M      Konkani            inc/kok
2025-12-10 16:12:00,965 [DEBUG] - espeak-ng: 5  ku              --/M      Kurdish            ira/ku
2025-12-10 16:12:00,965 [DEBUG] - espeak-ng: 5  ky              --/M      Kyrgyz             trk/ky
2025-12-10 16:12:00,965 [DEBUG] - espeak-ng: 5  la              --/M      Latin              itc/la
2025-12-10 16:12:00,965 [DEBUG] - espeak-ng: 5  lfn             --/M      Lingua_Franca_Nova art/lfn
2025-12-10 16:12:00,965 [DEBUG] - espeak-ng: 5  lt              --/M      Lithuanian         bat/lt
2025-12-10 16:12:00,965 [DEBUG] - espeak-ng: 5  lv              --/M      Latvian            bat/lv
2025-12-10 16:12:00,965 [DEBUG] - espeak-ng: 5  mi              --/M      Māori             poz/mi
2025-12-10 16:12:00,965 [DEBUG] - espeak-ng: 5  mk              --/M      Macedonian         zls/mk
2025-12-10 16:12:00,965 [DEBUG] - espeak-ng: 5  ml              --/M      Malayalam          dra/ml
2025-12-10 16:12:00,965 [DEBUG] - espeak-ng: 5  mr              --/M      Marathi            inc/mr
2025-12-10 16:12:00,965 [DEBUG] - espeak-ng: 5  ms              --/M      Malay              poz/ms
2025-12-10 16:12:00,965 [DEBUG] - espeak-ng: 5  mt              --/M      Maltese            sem/mt
2025-12-10 16:12:00,965 [DEBUG] - espeak-ng: 5  my              --/M      Myanmar_(Burmese)  sit/my
2025-12-10 16:12:00,965 [DEBUG] - espeak-ng: 5  nb              --/M      Norwegian_Bokmål  gmq/nb               (no 5)
2025-12-10 16:12:00,965 [DEBUG] - espeak-ng: 5  nci             --/M      Nahuatl_(Classical) azc/nci
2025-12-10 16:12:00,965 [DEBUG] - espeak-ng: 5  ne              --/M      Nepali             inc/ne
2025-12-10 16:12:00,965 [DEBUG] - espeak-ng: 5  nl              --/M      Dutch              gmw/nl
2025-12-10 16:12:00,965 [DEBUG] - espeak-ng: 5  om              --/M      Oromo              cus/om
2025-12-10 16:12:00,965 [DEBUG] - espeak-ng: 5  or              --/M      Oriya              inc/or
2025-12-10 16:12:00,965 [DEBUG] - espeak-ng: 5  pa              --/M      Punjabi            inc/pa
2025-12-10 16:12:00,966 [DEBUG] - espeak-ng: 5  pap             --/M      Papiamento         roa/pap
2025-12-10 16:12:00,966 [DEBUG] - espeak-ng: 5  pl              --/M      Polish             zlw/pl
2025-12-10 16:12:00,966 [DEBUG] - espeak-ng: 5  pt              --/M      Portuguese_(Portugal) roa/pt               (pt-pt 5)
2025-12-10 16:12:00,966 [DEBUG] - espeak-ng: 5  pt-br           --/M      Portuguese_(Brazil) roa/pt-BR            (pt 6)
2025-12-10 16:12:00,966 [DEBUG] - espeak-ng: 5  py              --/M      Pyash              art/py
2025-12-10 16:12:00,966 [DEBUG] - espeak-ng: 5  quc             --/M      K'iche'            myn/quc
2025-12-10 16:12:00,966 [DEBUG] - espeak-ng: 5  ro              --/M      Romanian           roa/ro
2025-12-10 16:12:00,966 [DEBUG] - espeak-ng: 5  ru              --/M      Russian            zle/ru
2025-12-10 16:12:00,966 [DEBUG] - espeak-ng: 2  ru-lv           --/M      Russian_(Latvia)   zle/ru-LV
2025-12-10 16:12:00,966 [DEBUG] - espeak-ng: 5  sd              --/M      Sindhi             inc/sd
2025-12-10 16:12:00,966 [DEBUG] - espeak-ng: 5  shn             --/M      Shan_(Tai_Yai)     tai/shn
2025-12-10 16:12:00,966 [DEBUG] - espeak-ng: 5  si              --/M      Sinhala            inc/si
2025-12-10 16:12:00,966 [DEBUG] - espeak-ng: 5  sk              --/M      Slovak             zlw/sk
2025-12-10 16:12:00,966 [DEBUG] - espeak-ng: 5  sl              --/M      Slovenian          zls/sl
2025-12-10 16:12:00,966 [DEBUG] - espeak-ng: 5  sq              --/M      Albanian           ine/sq
2025-12-10 16:12:00,966 [DEBUG] - espeak-ng: 5  sr              --/M      Serbian            zls/sr
2025-12-10 16:12:00,966 [DEBUG] - espeak-ng: 5  sv              --/M      Swedish            gmq/sv
2025-12-10 16:12:00,966 [DEBUG] - espeak-ng: 5  sw              --/M      Swahili            bnt/sw
2025-12-10 16:12:00,966 [DEBUG] - espeak-ng: 5  ta              --/M      Tamil              dra/ta
2025-12-10 16:12:00,966 [DEBUG] - espeak-ng: 5  te              --/M      Telugu             dra/te
2025-12-10 16:12:00,966 [DEBUG] - espeak-ng: 5  tn              --/M      Setswana           bnt/tn
2025-12-10 16:12:00,966 [DEBUG] - espeak-ng: 5  tr              --/M      Turkish            trk/tr
2025-12-10 16:12:00,966 [DEBUG] - espeak-ng: 5  tt              --/M      Tatar              trk/tt
2025-12-10 16:12:00,966 [DEBUG] - espeak-ng: 5  ur              --/M      Urdu               inc/ur
2025-12-10 16:12:00,966 [DEBUG] - espeak-ng: 5  uz              --/M      Uzbek              trk/uz
2025-12-10 16:12:00,966 [DEBUG] - espeak-ng: 5  vi              --/M      Vietnamese_(Northern) aav/vi
2025-12-10 16:12:00,966 [DEBUG] - espeak-ng: 5  vi-vn-x-central --/M      Vietnamese_(Central) aav/vi-VN-x-central
2025-12-10 16:12:00,966 [DEBUG] - espeak-ng: 5  vi-vn-x-south   --/M      Vietnamese_(Southern) aav/vi-VN-x-south
2025-12-10 16:12:00,966 [DEBUG] - espeak-ng: 5  yue             --/M      Chinese_(Cantonese) sit/yue              (zh-yue 5)(zh 8)
2025-12-10 16:12:00,966 [DEBUG] - open file: /home/ken/.local/share/tts/tts_models--en--vctk--vits/speaker_ids.json
2025-12-10 16:12:00,967 [INFO] - Initialization of speaker-embedding layers.
2025-12-10 16:12:01,213 [DEBUG] - open file: /home/ken/.local/share/tts/tts_models--en--vctk--vits/model.pth
2025-12-10 16:12:01,408 [INFO] - Websocket connected
2025-12-10 16:12:02,408 [INFO] - TTSSvc: tts_svc Connected!
2025-12-10 16:12:03,669 [INFO] - STTSvc: Transcribe took 0.4168281555175781, produced ---> 
2025-12-10 16:12:04,182 [INFO] - STTSvc: Transcribe took 0.19170689582824707, produced ---> 
2025-12-10 16:12:04,636 [INFO] - STTSvc: Transcribe took 0.18776893615722656, produced ---> 
2025-12-10 16:12:04,829 [INFO] - STTSvc: Transcribe took 0.19171428680419922, produced ---> 
2025-12-10 16:12:05,224 [INFO] - STTSvc: Transcribe took 0.18938493728637695, produced ---> 
2025-12-10 16:12:05,414 [INFO] - STTSvc: Transcribe took 0.18903040885925293, produced ---> 
2025-12-10 16:12:05,680 [INFO] - STTSvc: Transcribe took 0.1885213851928711, produced ---> 
2025-12-10 16:12:05,986 [INFO] - STTSvc: Transcribe took 0.1909189224243164, produced ---> 
2025-12-10 16:12:06,180 [INFO] - STTSvc: Transcribe took 0.19199562072753906, produced ---> 
2025-12-10 16:12:06,381 [INFO] - STTSvc: Transcribe took 0.19968152046203613, produced ---> 
2025-12-10 16:12:06,874 [INFO] - STTSvc: Transcribe took 0.1874394416809082, produced ---> 
2025-12-10 16:12:09,151 [INFO] - STTSvc: Transcribe took 0.20177054405212402, produced ---> 
2025-12-10 16:12:10,030 [INFO] - STTSvc: Transcribe took 0.18944716453552246, produced ---> 
2025-12-10 16:12:12,293 [INFO] - STTSvc: Transcribe took 0.19064950942993164, produced ---> 
2025-12-10 16:12:12,599 [INFO] - STTSvc: Transcribe took 0.1917123794555664, produced ---> 
2025-12-10 16:12:13,649 [INFO] - STTSvc: Transcribe took 0.19689226150512695, produced ---> 
2025-12-10 16:12:16,239 [INFO] - STTSvc: Transcribe took 0.243973970413208, produced ---> testing 1, 2, 3.
2025-12-10 16:12:16,250 [INFO] - Text split into sentences.
2025-12-10 16:12:16,250 [INFO] - Input: ['testing 1, 2, 3.']
2025-12-10 16:12:16,250 [DEBUG] - Tokenizer input text: testing 1, 2, 3.
2025-12-10 16:12:16,251 [DEBUG] - Cleaned text: testing one, two, three.
2025-12-10 16:12:16,251 [DEBUG] - Executing: ['espeak-ng', '-q', '-b', '1', '-v', 'en-us', '--ipa=1', '-f', '/tmp/tmp4jjktu0g']
2025-12-10 16:12:16,322 [DEBUG] - espeak-ng: t_ˈɛ_s_t_ɪ_ŋ w_ˌʌ_n
2025-12-10 16:12:16,323 [DEBUG] - Executing: ['espeak-ng', '-q', '-b', '1', '-v', 'en-us', '--ipa=1', '-f', '/tmp/tmpzed3zkj2']
2025-12-10 16:12:16,331 [DEBUG] - espeak-ng: t_ˈuː
2025-12-10 16:12:16,332 [DEBUG] - Executing: ['espeak-ng', '-q', '-b', '1', '-v', 'en-us', '--ipa=1', '-f', '/tmp/tmpx3rvz39x']
2025-12-10 16:12:16,340 [DEBUG] - espeak-ng: θ_ɹ_ˈiː
2025-12-10 16:12:16,340 [DEBUG] - Phonemes: tˈɛstɪŋ wˌʌn, tˈuː, θɹˈiː.
2025-12-10 16:12:16,769 [INFO] - Processing time: 0.527
2025-12-10 16:12:16,770 [INFO] - Real-time factor: 0.289
2025-12-10 16:12:16,797 [INFO] - TTSSvc: Transcribe took 0.555413007736206, Received text ---> testing 1, 2, 3.
2025-12-10 16:12:16,798 [INFO] - HAL: mute mic
2025-12-10 16:12:16,815 [INFO] - HAL: play wav aplay Config/tts_out/junk.wav  >/dev/null 2>&1
2025-12-10 16:12:16,886 [INFO] - STTSvc: Transcribe took 0.2798473834991455, produced ---> 
2025-12-10 16:12:18,701 [INFO] - HAL: unmute mic
2025-12-10 16:12:19,511 [INFO] - STTSvc: Transcribe took 0.20870304107666016, produced ---> 
2025-12-10 16:12:19,952 [INFO] - STTSvc: Transcribe took 0.19290471076965332, produced ---> 
2025-12-10 16:12:20,536 [INFO] - STTSvc: Transcribe took 0.1901869773864746, produced ---> 
2025-12-10 16:12:22,673 [INFO] - STTSvc: Transcribe took 0.21689581871032715, produced ---> testing one tooth.
2025-12-10 16:12:22,675 [INFO] - Text split into sentences.
2025-12-10 16:12:22,675 [INFO] - Input: ['testing one tooth.']
2025-12-10 16:12:22,676 [DEBUG] - Tokenizer input text: testing one tooth.
2025-12-10 16:12:22,676 [DEBUG] - Cleaned text: testing one tooth.
2025-12-10 16:12:22,676 [DEBUG] - Executing: ['espeak-ng', '-q', '-b', '1', '-v', 'en-us', '--ipa=1', '-f', '/tmp/tmpjnb5vadx']
2025-12-10 16:12:22,686 [DEBUG] - espeak-ng: t_ˈɛ_s_t_ɪ_ŋ w_ˈʌ_n t_ˈuː_θ
2025-12-10 16:12:22,686 [DEBUG] - Phonemes: tˈɛstɪŋ wˈʌn tˈuːθ.
2025-12-10 16:12:23,099 [INFO] - Processing time: 0.424
2025-12-10 16:12:23,099 [INFO] - Real-time factor: 0.259
2025-12-10 16:12:23,106 [INFO] - TTSSvc: Transcribe took 0.4313359260559082, Received text ---> testing one tooth.
2025-12-10 16:12:23,108 [INFO] - HAL: mute mic
2025-12-10 16:12:23,124 [INFO] - HAL: play wav aplay Config/tts_out/junk.wav  >/dev/null 2>&1
2025-12-10 16:12:23,925 [INFO] - STTSvc: Transcribe took 1.1648683547973633, produced ---> group.
2025-12-10 16:12:23,928 [INFO] - Text split into sentences.
2025-12-10 16:12:23,928 [INFO] - Input: ['group.']
2025-12-10 16:12:23,928 [DEBUG] - Tokenizer input text: group.
2025-12-10 16:12:23,928 [DEBUG] - Cleaned text: group.
2025-12-10 16:12:23,928 [DEBUG] - Executing: ['espeak-ng', '-q', '-b', '1', '-v', 'en-us', '--ipa=1', '-f', '/tmp/tmp425p3t1t']
2025-12-10 16:12:23,938 [DEBUG] - espeak-ng: ɡ_ɹ_ˈuː_p
2025-12-10 16:12:23,938 [DEBUG] - Phonemes: ɡɹˈuːp.
2025-12-10 16:12:24,068 [INFO] - Processing time: 0.141
2025-12-10 16:12:24,068 [INFO] - Real-time factor: 0.156
2025-12-10 16:12:24,070 [INFO] - TTSSvc: Transcribe took 0.1434314250946045, Received text ---> group.
2025-12-10 16:12:24,886 [INFO] - HAL: unmute mic
2025-12-10 16:12:24,895 [INFO] - HAL: mute mic
2025-12-10 16:12:24,903 [INFO] - HAL: play wav aplay Config/tts_out/junk.wav  >/dev/null 2>&1
2025-12-10 16:12:25,911 [INFO] - HAL: unmute mic
2025-12-10 16:12:29,242 [INFO] - STTSvc: Transcribe took 1.0122778415679932, produced ---> testing.
2025-12-10 16:12:29,245 [INFO] - Text split into sentences.
2025-12-10 16:12:29,245 [INFO] - Input: ['testing.']
2025-12-10 16:12:29,245 [DEBUG] - Tokenizer input text: testing.
2025-12-10 16:12:29,245 [DEBUG] - Cleaned text: testing.
2025-12-10 16:12:29,246 [DEBUG] - Executing: ['espeak-ng', '-q', '-b', '1', '-v', 'en-us', '--ipa=1', '-f', '/tmp/tmpaogqp4lm']
2025-12-10 16:12:29,256 [DEBUG] - espeak-ng: t_ˈɛ_s_t_ɪ_ŋ
2025-12-10 16:12:29,256 [DEBUG] - Phonemes: tˈɛstɪŋ.
2025-12-10 16:12:29,533 [INFO] - STTSvc: Transcribe took 0.28905653953552246, produced ---> 
2025-12-10 16:12:29,576 [INFO] - Processing time: 0.331
2025-12-10 16:12:29,576 [INFO] - Real-time factor: 0.257
2025-12-10 16:12:29,578 [INFO] - TTSSvc: Transcribe took 0.333996057510376, Received text ---> testing.
2025-12-10 16:12:29,580 [INFO] - HAL: mute mic
2025-12-10 16:12:29,589 [INFO] - HAL: play wav aplay Config/tts_out/junk.wav  >/dev/null 2>&1
2025-12-10 16:12:30,972 [INFO] - HAL: unmute mic
2025-12-10 16:12:33,132 [INFO] - STTSvc: Transcribe took 0.24846243858337402, produced ---> Testing 1, 2, 3.
2025-12-10 16:12:33,135 [INFO] - Text split into sentences.
2025-12-10 16:12:33,135 [INFO] - Input: ['Testing 1, 2, 3.']
2025-12-10 16:12:33,136 [DEBUG] - Tokenizer input text: Testing 1, 2, 3.
2025-12-10 16:12:33,136 [DEBUG] - Cleaned text: Testing one, two, three.
2025-12-10 16:12:33,136 [DEBUG] - Executing: ['espeak-ng', '-q', '-b', '1', '-v', 'en-us', '--ipa=1', '-f', '/tmp/tmp3gejft7l']
2025-12-10 16:12:33,146 [DEBUG] - espeak-ng: t_ˈɛ_s_t_ɪ_ŋ w_ˌʌ_n
2025-12-10 16:12:33,147 [DEBUG] - Executing: ['espeak-ng', '-q', '-b', '1', '-v', 'en-us', '--ipa=1', '-f', '/tmp/tmpx3o6tcy3']
2025-12-10 16:12:33,156 [DEBUG] - espeak-ng: t_ˈuː
2025-12-10 16:12:33,156 [DEBUG] - Executing: ['espeak-ng', '-q', '-b', '1', '-v', 'en-us', '--ipa=1', '-f', '/tmp/tmp2awtp_us']
2025-12-10 16:12:33,165 [DEBUG] - espeak-ng: θ_ɹ_ˈiː
2025-12-10 16:12:33,166 [DEBUG] - Phonemes: tˈɛstɪŋ wˌʌn, tˈuː, θɹˈiː.
2025-12-10 16:12:33,528 [INFO] - Processing time: 0.393
2025-12-10 16:12:33,528 [INFO] - Real-time factor: 0.199
2025-12-10 16:12:33,532 [INFO] - TTSSvc: Transcribe took 0.39739537239074707, Received text ---> Testing 1, 2, 3.
2025-12-10 16:12:33,534 [INFO] - HAL: mute mic
2025-12-10 16:12:33,543 [INFO] - HAL: play wav aplay Config/tts_out/junk.wav  >/dev/null 2>&1
2025-12-10 16:12:35,550 [INFO] - HAL: unmute mic
2025-12-10 16:12:37,119 [INFO] - STTSvc: Transcribe took 0.19024324417114258, produced ---> 
2025-12-10 16:12:45,380 [INFO] - STTSvc: Transcribe took 0.18751072883605957, produced ---> 
2025-12-10 16:12:49,276 [INFO] - STTSvc: Transcribe took 0.19000530242919922, produced ---> 
2025-12-10 16:12:49,728 [INFO] - STTSvc: Transcribe took 0.18610334396362305, produced ---> 
2025-12-10 16:12:50,189 [INFO] - STTSvc: Transcribe took 0.1889355182647705, produced ---> 
2025-12-10 16:12:50,926 [INFO] - STTSvc: Transcribe took 0.18798470497131348, produced ---> 
2025-12-10 16:12:51,535 [INFO] - STTSvc: Transcribe took 0.18591737747192383, produced ---> 
2025-12-10 16:12:52,428 [INFO] - STTSvc: Transcribe took 0.18855810165405273, produced ---> 
2025-12-10 16:12:52,729 [INFO] - STTSvc: Transcribe took 0.1860349178314209, produced ---> 
2025-12-10 16:12:53,322 [INFO] - STTSvc: Transcribe took 0.1916649341583252, produced ---> 
2025-12-10 16:12:54,083 [INFO] - STTSvc: Transcribe took 0.19170546531677246, produced ---> 
2025-12-10 16:12:54,537 [INFO] - STTSvc: Transcribe took 0.18691325187683105, produced ---> 
2025-12-10 16:12:54,817 [INFO] - STTSvc: Transcribe took 0.1853635311126709, produced ---> 
2025-12-10 16:12:55,276 [INFO] - STTSvc: Transcribe took 0.18878555297851562, produced ---> 
2025-12-10 16:12:55,732 [INFO] - STTSvc: Transcribe took 0.18724322319030762, produced ---> 
2025-12-10 16:12:56,771 [INFO] - STTSvc: Transcribe took 0.18312597274780273, produced ---> 
2025-12-10 16:12:58,121 [INFO] - STTSvc: Transcribe took 0.18537163734436035, produced ---> 
2025-12-10 16:12:58,746 [INFO] - STTSvc: Transcribe took 0.19965577125549316, produced ---> 
2025-12-10 16:12:59,321 [INFO] - STTSvc: Transcribe took 0.18943357467651367, produced ---> 
2025-12-10 16:14:01,904 [INFO] - STTSvc: model:vosk-model-small-en-us-0.15, useGPU:False, keyFile:/home/ken/YAVA/Keys/open-ai-key.txt
2025-12-10 16:14:01,913 [INFO] - MediaSvc: bargeIn: False, localEnabled: True, remotePort: None
2025-12-10 16:14:01,913 [DEBUG] - MediaSvc: Remote audio output is disabled
2025-12-10 16:14:01,913 [INFO] - MediaSvc: attempt to connect to main message bus
2025-12-10 16:14:01,914 [DEBUG] - ** media_svc - Not Connected **
2025-12-10 16:14:01,917 [INFO] - Websocket connected
2025-12-10 16:14:02,213 [INFO] - Websocket connected
2025-12-10 16:14:02,915 [INFO] - MediaSvc: connected to main message bus. ID is media_svc.
2025-12-10 16:14:02,918 [INFO] - HAL: Activated. Volume command is amixer -D pulse sset Master %s, Mic command is pactl set-source-volume $(pactl info | grep "Default Source" | cut -d " " -f3) %s
2025-12-10 16:14:02,964 [DEBUG] - Loading FFmpeg6
2025-12-10 16:14:02,965 [DEBUG] - Failed to load FFmpeg6 extension.
Traceback (most recent call last):
  File "/home/ken/YAVOS/venv_yavos/lib/python3.10/site-packages/torio/_extension/utils.py", line 116, in _find_ffmpeg_extension
    ext = _find_versionsed_ffmpeg_extension(ffmpeg_ver)
  File "/home/ken/YAVOS/venv_yavos/lib/python3.10/site-packages/torio/_extension/utils.py", line 108, in _find_versionsed_ffmpeg_extension
    _load_lib(lib)
  File "/home/ken/YAVOS/venv_yavos/lib/python3.10/site-packages/torio/_extension/utils.py", line 94, in _load_lib
    torch.ops.load_library(path)
  File "/home/ken/YAVOS/venv_yavos/lib/python3.10/site-packages/torch/_ops.py", line 1478, in load_library
    ctypes.CDLL(path)
  File "/usr/lib/python3.10/ctypes/__init__.py", line 374, in __init__
    self._handle = _dlopen(self._name, mode)
OSError: libavutil.so.58: cannot open shared object file: No such file or directory
2025-12-10 16:14:02,966 [DEBUG] - Loading FFmpeg5
2025-12-10 16:14:02,966 [DEBUG] - Failed to load FFmpeg5 extension.
Traceback (most recent call last):
  File "/home/ken/YAVOS/venv_yavos/lib/python3.10/site-packages/torio/_extension/utils.py", line 116, in _find_ffmpeg_extension
    ext = _find_versionsed_ffmpeg_extension(ffmpeg_ver)
  File "/home/ken/YAVOS/venv_yavos/lib/python3.10/site-packages/torio/_extension/utils.py", line 108, in _find_versionsed_ffmpeg_extension
    _load_lib(lib)
  File "/home/ken/YAVOS/venv_yavos/lib/python3.10/site-packages/torio/_extension/utils.py", line 94, in _load_lib
    torch.ops.load_library(path)
  File "/home/ken/YAVOS/venv_yavos/lib/python3.10/site-packages/torch/_ops.py", line 1478, in load_library
    ctypes.CDLL(path)
  File "/usr/lib/python3.10/ctypes/__init__.py", line 374, in __init__
    self._handle = _dlopen(self._name, mode)
OSError: libavutil.so.57: cannot open shared object file: No such file or directory
2025-12-10 16:14:02,966 [DEBUG] - Loading FFmpeg4
2025-12-10 16:14:03,001 [DEBUG] - Successfully loaded FFmpeg4
2025-12-10 16:14:03,868 [DEBUG] - bytecode dump:
>          0	NOP(arg=None, lineno=1137)
           2	LOAD_FAST(arg=0, lineno=1140)
           4	LOAD_CONST(arg=1, lineno=1140)
           6	BINARY_SUBSCR(arg=None, lineno=1140)
           8	STORE_FAST(arg=3, lineno=1140)
          10	LOAD_FAST(arg=1, lineno=1141)
          12	UNARY_NEGATIVE(arg=None, lineno=1141)
          14	LOAD_FAST(arg=3, lineno=1141)
          16	DUP_TOP(arg=None, lineno=1141)
          18	ROT_THREE(arg=None, lineno=1141)
          20	COMPARE_OP(arg=1, lineno=1141)
          22	POP_JUMP_IF_FALSE(arg=17, lineno=1141)
          24	LOAD_FAST(arg=1, lineno=1141)
          26	COMPARE_OP(arg=1, lineno=1141)
          28	POP_JUMP_IF_FALSE(arg=21, lineno=1141)
          30	JUMP_FORWARD(arg=2, lineno=1141)
>         32	POP_TOP(arg=None, lineno=1141)
          34	JUMP_FORWARD(arg=2, lineno=1141)
>         36	LOAD_CONST(arg=1, lineno=1142)
          38	STORE_FAST(arg=3, lineno=1142)
>         40	LOAD_FAST(arg=0, lineno=1144)
          42	LOAD_CONST(arg=2, lineno=1144)
          44	BINARY_SUBSCR(arg=None, lineno=1144)
          46	STORE_FAST(arg=4, lineno=1144)
          48	LOAD_FAST(arg=1, lineno=1145)
          50	UNARY_NEGATIVE(arg=None, lineno=1145)
          52	LOAD_FAST(arg=4, lineno=1145)
          54	DUP_TOP(arg=None, lineno=1145)
          56	ROT_THREE(arg=None, lineno=1145)
          58	COMPARE_OP(arg=1, lineno=1145)
          60	POP_JUMP_IF_FALSE(arg=36, lineno=1145)
          62	LOAD_FAST(arg=1, lineno=1145)
          64	COMPARE_OP(arg=1, lineno=1145)
          66	POP_JUMP_IF_FALSE(arg=40, lineno=1145)
          68	JUMP_FORWARD(arg=2, lineno=1145)
>         70	POP_TOP(arg=None, lineno=1145)
          72	JUMP_FORWARD(arg=2, lineno=1145)
>         74	LOAD_CONST(arg=1, lineno=1146)
          76	STORE_FAST(arg=4, lineno=1146)
>         78	LOAD_FAST(arg=2, lineno=1148)
          80	POP_JUMP_IF_FALSE(arg=52, lineno=1148)
          82	LOAD_GLOBAL(arg=0, lineno=1149)
          84	LOAD_METHOD(arg=1, lineno=1149)
          86	LOAD_FAST(arg=3, lineno=1149)
          88	CALL_METHOD(arg=1, lineno=1149)
          90	LOAD_GLOBAL(arg=0, lineno=1149)
          92	LOAD_METHOD(arg=1, lineno=1149)
          94	LOAD_FAST(arg=4, lineno=1149)
          96	CALL_METHOD(arg=1, lineno=1149)
          98	COMPARE_OP(arg=3, lineno=1149)
         100	RETURN_VALUE(arg=None, lineno=1149)
>        102	LOAD_GLOBAL(arg=0, lineno=1151)
         104	LOAD_METHOD(arg=2, lineno=1151)
         106	LOAD_FAST(arg=3, lineno=1151)
         108	CALL_METHOD(arg=1, lineno=1151)
         110	LOAD_GLOBAL(arg=0, lineno=1151)
         112	LOAD_METHOD(arg=2, lineno=1151)
         114	LOAD_FAST(arg=4, lineno=1151)
         116	CALL_METHOD(arg=1, lineno=1151)
         118	COMPARE_OP(arg=3, lineno=1151)
         120	RETURN_VALUE(arg=None, lineno=1151)
2025-12-10 16:14:03,868 [DEBUG] - pending: deque([State(pc_initial=0 nstack_initial=0)])
2025-12-10 16:14:03,869 [DEBUG] - stack: []
2025-12-10 16:14:03,869 [DEBUG] - state.pc_initial: State(pc_initial=0 nstack_initial=0)
2025-12-10 16:14:03,869 [DEBUG] - dispatch pc=0, inst=NOP(arg=None, lineno=1137)
2025-12-10 16:14:03,869 [DEBUG] - stack []
2025-12-10 16:14:03,869 [DEBUG] - dispatch pc=2, inst=LOAD_FAST(arg=0, lineno=1140)
2025-12-10 16:14:03,869 [DEBUG] - stack []
2025-12-10 16:14:03,869 [DEBUG] - dispatch pc=4, inst=LOAD_CONST(arg=1, lineno=1140)
2025-12-10 16:14:03,869 [DEBUG] - stack ['$x2.0']
2025-12-10 16:14:03,869 [DEBUG] - dispatch pc=6, inst=BINARY_SUBSCR(arg=None, lineno=1140)
2025-12-10 16:14:03,869 [DEBUG] - stack ['$x2.0', '$const4.1.1']
2025-12-10 16:14:03,869 [DEBUG] - dispatch pc=8, inst=STORE_FAST(arg=3, lineno=1140)
2025-12-10 16:14:03,869 [DEBUG] - stack ['$6binary_subscr.2']
2025-12-10 16:14:03,869 [DEBUG] - dispatch pc=10, inst=LOAD_FAST(arg=1, lineno=1141)
2025-12-10 16:14:03,869 [DEBUG] - stack []
2025-12-10 16:14:03,869 [DEBUG] - dispatch pc=12, inst=UNARY_NEGATIVE(arg=None, lineno=1141)
2025-12-10 16:14:03,869 [DEBUG] - stack ['$threshold10.3']
2025-12-10 16:14:03,869 [DEBUG] - dispatch pc=14, inst=LOAD_FAST(arg=3, lineno=1141)
2025-12-10 16:14:03,869 [DEBUG] - stack ['$12unary_negative.4']
2025-12-10 16:14:03,869 [DEBUG] - dispatch pc=16, inst=DUP_TOP(arg=None, lineno=1141)
2025-12-10 16:14:03,869 [DEBUG] - stack ['$12unary_negative.4', '$x014.5']
2025-12-10 16:14:03,870 [DEBUG] - dispatch pc=18, inst=ROT_THREE(arg=None, lineno=1141)
2025-12-10 16:14:03,870 [DEBUG] - stack ['$12unary_negative.4', '$x014.5', '$16dup_top.6']
2025-12-10 16:14:03,870 [DEBUG] - dispatch pc=20, inst=COMPARE_OP(arg=1, lineno=1141)
2025-12-10 16:14:03,870 [DEBUG] - stack ['$16dup_top.6', '$12unary_negative.4', '$x014.5']
2025-12-10 16:14:03,870 [DEBUG] - dispatch pc=22, inst=POP_JUMP_IF_FALSE(arg=17, lineno=1141)
2025-12-10 16:14:03,870 [DEBUG] - stack ['$16dup_top.6', '$20compare_op.7']
2025-12-10 16:14:03,870 [DEBUG] - end state. edges=[Edge(pc=24, stack=('$16dup_top.6',), blockstack=(), npush=0), Edge(pc=32, stack=('$16dup_top.6',), blockstack=(), npush=0)]
2025-12-10 16:14:03,870 [DEBUG] - pending: deque([State(pc_initial=24 nstack_initial=1), State(pc_initial=32 nstack_initial=1)])
2025-12-10 16:14:03,870 [DEBUG] - stack: ['$phi24.0']
2025-12-10 16:14:03,870 [DEBUG] - state.pc_initial: State(pc_initial=24 nstack_initial=1)
2025-12-10 16:14:03,870 [DEBUG] - dispatch pc=24, inst=LOAD_FAST(arg=1, lineno=1141)
2025-12-10 16:14:03,870 [DEBUG] - stack ['$phi24.0']
2025-12-10 16:14:03,870 [DEBUG] - dispatch pc=26, inst=COMPARE_OP(arg=1, lineno=1141)
2025-12-10 16:14:03,870 [DEBUG] - stack ['$phi24.0', '$threshold24.1']
2025-12-10 16:14:03,871 [DEBUG] - dispatch pc=28, inst=POP_JUMP_IF_FALSE(arg=21, lineno=1141)
2025-12-10 16:14:03,871 [DEBUG] - stack ['$26compare_op.2']
2025-12-10 16:14:03,871 [DEBUG] - end state. edges=[Edge(pc=30, stack=(), blockstack=(), npush=0), Edge(pc=40, stack=(), blockstack=(), npush=0)]
2025-12-10 16:14:03,871 [DEBUG] - pending: deque([State(pc_initial=32 nstack_initial=1), State(pc_initial=30 nstack_initial=0), State(pc_initial=40 nstack_initial=0)])
2025-12-10 16:14:03,871 [DEBUG] - stack: ['$phi32.0']
2025-12-10 16:14:03,871 [DEBUG] - state.pc_initial: State(pc_initial=32 nstack_initial=1)
2025-12-10 16:14:03,871 [DEBUG] - dispatch pc=32, inst=POP_TOP(arg=None, lineno=1141)
2025-12-10 16:14:03,871 [DEBUG] - stack ['$phi32.0']
2025-12-10 16:14:03,871 [DEBUG] - dispatch pc=34, inst=JUMP_FORWARD(arg=2, lineno=1141)
2025-12-10 16:14:03,871 [DEBUG] - stack []
2025-12-10 16:14:03,871 [DEBUG] - end state. edges=[Edge(pc=40, stack=(), blockstack=(), npush=0)]
2025-12-10 16:14:03,871 [DEBUG] - pending: deque([State(pc_initial=30 nstack_initial=0), State(pc_initial=40 nstack_initial=0), State(pc_initial=40 nstack_initial=0)])
2025-12-10 16:14:03,871 [DEBUG] - stack: []
2025-12-10 16:14:03,871 [DEBUG] - state.pc_initial: State(pc_initial=30 nstack_initial=0)
2025-12-10 16:14:03,871 [DEBUG] - dispatch pc=30, inst=JUMP_FORWARD(arg=2, lineno=1141)
2025-12-10 16:14:03,871 [DEBUG] - stack []
2025-12-10 16:14:03,871 [DEBUG] - end state. edges=[Edge(pc=36, stack=(), blockstack=(), npush=0)]
2025-12-10 16:14:03,871 [DEBUG] - pending: deque([State(pc_initial=40 nstack_initial=0), State(pc_initial=40 nstack_initial=0), State(pc_initial=36 nstack_initial=0)])
2025-12-10 16:14:03,871 [DEBUG] - stack: []
2025-12-10 16:14:03,871 [DEBUG] - state.pc_initial: State(pc_initial=40 nstack_initial=0)
2025-12-10 16:14:03,871 [DEBUG] - dispatch pc=40, inst=LOAD_FAST(arg=0, lineno=1144)
2025-12-10 16:14:03,871 [DEBUG] - stack []
2025-12-10 16:14:03,871 [DEBUG] - dispatch pc=42, inst=LOAD_CONST(arg=2, lineno=1144)
2025-12-10 16:14:03,871 [DEBUG] - stack ['$x40.0']
2025-12-10 16:14:03,871 [DEBUG] - dispatch pc=44, inst=BINARY_SUBSCR(arg=None, lineno=1144)
2025-12-10 16:14:03,871 [DEBUG] - stack ['$x40.0', '$const42.1.2']
2025-12-10 16:14:03,871 [DEBUG] - dispatch pc=46, inst=STORE_FAST(arg=4, lineno=1144)
2025-12-10 16:14:03,871 [DEBUG] - stack ['$44binary_subscr.2']
2025-12-10 16:14:03,871 [DEBUG] - dispatch pc=48, inst=LOAD_FAST(arg=1, lineno=1145)
2025-12-10 16:14:03,871 [DEBUG] - stack []
2025-12-10 16:14:03,871 [DEBUG] - dispatch pc=50, inst=UNARY_NEGATIVE(arg=None, lineno=1145)
2025-12-10 16:14:03,871 [DEBUG] - stack ['$threshold48.3']
2025-12-10 16:14:03,871 [DEBUG] - dispatch pc=52, inst=LOAD_FAST(arg=4, lineno=1145)
2025-12-10 16:14:03,871 [DEBUG] - stack ['$50unary_negative.4']
2025-12-10 16:14:03,871 [DEBUG] - dispatch pc=54, inst=DUP_TOP(arg=None, lineno=1145)
2025-12-10 16:14:03,871 [DEBUG] - stack ['$50unary_negative.4', '$x152.5']
2025-12-10 16:14:03,871 [DEBUG] - dispatch pc=56, inst=ROT_THREE(arg=None, lineno=1145)
2025-12-10 16:14:03,871 [DEBUG] - stack ['$50unary_negative.4', '$x152.5', '$54dup_top.6']
2025-12-10 16:14:03,871 [DEBUG] - dispatch pc=58, inst=COMPARE_OP(arg=1, lineno=1145)
2025-12-10 16:14:03,871 [DEBUG] - stack ['$54dup_top.6', '$50unary_negative.4', '$x152.5']
2025-12-10 16:14:03,872 [DEBUG] - dispatch pc=60, inst=POP_JUMP_IF_FALSE(arg=36, lineno=1145)
2025-12-10 16:14:03,872 [DEBUG] - stack ['$54dup_top.6', '$58compare_op.7']
2025-12-10 16:14:03,872 [DEBUG] - end state. edges=[Edge(pc=62, stack=('$54dup_top.6',), blockstack=(), npush=0), Edge(pc=70, stack=('$54dup_top.6',), blockstack=(), npush=0)]
2025-12-10 16:14:03,872 [DEBUG] - pending: deque([State(pc_initial=40 nstack_initial=0), State(pc_initial=36 nstack_initial=0), State(pc_initial=62 nstack_initial=1), State(pc_initial=70 nstack_initial=1)])
2025-12-10 16:14:03,872 [DEBUG] - pending: deque([State(pc_initial=36 nstack_initial=0), State(pc_initial=62 nstack_initial=1), State(pc_initial=70 nstack_initial=1)])
2025-12-10 16:14:03,872 [DEBUG] - stack: []
2025-12-10 16:14:03,872 [DEBUG] - state.pc_initial: State(pc_initial=36 nstack_initial=0)
2025-12-10 16:14:03,872 [DEBUG] - dispatch pc=36, inst=LOAD_CONST(arg=1, lineno=1142)
2025-12-10 16:14:03,872 [DEBUG] - stack []
2025-12-10 16:14:03,872 [DEBUG] - dispatch pc=38, inst=STORE_FAST(arg=3, lineno=1142)
2025-12-10 16:14:03,872 [DEBUG] - stack ['$const36.0.1']
2025-12-10 16:14:03,872 [DEBUG] - end state. edges=[Edge(pc=40, stack=(), blockstack=(), npush=0)]
2025-12-10 16:14:03,872 [DEBUG] - pending: deque([State(pc_initial=62 nstack_initial=1), State(pc_initial=70 nstack_initial=1), State(pc_initial=40 nstack_initial=0)])
2025-12-10 16:14:03,872 [DEBUG] - stack: ['$phi62.0']
2025-12-10 16:14:03,872 [DEBUG] - state.pc_initial: State(pc_initial=62 nstack_initial=1)
2025-12-10 16:14:03,872 [DEBUG] - dispatch pc=62, inst=LOAD_FAST(arg=1, lineno=1145)
2025-12-10 16:14:03,872 [DEBUG] - stack ['$phi62.0']
2025-12-10 16:14:03,872 [DEBUG] - dispatch pc=64, inst=COMPARE_OP(arg=1, lineno=1145)
2025-12-10 16:14:03,872 [DEBUG] - stack ['$phi62.0', '$threshold62.1']
2025-12-10 16:14:03,872 [DEBUG] - dispatch pc=66, inst=POP_JUMP_IF_FALSE(arg=40, lineno=1145)
2025-12-10 16:14:03,872 [DEBUG] - stack ['$64compare_op.2']
2025-12-10 16:14:03,872 [DEBUG] - end state. edges=[Edge(pc=68, stack=(), blockstack=(), npush=0), Edge(pc=78, stack=(), blockstack=(), npush=0)]
2025-12-10 16:14:03,872 [DEBUG] - pending: deque([State(pc_initial=70 nstack_initial=1), State(pc_initial=40 nstack_initial=0), State(pc_initial=68 nstack_initial=0), State(pc_initial=78 nstack_initial=0)])
2025-12-10 16:14:03,872 [DEBUG] - stack: ['$phi70.0']
2025-12-10 16:14:03,872 [DEBUG] - state.pc_initial: State(pc_initial=70 nstack_initial=1)
2025-12-10 16:14:03,872 [DEBUG] - dispatch pc=70, inst=POP_TOP(arg=None, lineno=1145)
2025-12-10 16:14:03,872 [DEBUG] - stack ['$phi70.0']
2025-12-10 16:14:03,872 [DEBUG] - dispatch pc=72, inst=JUMP_FORWARD(arg=2, lineno=1145)
2025-12-10 16:14:03,872 [DEBUG] - stack []
2025-12-10 16:14:03,872 [DEBUG] - end state. edges=[Edge(pc=78, stack=(), blockstack=(), npush=0)]
2025-12-10 16:14:03,872 [DEBUG] - pending: deque([State(pc_initial=40 nstack_initial=0), State(pc_initial=68 nstack_initial=0), State(pc_initial=78 nstack_initial=0), State(pc_initial=78 nstack_initial=0)])
2025-12-10 16:14:03,872 [DEBUG] - pending: deque([State(pc_initial=68 nstack_initial=0), State(pc_initial=78 nstack_initial=0), State(pc_initial=78 nstack_initial=0)])
2025-12-10 16:14:03,872 [DEBUG] - stack: []
2025-12-10 16:14:03,872 [DEBUG] - state.pc_initial: State(pc_initial=68 nstack_initial=0)
2025-12-10 16:14:03,872 [DEBUG] - dispatch pc=68, inst=JUMP_FORWARD(arg=2, lineno=1145)
2025-12-10 16:14:03,872 [DEBUG] - stack []
2025-12-10 16:14:03,872 [DEBUG] - end state. edges=[Edge(pc=74, stack=(), blockstack=(), npush=0)]
2025-12-10 16:14:03,872 [DEBUG] - pending: deque([State(pc_initial=78 nstack_initial=0), State(pc_initial=78 nstack_initial=0), State(pc_initial=74 nstack_initial=0)])
2025-12-10 16:14:03,872 [DEBUG] - stack: []
2025-12-10 16:14:03,872 [DEBUG] - state.pc_initial: State(pc_initial=78 nstack_initial=0)
2025-12-10 16:14:03,873 [DEBUG] - dispatch pc=78, inst=LOAD_FAST(arg=2, lineno=1148)
2025-12-10 16:14:03,873 [DEBUG] - stack []
2025-12-10 16:14:03,873 [DEBUG] - dispatch pc=80, inst=POP_JUMP_IF_FALSE(arg=52, lineno=1148)
2025-12-10 16:14:03,873 [DEBUG] - stack ['$zero_pos78.0']
2025-12-10 16:14:03,873 [DEBUG] - end state. edges=[Edge(pc=82, stack=(), blockstack=(), npush=0), Edge(pc=102, stack=(), blockstack=(), npush=0)]
2025-12-10 16:14:03,873 [DEBUG] - pending: deque([State(pc_initial=78 nstack_initial=0), State(pc_initial=74 nstack_initial=0), State(pc_initial=82 nstack_initial=0), State(pc_initial=102 nstack_initial=0)])
2025-12-10 16:14:03,873 [DEBUG] - pending: deque([State(pc_initial=74 nstack_initial=0), State(pc_initial=82 nstack_initial=0), State(pc_initial=102 nstack_initial=0)])
2025-12-10 16:14:03,873 [DEBUG] - stack: []
2025-12-10 16:14:03,873 [DEBUG] - state.pc_initial: State(pc_initial=74 nstack_initial=0)
2025-12-10 16:14:03,873 [DEBUG] - dispatch pc=74, inst=LOAD_CONST(arg=1, lineno=1146)
2025-12-10 16:14:03,873 [DEBUG] - stack []
2025-12-10 16:14:03,873 [DEBUG] - dispatch pc=76, inst=STORE_FAST(arg=4, lineno=1146)
2025-12-10 16:14:03,873 [DEBUG] - stack ['$const74.0.1']
2025-12-10 16:14:03,873 [DEBUG] - end state. edges=[Edge(pc=78, stack=(), blockstack=(), npush=0)]
2025-12-10 16:14:03,873 [DEBUG] - pending: deque([State(pc_initial=82 nstack_initial=0), State(pc_initial=102 nstack_initial=0), State(pc_initial=78 nstack_initial=0)])
2025-12-10 16:14:03,873 [DEBUG] - stack: []
2025-12-10 16:14:03,873 [DEBUG] - state.pc_initial: State(pc_initial=82 nstack_initial=0)
2025-12-10 16:14:03,873 [DEBUG] - dispatch pc=82, inst=LOAD_GLOBAL(arg=0, lineno=1149)
2025-12-10 16:14:03,873 [DEBUG] - stack []
2025-12-10 16:14:03,873 [DEBUG] - dispatch pc=84, inst=LOAD_METHOD(arg=1, lineno=1149)
2025-12-10 16:14:03,873 [DEBUG] - stack ['$82load_global.0']
2025-12-10 16:14:03,873 [DEBUG] - dispatch pc=86, inst=LOAD_FAST(arg=3, lineno=1149)
2025-12-10 16:14:03,873 [DEBUG] - stack ['$84load_method.1']
2025-12-10 16:14:03,873 [DEBUG] - dispatch pc=88, inst=CALL_METHOD(arg=1, lineno=1149)
2025-12-10 16:14:03,873 [DEBUG] - stack ['$84load_method.1', '$x086.2']
2025-12-10 16:14:03,873 [DEBUG] - dispatch pc=90, inst=LOAD_GLOBAL(arg=0, lineno=1149)
2025-12-10 16:14:03,873 [DEBUG] - stack ['$88call_method.3']
2025-12-10 16:14:03,873 [DEBUG] - dispatch pc=92, inst=LOAD_METHOD(arg=1, lineno=1149)
2025-12-10 16:14:03,873 [DEBUG] - stack ['$88call_method.3', '$90load_global.4']
2025-12-10 16:14:03,873 [DEBUG] - dispatch pc=94, inst=LOAD_FAST(arg=4, lineno=1149)
2025-12-10 16:14:03,873 [DEBUG] - stack ['$88call_method.3', '$92load_method.5']
2025-12-10 16:14:03,873 [DEBUG] - dispatch pc=96, inst=CALL_METHOD(arg=1, lineno=1149)
2025-12-10 16:14:03,873 [DEBUG] - stack ['$88call_method.3', '$92load_method.5', '$x194.6']
2025-12-10 16:14:03,873 [DEBUG] - dispatch pc=98, inst=COMPARE_OP(arg=3, lineno=1149)
2025-12-10 16:14:03,873 [DEBUG] - stack ['$88call_method.3', '$96call_method.7']
2025-12-10 16:14:03,873 [DEBUG] - dispatch pc=100, inst=RETURN_VALUE(arg=None, lineno=1149)
2025-12-10 16:14:03,873 [DEBUG] - stack ['$98compare_op.8']
2025-12-10 16:14:03,873 [DEBUG] - end state. edges=[]
2025-12-10 16:14:03,873 [DEBUG] - pending: deque([State(pc_initial=102 nstack_initial=0), State(pc_initial=78 nstack_initial=0)])
2025-12-10 16:14:03,873 [DEBUG] - stack: []
2025-12-10 16:14:03,873 [DEBUG] - state.pc_initial: State(pc_initial=102 nstack_initial=0)
2025-12-10 16:14:03,874 [DEBUG] - dispatch pc=102, inst=LOAD_GLOBAL(arg=0, lineno=1151)
2025-12-10 16:14:03,874 [DEBUG] - stack []
2025-12-10 16:14:03,874 [DEBUG] - dispatch pc=104, inst=LOAD_METHOD(arg=2, lineno=1151)
2025-12-10 16:14:03,874 [DEBUG] - stack ['$102load_global.0']
2025-12-10 16:14:03,874 [DEBUG] - dispatch pc=106, inst=LOAD_FAST(arg=3, lineno=1151)
2025-12-10 16:14:03,874 [DEBUG] - stack ['$104load_method.1']
2025-12-10 16:14:03,874 [DEBUG] - dispatch pc=108, inst=CALL_METHOD(arg=1, lineno=1151)
2025-12-10 16:14:03,874 [DEBUG] - stack ['$104load_method.1', '$x0106.2']
2025-12-10 16:14:03,874 [DEBUG] - dispatch pc=110, inst=LOAD_GLOBAL(arg=0, lineno=1151)
2025-12-10 16:14:03,874 [DEBUG] - stack ['$108call_method.3']
2025-12-10 16:14:03,874 [DEBUG] - dispatch pc=112, inst=LOAD_METHOD(arg=2, lineno=1151)
2025-12-10 16:14:03,874 [DEBUG] - stack ['$108call_method.3', '$110load_global.4']
2025-12-10 16:14:03,874 [DEBUG] - dispatch pc=114, inst=LOAD_FAST(arg=4, lineno=1151)
2025-12-10 16:14:03,874 [DEBUG] - stack ['$108call_method.3', '$112load_method.5']
2025-12-10 16:14:03,874 [DEBUG] - dispatch pc=116, inst=CALL_METHOD(arg=1, lineno=1151)
2025-12-10 16:14:03,874 [DEBUG] - stack ['$108call_method.3', '$112load_method.5', '$x1114.6']
2025-12-10 16:14:03,874 [DEBUG] - dispatch pc=118, inst=COMPARE_OP(arg=3, lineno=1151)
2025-12-10 16:14:03,874 [DEBUG] - stack ['$108call_method.3', '$116call_method.7']
2025-12-10 16:14:03,874 [DEBUG] - dispatch pc=120, inst=RETURN_VALUE(arg=None, lineno=1151)
2025-12-10 16:14:03,874 [DEBUG] - stack ['$118compare_op.8']
2025-12-10 16:14:03,874 [DEBUG] - end state. edges=[]
2025-12-10 16:14:03,874 [DEBUG] - pending: deque([State(pc_initial=78 nstack_initial=0)])
2025-12-10 16:14:03,874 [DEBUG] - -------------------------Prune PHIs-------------------------
2025-12-10 16:14:03,874 [DEBUG] - Used_phis: defaultdict(<class 'set'>,
            {State(pc_initial=0 nstack_initial=0): set(),
             State(pc_initial=24 nstack_initial=1): {'$phi24.0'},
             State(pc_initial=30 nstack_initial=0): set(),
             State(pc_initial=32 nstack_initial=1): set(),
             State(pc_initial=36 nstack_initial=0): set(),
             State(pc_initial=40 nstack_initial=0): set(),
             State(pc_initial=62 nstack_initial=1): {'$phi62.0'},
             State(pc_initial=68 nstack_initial=0): set(),
             State(pc_initial=70 nstack_initial=1): set(),
             State(pc_initial=74 nstack_initial=0): set(),
             State(pc_initial=78 nstack_initial=0): set(),
             State(pc_initial=82 nstack_initial=0): set(),
             State(pc_initial=102 nstack_initial=0): set()})
2025-12-10 16:14:03,874 [DEBUG] - defmap: {'$phi24.0': State(pc_initial=0 nstack_initial=0),
 '$phi32.0': State(pc_initial=0 nstack_initial=0),
 '$phi62.0': State(pc_initial=40 nstack_initial=0),
 '$phi70.0': State(pc_initial=40 nstack_initial=0)}
2025-12-10 16:14:03,874 [DEBUG] - phismap: defaultdict(<class 'set'>,
            {'$phi24.0': {('$16dup_top.6',
                           State(pc_initial=0 nstack_initial=0))},
             '$phi32.0': {('$16dup_top.6',
                           State(pc_initial=0 nstack_initial=0))},
             '$phi62.0': {('$54dup_top.6',
                           State(pc_initial=40 nstack_initial=0))},
             '$phi70.0': {('$54dup_top.6',
                           State(pc_initial=40 nstack_initial=0))}})
2025-12-10 16:14:03,874 [DEBUG] - changing phismap: defaultdict(<class 'set'>,
            {'$phi24.0': {('$16dup_top.6',
                           State(pc_initial=0 nstack_initial=0))},
             '$phi32.0': {('$16dup_top.6',
                           State(pc_initial=0 nstack_initial=0))},
             '$phi62.0': {('$54dup_top.6',
                           State(pc_initial=40 nstack_initial=0))},
             '$phi70.0': {('$54dup_top.6',
                           State(pc_initial=40 nstack_initial=0))}})
2025-12-10 16:14:03,875 [DEBUG] - keep phismap: {'$phi24.0': {('$16dup_top.6', State(pc_initial=0 nstack_initial=0))},
 '$phi62.0': {('$54dup_top.6', State(pc_initial=40 nstack_initial=0))}}
2025-12-10 16:14:03,875 [DEBUG] - new_out: defaultdict(<class 'dict'>,
            {State(pc_initial=0 nstack_initial=0): {'$phi24.0': '$16dup_top.6'},
             State(pc_initial=40 nstack_initial=0): {'$phi62.0': '$54dup_top.6'}})
2025-12-10 16:14:03,875 [DEBUG] - ----------------------DONE Prune PHIs-----------------------
2025-12-10 16:14:03,875 [DEBUG] - block_infos State(pc_initial=0 nstack_initial=0):
AdaptBlockInfo(insts=((0, {}), (2, {'res': '$x2.0'}), (4, {'res': '$const4.1.1'}), (6, {'index': '$const4.1.1', 'target': '$x2.0', 'res': '$6binary_subscr.2'}), (8, {'value': '$6binary_subscr.2'}), (10, {'res': '$threshold10.3'}), (12, {'value': '$threshold10.3', 'res': '$12unary_negative.4'}), (14, {'res': '$x014.5'}), (16, {'orig': ['$x014.5'], 'duped': ['$16dup_top.6']}), (20, {'lhs': '$12unary_negative.4', 'rhs': '$x014.5', 'res': '$20compare_op.7'}), (22, {'pred': '$20compare_op.7'})), outgoing_phis={'$phi24.0': '$16dup_top.6'}, blockstack=(), active_try_block=None, outgoing_edgepushed={24: ('$16dup_top.6',), 32: ('$16dup_top.6',)})
2025-12-10 16:14:03,875 [DEBUG] - block_infos State(pc_initial=24 nstack_initial=1):
AdaptBlockInfo(insts=((24, {'res': '$threshold24.1'}), (26, {'lhs': '$phi24.0', 'rhs': '$threshold24.1', 'res': '$26compare_op.2'}), (28, {'pred': '$26compare_op.2'})), outgoing_phis={}, blockstack=(), active_try_block=None, outgoing_edgepushed={30: (), 40: ()})
2025-12-10 16:14:03,875 [DEBUG] - block_infos State(pc_initial=30 nstack_initial=0):
AdaptBlockInfo(insts=((30, {}),), outgoing_phis={}, blockstack=(), active_try_block=None, outgoing_edgepushed={36: ()})
2025-12-10 16:14:03,875 [DEBUG] - block_infos State(pc_initial=32 nstack_initial=1):
AdaptBlockInfo(insts=((34, {}),), outgoing_phis={}, blockstack=(), active_try_block=None, outgoing_edgepushed={40: ()})
2025-12-10 16:14:03,875 [DEBUG] - block_infos State(pc_initial=36 nstack_initial=0):
AdaptBlockInfo(insts=((36, {'res': '$const36.0.1'}), (38, {'value': '$const36.0.1'})), outgoing_phis={}, blockstack=(), active_try_block=None, outgoing_edgepushed={40: ()})
2025-12-10 16:14:03,875 [DEBUG] - block_infos State(pc_initial=40 nstack_initial=0):
AdaptBlockInfo(insts=((40, {'res': '$x40.0'}), (42, {'res': '$const42.1.2'}), (44, {'index': '$const42.1.2', 'target': '$x40.0', 'res': '$44binary_subscr.2'}), (46, {'value': '$44binary_subscr.2'}), (48, {'res': '$threshold48.3'}), (50, {'value': '$threshold48.3', 'res': '$50unary_negative.4'}), (52, {'res': '$x152.5'}), (54, {'orig': ['$x152.5'], 'duped': ['$54dup_top.6']}), (58, {'lhs': '$50unary_negative.4', 'rhs': '$x152.5', 'res': '$58compare_op.7'}), (60, {'pred': '$58compare_op.7'})), outgoing_phis={'$phi62.0': '$54dup_top.6'}, blockstack=(), active_try_block=None, outgoing_edgepushed={62: ('$54dup_top.6',), 70: ('$54dup_top.6',)})
2025-12-10 16:14:03,875 [DEBUG] - block_infos State(pc_initial=62 nstack_initial=1):
AdaptBlockInfo(insts=((62, {'res': '$threshold62.1'}), (64, {'lhs': '$phi62.0', 'rhs': '$threshold62.1', 'res': '$64compare_op.2'}), (66, {'pred': '$64compare_op.2'})), outgoing_phis={}, blockstack=(), active_try_block=None, outgoing_edgepushed={68: (), 78: ()})
2025-12-10 16:14:03,875 [DEBUG] - block_infos State(pc_initial=68 nstack_initial=0):
AdaptBlockInfo(insts=((68, {}),), outgoing_phis={}, blockstack=(), active_try_block=None, outgoing_edgepushed={74: ()})
2025-12-10 16:14:03,875 [DEBUG] - block_infos State(pc_initial=70 nstack_initial=1):
AdaptBlockInfo(insts=((72, {}),), outgoing_phis={}, blockstack=(), active_try_block=None, outgoing_edgepushed={78: ()})
2025-12-10 16:14:03,875 [DEBUG] - block_infos State(pc_initial=74 nstack_initial=0):
AdaptBlockInfo(insts=((74, {'res': '$const74.0.1'}), (76, {'value': '$const74.0.1'})), outgoing_phis={}, blockstack=(), active_try_block=None, outgoing_edgepushed={78: ()})
2025-12-10 16:14:03,875 [DEBUG] - block_infos State(pc_initial=78 nstack_initial=0):
AdaptBlockInfo(insts=((78, {'res': '$zero_pos78.0'}), (80, {'pred': '$zero_pos78.0'})), outgoing_phis={}, blockstack=(), active_try_block=None, outgoing_edgepushed={82: (), 102: ()})
2025-12-10 16:14:03,875 [DEBUG] - block_infos State(pc_initial=82 nstack_initial=0):
AdaptBlockInfo(insts=((82, {'res': '$82load_global.0'}), (84, {'item': '$82load_global.0', 'res': '$84load_method.1'}), (86, {'res': '$x086.2'}), (88, {'func': '$84load_method.1', 'args': ['$x086.2'], 'res': '$88call_method.3'}), (90, {'res': '$90load_global.4'}), (92, {'item': '$90load_global.4', 'res': '$92load_method.5'}), (94, {'res': '$x194.6'}), (96, {'func': '$92load_method.5', 'args': ['$x194.6'], 'res': '$96call_method.7'}), (98, {'lhs': '$88call_method.3', 'rhs': '$96call_method.7', 'res': '$98compare_op.8'}), (100, {'retval': '$98compare_op.8', 'castval': '$100return_value.9'})), outgoing_phis={}, blockstack=(), active_try_block=None, outgoing_edgepushed={})
2025-12-10 16:14:03,875 [DEBUG] - block_infos State(pc_initial=102 nstack_initial=0):
AdaptBlockInfo(insts=((102, {'res': '$102load_global.0'}), (104, {'item': '$102load_global.0', 'res': '$104load_method.1'}), (106, {'res': '$x0106.2'}), (108, {'func': '$104load_method.1', 'args': ['$x0106.2'], 'res': '$108call_method.3'}), (110, {'res': '$110load_global.4'}), (112, {'item': '$110load_global.4', 'res': '$112load_method.5'}), (114, {'res': '$x1114.6'}), (116, {'func': '$112load_method.5', 'args': ['$x1114.6'], 'res': '$116call_method.7'}), (118, {'lhs': '$108call_method.3', 'rhs': '$116call_method.7', 'res': '$118compare_op.8'}), (120, {'retval': '$118compare_op.8', 'castval': '$120return_value.9'})), outgoing_phis={}, blockstack=(), active_try_block=None, outgoing_edgepushed={})
2025-12-10 16:14:03,876 [DEBUG] - label 0:
    x = arg(0, name=x)                       ['x']
    threshold = arg(1, name=threshold)       ['threshold']
    zero_pos = arg(2, name=zero_pos)         ['zero_pos']
    $const4.1.1 = const(int, 0)              ['$const4.1.1']
    x0 = getitem(value=x, index=$const4.1.1, fn=<built-in function getitem>) ['$const4.1.1', 'x', 'x0']
    $12unary_negative.4 = unary(fn=<built-in function neg>, value=threshold) ['$12unary_negative.4', 'threshold']
    $20compare_op.7 = $12unary_negative.4 <= x0 ['$12unary_negative.4', '$20compare_op.7', 'x0']
    $bool22 = global(bool: <class 'bool'>)   ['$bool22']
    $22pred = call $bool22($20compare_op.7, func=$bool22, args=(Var($20compare_op.7, audio.py:1141),), kws=(), vararg=None, varkwarg=None, target=None) ['$20compare_op.7', '$22pred', '$bool22']
    $phi24.0 = x0                            ['$phi24.0', 'x0']
    branch $22pred, 24, 32                   ['$22pred']
label 24:
    $26compare_op.2 = $phi24.0 <= threshold  ['$26compare_op.2', '$phi24.0', 'threshold']
    $bool28 = global(bool: <class 'bool'>)   ['$bool28']
    $28pred = call $bool28($26compare_op.2, func=$bool28, args=(Var($26compare_op.2, audio.py:1141),), kws=(), vararg=None, varkwarg=None, target=None) ['$26compare_op.2', '$28pred', '$bool28']
    branch $28pred, 30, 40                   ['$28pred']
label 30:
    jump 36                                  []
label 32:
    jump 40                                  []
label 36:
    x0 = const(int, 0)                       ['x0']
    jump 40                                  []
label 40:
    $const42.1.2 = const(int, -1)            ['$const42.1.2']
    x1 = getitem(value=x, index=$const42.1.2, fn=<built-in function getitem>) ['$const42.1.2', 'x', 'x1']
    $50unary_negative.4 = unary(fn=<built-in function neg>, value=threshold) ['$50unary_negative.4', 'threshold']
    $58compare_op.7 = $50unary_negative.4 <= x1 ['$50unary_negative.4', '$58compare_op.7', 'x1']
    $bool60 = global(bool: <class 'bool'>)   ['$bool60']
    $60pred = call $bool60($58compare_op.7, func=$bool60, args=(Var($58compare_op.7, audio.py:1145),), kws=(), vararg=None, varkwarg=None, target=None) ['$58compare_op.7', '$60pred', '$bool60']
    $phi62.0 = x1                            ['$phi62.0', 'x1']
    branch $60pred, 62, 70                   ['$60pred']
label 62:
    $64compare_op.2 = $phi62.0 <= threshold  ['$64compare_op.2', '$phi62.0', 'threshold']
    $bool66 = global(bool: <class 'bool'>)   ['$bool66']
    $66pred = call $bool66($64compare_op.2, func=$bool66, args=(Var($64compare_op.2, audio.py:1145),), kws=(), vararg=None, varkwarg=None, target=None) ['$64compare_op.2', '$66pred', '$bool66']
    branch $66pred, 68, 78                   ['$66pred']
label 68:
    jump 74                                  []
label 70:
    jump 78                                  []
label 74:
    x1 = const(int, 0)                       ['x1']
    jump 78                                  []
label 78:
    $bool80 = global(bool: <class 'bool'>)   ['$bool80']
    $80pred = call $bool80(zero_pos, func=$bool80, args=(Var(zero_pos, audio.py:1137),), kws=(), vararg=None, varkwarg=None, target=None) ['$80pred', '$bool80', 'zero_pos']
    branch $80pred, 82, 102                  ['$80pred']
label 82:
    $82load_global.0 = global(np: <module 'numpy' from '/home/ken/YAVOS/venv_yavos/lib/python3.10/site-packages/numpy/__init__.py'>) ['$82load_global.0']
    $84load_method.1 = getattr(value=$82load_global.0, attr=signbit) ['$82load_global.0', '$84load_method.1']
    $88call_method.3 = call $84load_method.1(x0, func=$84load_method.1, args=[Var(x0, audio.py:1140)], kws=(), vararg=None, varkwarg=None, target=None) ['$84load_method.1', '$88call_method.3', 'x0']
    $90load_global.4 = global(np: <module 'numpy' from '/home/ken/YAVOS/venv_yavos/lib/python3.10/site-packages/numpy/__init__.py'>) ['$90load_global.4']
    $92load_method.5 = getattr(value=$90load_global.4, attr=signbit) ['$90load_global.4', '$92load_method.5']
    $96call_method.7 = call $92load_method.5(x1, func=$92load_method.5, args=[Var(x1, audio.py:1144)], kws=(), vararg=None, varkwarg=None, target=None) ['$92load_method.5', '$96call_method.7', 'x1']
    $98compare_op.8 = $88call_method.3 != $96call_method.7 ['$88call_method.3', '$96call_method.7', '$98compare_op.8']
    $100return_value.9 = cast(value=$98compare_op.8) ['$100return_value.9', '$98compare_op.8']
    return $100return_value.9                ['$100return_value.9']
label 102:
    $102load_global.0 = global(np: <module 'numpy' from '/home/ken/YAVOS/venv_yavos/lib/python3.10/site-packages/numpy/__init__.py'>) ['$102load_global.0']
    $104load_method.1 = getattr(value=$102load_global.0, attr=sign) ['$102load_global.0', '$104load_method.1']
    $108call_method.3 = call $104load_method.1(x0, func=$104load_method.1, args=[Var(x0, audio.py:1140)], kws=(), vararg=None, varkwarg=None, target=None) ['$104load_method.1', '$108call_method.3', 'x0']
    $110load_global.4 = global(np: <module 'numpy' from '/home/ken/YAVOS/venv_yavos/lib/python3.10/site-packages/numpy/__init__.py'>) ['$110load_global.4']
    $112load_method.5 = getattr(value=$110load_global.4, attr=sign) ['$110load_global.4', '$112load_method.5']
    $116call_method.7 = call $112load_method.5(x1, func=$112load_method.5, args=[Var(x1, audio.py:1144)], kws=(), vararg=None, varkwarg=None, target=None) ['$112load_method.5', '$116call_method.7', 'x1']
    $118compare_op.8 = $108call_method.3 != $116call_method.7 ['$108call_method.3', '$116call_method.7', '$118compare_op.8']
    $120return_value.9 = cast(value=$118compare_op.8) ['$118compare_op.8', '$120return_value.9']
    return $120return_value.9                ['$120return_value.9']

2025-12-10 16:14:04,083 [DEBUG] - bytecode dump:
>          0	NOP(arg=None, lineno=1023)
           2	LOAD_FAST(arg=0, lineno=1026)
           4	LOAD_CONST(arg=1, lineno=1026)
           6	BINARY_SUBSCR(arg=None, lineno=1026)
           8	LOAD_FAST(arg=0, lineno=1026)
          10	LOAD_CONST(arg=2, lineno=1026)
          12	BINARY_SUBSCR(arg=None, lineno=1026)
          14	COMPARE_OP(arg=4, lineno=1026)
          16	LOAD_FAST(arg=0, lineno=1026)
          18	LOAD_CONST(arg=1, lineno=1026)
          20	BINARY_SUBSCR(arg=None, lineno=1026)
          22	LOAD_FAST(arg=0, lineno=1026)
          24	LOAD_CONST(arg=3, lineno=1026)
          26	BINARY_SUBSCR(arg=None, lineno=1026)
          28	COMPARE_OP(arg=5, lineno=1026)
          30	BINARY_AND(arg=None, lineno=1026)
          32	RETURN_VALUE(arg=None, lineno=1026)
2025-12-10 16:14:04,084 [DEBUG] - pending: deque([State(pc_initial=0 nstack_initial=0)])
2025-12-10 16:14:04,084 [DEBUG] - stack: []
2025-12-10 16:14:04,084 [DEBUG] - state.pc_initial: State(pc_initial=0 nstack_initial=0)
2025-12-10 16:14:04,084 [DEBUG] - dispatch pc=0, inst=NOP(arg=None, lineno=1023)
2025-12-10 16:14:04,084 [DEBUG] - stack []
2025-12-10 16:14:04,084 [DEBUG] - dispatch pc=2, inst=LOAD_FAST(arg=0, lineno=1026)
2025-12-10 16:14:04,084 [DEBUG] - stack []
2025-12-10 16:14:04,084 [DEBUG] - dispatch pc=4, inst=LOAD_CONST(arg=1, lineno=1026)
2025-12-10 16:14:04,084 [DEBUG] - stack ['$x2.0']
2025-12-10 16:14:04,084 [DEBUG] - dispatch pc=6, inst=BINARY_SUBSCR(arg=None, lineno=1026)
2025-12-10 16:14:04,084 [DEBUG] - stack ['$x2.0', '$const4.1.1']
2025-12-10 16:14:04,084 [DEBUG] - dispatch pc=8, inst=LOAD_FAST(arg=0, lineno=1026)
2025-12-10 16:14:04,084 [DEBUG] - stack ['$6binary_subscr.2']
2025-12-10 16:14:04,084 [DEBUG] - dispatch pc=10, inst=LOAD_CONST(arg=2, lineno=1026)
2025-12-10 16:14:04,084 [DEBUG] - stack ['$6binary_subscr.2', '$x8.3']
2025-12-10 16:14:04,084 [DEBUG] - dispatch pc=12, inst=BINARY_SUBSCR(arg=None, lineno=1026)
2025-12-10 16:14:04,084 [DEBUG] - stack ['$6binary_subscr.2', '$x8.3', '$const10.4.2']
2025-12-10 16:14:04,084 [DEBUG] - dispatch pc=14, inst=COMPARE_OP(arg=4, lineno=1026)
2025-12-10 16:14:04,084 [DEBUG] - stack ['$6binary_subscr.2', '$12binary_subscr.5']
2025-12-10 16:14:04,084 [DEBUG] - dispatch pc=16, inst=LOAD_FAST(arg=0, lineno=1026)
2025-12-10 16:14:04,084 [DEBUG] - stack ['$14compare_op.6']
2025-12-10 16:14:04,084 [DEBUG] - dispatch pc=18, inst=LOAD_CONST(arg=1, lineno=1026)
2025-12-10 16:14:04,084 [DEBUG] - stack ['$14compare_op.6', '$x16.7']
2025-12-10 16:14:04,084 [DEBUG] - dispatch pc=20, inst=BINARY_SUBSCR(arg=None, lineno=1026)
2025-12-10 16:14:04,084 [DEBUG] - stack ['$14compare_op.6', '$x16.7', '$const18.8.1']
2025-12-10 16:14:04,084 [DEBUG] - dispatch pc=22, inst=LOAD_FAST(arg=0, lineno=1026)
2025-12-10 16:14:04,084 [DEBUG] - stack ['$14compare_op.6', '$20binary_subscr.9']
2025-12-10 16:14:04,084 [DEBUG] - dispatch pc=24, inst=LOAD_CONST(arg=3, lineno=1026)
2025-12-10 16:14:04,085 [DEBUG] - stack ['$14compare_op.6', '$20binary_subscr.9', '$x22.10']
2025-12-10 16:14:04,085 [DEBUG] - dispatch pc=26, inst=BINARY_SUBSCR(arg=None, lineno=1026)
2025-12-10 16:14:04,085 [DEBUG] - stack ['$14compare_op.6', '$20binary_subscr.9', '$x22.10', '$const24.11.3']
2025-12-10 16:14:04,085 [DEBUG] - dispatch pc=28, inst=COMPARE_OP(arg=5, lineno=1026)
2025-12-10 16:14:04,085 [DEBUG] - stack ['$14compare_op.6', '$20binary_subscr.9', '$26binary_subscr.12']
2025-12-10 16:14:04,085 [DEBUG] - dispatch pc=30, inst=BINARY_AND(arg=None, lineno=1026)
2025-12-10 16:14:04,085 [DEBUG] - stack ['$14compare_op.6', '$28compare_op.13']
2025-12-10 16:14:04,085 [DEBUG] - dispatch pc=32, inst=RETURN_VALUE(arg=None, lineno=1026)
2025-12-10 16:14:04,085 [DEBUG] - stack ['$30binary_and.14']
2025-12-10 16:14:04,085 [DEBUG] - end state. edges=[]
2025-12-10 16:14:04,085 [DEBUG] - -------------------------Prune PHIs-------------------------
2025-12-10 16:14:04,085 [DEBUG] - Used_phis: defaultdict(<class 'set'>, {State(pc_initial=0 nstack_initial=0): set()})
2025-12-10 16:14:04,085 [DEBUG] - defmap: {}
2025-12-10 16:14:04,085 [DEBUG] - phismap: defaultdict(<class 'set'>, {})
2025-12-10 16:14:04,085 [DEBUG] - changing phismap: defaultdict(<class 'set'>, {})
2025-12-10 16:14:04,085 [DEBUG] - keep phismap: {}
2025-12-10 16:14:04,085 [DEBUG] - new_out: defaultdict(<class 'dict'>, {})
2025-12-10 16:14:04,085 [DEBUG] - ----------------------DONE Prune PHIs-----------------------
2025-12-10 16:14:04,085 [DEBUG] - block_infos State(pc_initial=0 nstack_initial=0):
AdaptBlockInfo(insts=((0, {}), (2, {'res': '$x2.0'}), (4, {'res': '$const4.1.1'}), (6, {'index': '$const4.1.1', 'target': '$x2.0', 'res': '$6binary_subscr.2'}), (8, {'res': '$x8.3'}), (10, {'res': '$const10.4.2'}), (12, {'index': '$const10.4.2', 'target': '$x8.3', 'res': '$12binary_subscr.5'}), (14, {'lhs': '$6binary_subscr.2', 'rhs': '$12binary_subscr.5', 'res': '$14compare_op.6'}), (16, {'res': '$x16.7'}), (18, {'res': '$const18.8.1'}), (20, {'index': '$const18.8.1', 'target': '$x16.7', 'res': '$20binary_subscr.9'}), (22, {'res': '$x22.10'}), (24, {'res': '$const24.11.3'}), (26, {'index': '$const24.11.3', 'target': '$x22.10', 'res': '$26binary_subscr.12'}), (28, {'lhs': '$20binary_subscr.9', 'rhs': '$26binary_subscr.12', 'res': '$28compare_op.13'}), (30, {'lhs': '$14compare_op.6', 'rhs': '$28compare_op.13', 'res': '$30binary_and.14'}), (32, {'retval': '$30binary_and.14', 'castval': '$32return_value.15'})), outgoing_phis={}, blockstack=(), active_try_block=None, outgoing_edgepushed={})
2025-12-10 16:14:04,085 [DEBUG] - label 0:
    x = arg(0, name=x)                       ['x']
    $const4.1.1 = const(int, 0)              ['$const4.1.1']
    $6binary_subscr.2 = getitem(value=x, index=$const4.1.1, fn=<built-in function getitem>) ['$6binary_subscr.2', '$const4.1.1', 'x']
    $const10.4.2 = const(int, -1)            ['$const10.4.2']
    $12binary_subscr.5 = getitem(value=x, index=$const10.4.2, fn=<built-in function getitem>) ['$12binary_subscr.5', '$const10.4.2', 'x']
    $14compare_op.6 = $6binary_subscr.2 > $12binary_subscr.5 ['$12binary_subscr.5', '$14compare_op.6', '$6binary_subscr.2']
    $const18.8.1 = const(int, 0)             ['$const18.8.1']
    $20binary_subscr.9 = getitem(value=x, index=$const18.8.1, fn=<built-in function getitem>) ['$20binary_subscr.9', '$const18.8.1', 'x']
    $const24.11.3 = const(int, 1)            ['$const24.11.3']
    $26binary_subscr.12 = getitem(value=x, index=$const24.11.3, fn=<built-in function getitem>) ['$26binary_subscr.12', '$const24.11.3', 'x']
    $28compare_op.13 = $20binary_subscr.9 >= $26binary_subscr.12 ['$20binary_subscr.9', '$26binary_subscr.12', '$28compare_op.13']
    $30binary_and.14 = $14compare_op.6 & $28compare_op.13 ['$14compare_op.6', '$28compare_op.13', '$30binary_and.14']
    $32return_value.15 = cast(value=$30binary_and.14) ['$30binary_and.14', '$32return_value.15']
    return $32return_value.15                ['$32return_value.15']

2025-12-10 16:14:04,086 [DEBUG] - bytecode dump:
>          0	NOP(arg=None, lineno=1029)
           2	LOAD_FAST(arg=0, lineno=1032)
           4	LOAD_CONST(arg=1, lineno=1032)
           6	BINARY_SUBSCR(arg=None, lineno=1032)
           8	LOAD_FAST(arg=0, lineno=1032)
          10	LOAD_CONST(arg=2, lineno=1032)
          12	BINARY_SUBSCR(arg=None, lineno=1032)
          14	COMPARE_OP(arg=0, lineno=1032)
          16	LOAD_FAST(arg=0, lineno=1032)
          18	LOAD_CONST(arg=1, lineno=1032)
          20	BINARY_SUBSCR(arg=None, lineno=1032)
          22	LOAD_FAST(arg=0, lineno=1032)
          24	LOAD_CONST(arg=3, lineno=1032)
          26	BINARY_SUBSCR(arg=None, lineno=1032)
          28	COMPARE_OP(arg=1, lineno=1032)
          30	BINARY_AND(arg=None, lineno=1032)
          32	RETURN_VALUE(arg=None, lineno=1032)
2025-12-10 16:14:04,086 [DEBUG] - pending: deque([State(pc_initial=0 nstack_initial=0)])
2025-12-10 16:14:04,086 [DEBUG] - stack: []
2025-12-10 16:14:04,086 [DEBUG] - state.pc_initial: State(pc_initial=0 nstack_initial=0)
2025-12-10 16:14:04,086 [DEBUG] - dispatch pc=0, inst=NOP(arg=None, lineno=1029)
2025-12-10 16:14:04,086 [DEBUG] - stack []
2025-12-10 16:14:04,086 [DEBUG] - dispatch pc=2, inst=LOAD_FAST(arg=0, lineno=1032)
2025-12-10 16:14:04,086 [DEBUG] - stack []
2025-12-10 16:14:04,086 [DEBUG] - dispatch pc=4, inst=LOAD_CONST(arg=1, lineno=1032)
2025-12-10 16:14:04,086 [DEBUG] - stack ['$x2.0']
2025-12-10 16:14:04,086 [DEBUG] - dispatch pc=6, inst=BINARY_SUBSCR(arg=None, lineno=1032)
2025-12-10 16:14:04,086 [DEBUG] - stack ['$x2.0', '$const4.1.1']
2025-12-10 16:14:04,086 [DEBUG] - dispatch pc=8, inst=LOAD_FAST(arg=0, lineno=1032)
2025-12-10 16:14:04,086 [DEBUG] - stack ['$6binary_subscr.2']
2025-12-10 16:14:04,086 [DEBUG] - dispatch pc=10, inst=LOAD_CONST(arg=2, lineno=1032)
2025-12-10 16:14:04,086 [DEBUG] - stack ['$6binary_subscr.2', '$x8.3']
2025-12-10 16:14:04,086 [DEBUG] - dispatch pc=12, inst=BINARY_SUBSCR(arg=None, lineno=1032)
2025-12-10 16:14:04,086 [DEBUG] - stack ['$6binary_subscr.2', '$x8.3', '$const10.4.2']
2025-12-10 16:14:04,086 [DEBUG] - dispatch pc=14, inst=COMPARE_OP(arg=0, lineno=1032)
2025-12-10 16:14:04,086 [DEBUG] - stack ['$6binary_subscr.2', '$12binary_subscr.5']
2025-12-10 16:14:04,087 [DEBUG] - dispatch pc=16, inst=LOAD_FAST(arg=0, lineno=1032)
2025-12-10 16:14:04,087 [DEBUG] - stack ['$14compare_op.6']
2025-12-10 16:14:04,087 [DEBUG] - dispatch pc=18, inst=LOAD_CONST(arg=1, lineno=1032)
2025-12-10 16:14:04,087 [DEBUG] - stack ['$14compare_op.6', '$x16.7']
2025-12-10 16:14:04,087 [DEBUG] - dispatch pc=20, inst=BINARY_SUBSCR(arg=None, lineno=1032)
2025-12-10 16:14:04,087 [DEBUG] - stack ['$14compare_op.6', '$x16.7', '$const18.8.1']
2025-12-10 16:14:04,087 [DEBUG] - dispatch pc=22, inst=LOAD_FAST(arg=0, lineno=1032)
2025-12-10 16:14:04,087 [DEBUG] - stack ['$14compare_op.6', '$20binary_subscr.9']
2025-12-10 16:14:04,087 [DEBUG] - dispatch pc=24, inst=LOAD_CONST(arg=3, lineno=1032)
2025-12-10 16:14:04,087 [DEBUG] - stack ['$14compare_op.6', '$20binary_subscr.9', '$x22.10']
2025-12-10 16:14:04,087 [DEBUG] - dispatch pc=26, inst=BINARY_SUBSCR(arg=None, lineno=1032)
2025-12-10 16:14:04,087 [DEBUG] - stack ['$14compare_op.6', '$20binary_subscr.9', '$x22.10', '$const24.11.3']
2025-12-10 16:14:04,087 [DEBUG] - dispatch pc=28, inst=COMPARE_OP(arg=1, lineno=1032)
2025-12-10 16:14:04,087 [DEBUG] - stack ['$14compare_op.6', '$20binary_subscr.9', '$26binary_subscr.12']
2025-12-10 16:14:04,087 [DEBUG] - dispatch pc=30, inst=BINARY_AND(arg=None, lineno=1032)
2025-12-10 16:14:04,087 [DEBUG] - stack ['$14compare_op.6', '$28compare_op.13']
2025-12-10 16:14:04,087 [DEBUG] - dispatch pc=32, inst=RETURN_VALUE(arg=None, lineno=1032)
2025-12-10 16:14:04,087 [DEBUG] - stack ['$30binary_and.14']
2025-12-10 16:14:04,087 [DEBUG] - end state. edges=[]
2025-12-10 16:14:04,087 [DEBUG] - -------------------------Prune PHIs-------------------------
2025-12-10 16:14:04,087 [DEBUG] - Used_phis: defaultdict(<class 'set'>, {State(pc_initial=0 nstack_initial=0): set()})
2025-12-10 16:14:04,087 [DEBUG] - defmap: {}
2025-12-10 16:14:04,087 [DEBUG] - phismap: defaultdict(<class 'set'>, {})
2025-12-10 16:14:04,087 [DEBUG] - changing phismap: defaultdict(<class 'set'>, {})
2025-12-10 16:14:04,087 [DEBUG] - keep phismap: {}
2025-12-10 16:14:04,087 [DEBUG] - new_out: defaultdict(<class 'dict'>, {})
2025-12-10 16:14:04,087 [DEBUG] - ----------------------DONE Prune PHIs-----------------------
2025-12-10 16:14:04,087 [DEBUG] - block_infos State(pc_initial=0 nstack_initial=0):
AdaptBlockInfo(insts=((0, {}), (2, {'res': '$x2.0'}), (4, {'res': '$const4.1.1'}), (6, {'index': '$const4.1.1', 'target': '$x2.0', 'res': '$6binary_subscr.2'}), (8, {'res': '$x8.3'}), (10, {'res': '$const10.4.2'}), (12, {'index': '$const10.4.2', 'target': '$x8.3', 'res': '$12binary_subscr.5'}), (14, {'lhs': '$6binary_subscr.2', 'rhs': '$12binary_subscr.5', 'res': '$14compare_op.6'}), (16, {'res': '$x16.7'}), (18, {'res': '$const18.8.1'}), (20, {'index': '$const18.8.1', 'target': '$x16.7', 'res': '$20binary_subscr.9'}), (22, {'res': '$x22.10'}), (24, {'res': '$const24.11.3'}), (26, {'index': '$const24.11.3', 'target': '$x22.10', 'res': '$26binary_subscr.12'}), (28, {'lhs': '$20binary_subscr.9', 'rhs': '$26binary_subscr.12', 'res': '$28compare_op.13'}), (30, {'lhs': '$14compare_op.6', 'rhs': '$28compare_op.13', 'res': '$30binary_and.14'}), (32, {'retval': '$30binary_and.14', 'castval': '$32return_value.15'})), outgoing_phis={}, blockstack=(), active_try_block=None, outgoing_edgepushed={})
2025-12-10 16:14:04,088 [DEBUG] - label 0:
    x = arg(0, name=x)                       ['x']
    $const4.1.1 = const(int, 0)              ['$const4.1.1']
    $6binary_subscr.2 = getitem(value=x, index=$const4.1.1, fn=<built-in function getitem>) ['$6binary_subscr.2', '$const4.1.1', 'x']
    $const10.4.2 = const(int, -1)            ['$const10.4.2']
    $12binary_subscr.5 = getitem(value=x, index=$const10.4.2, fn=<built-in function getitem>) ['$12binary_subscr.5', '$const10.4.2', 'x']
    $14compare_op.6 = $6binary_subscr.2 < $12binary_subscr.5 ['$12binary_subscr.5', '$14compare_op.6', '$6binary_subscr.2']
    $const18.8.1 = const(int, 0)             ['$const18.8.1']
    $20binary_subscr.9 = getitem(value=x, index=$const18.8.1, fn=<built-in function getitem>) ['$20binary_subscr.9', '$const18.8.1', 'x']
    $const24.11.3 = const(int, 1)            ['$const24.11.3']
    $26binary_subscr.12 = getitem(value=x, index=$const24.11.3, fn=<built-in function getitem>) ['$26binary_subscr.12', '$const24.11.3', 'x']
    $28compare_op.13 = $20binary_subscr.9 <= $26binary_subscr.12 ['$20binary_subscr.9', '$26binary_subscr.12', '$28compare_op.13']
    $30binary_and.14 = $14compare_op.6 & $28compare_op.13 ['$14compare_op.6', '$28compare_op.13', '$30binary_and.14']
    $32return_value.15 = cast(value=$30binary_and.14) ['$30binary_and.14', '$32return_value.15']
    return $32return_value.15                ['$32return_value.15']

2025-12-10 16:14:04,338 [DEBUG] - bytecode dump:
>          0	NOP(arg=None, lineno=416)
           2	LOAD_FAST(arg=0, lineno=419)
           4	LOAD_CONST(arg=1, lineno=419)
           6	BINARY_SUBSCR(arg=None, lineno=419)
           8	LOAD_FAST(arg=0, lineno=419)
          10	LOAD_CONST(arg=2, lineno=419)
          12	BINARY_SUBSCR(arg=None, lineno=419)
          14	BINARY_ADD(arg=None, lineno=419)
          16	LOAD_CONST(arg=3, lineno=419)
          18	LOAD_FAST(arg=0, lineno=419)
          20	LOAD_CONST(arg=4, lineno=419)
          22	BINARY_SUBSCR(arg=None, lineno=419)
          24	BINARY_MULTIPLY(arg=None, lineno=419)
          26	BINARY_SUBTRACT(arg=None, lineno=419)
          28	STORE_FAST(arg=1, lineno=419)
          30	LOAD_FAST(arg=0, lineno=420)
          32	LOAD_CONST(arg=1, lineno=420)
          34	BINARY_SUBSCR(arg=None, lineno=420)
          36	LOAD_FAST(arg=0, lineno=420)
          38	LOAD_CONST(arg=2, lineno=420)
          40	BINARY_SUBSCR(arg=None, lineno=420)
          42	BINARY_SUBTRACT(arg=None, lineno=420)
          44	LOAD_CONST(arg=3, lineno=420)
          46	BINARY_TRUE_DIVIDE(arg=None, lineno=420)
          48	STORE_FAST(arg=2, lineno=420)
          50	LOAD_GLOBAL(arg=0, lineno=422)
          52	LOAD_METHOD(arg=1, lineno=422)
          54	LOAD_FAST(arg=2, lineno=422)
          56	CALL_METHOD(arg=1, lineno=422)
          58	LOAD_GLOBAL(arg=0, lineno=422)
          60	LOAD_METHOD(arg=1, lineno=422)
          62	LOAD_FAST(arg=1, lineno=422)
          64	CALL_METHOD(arg=1, lineno=422)
          66	COMPARE_OP(arg=5, lineno=422)
          68	POP_JUMP_IF_FALSE(arg=38, lineno=422)
          70	LOAD_CONST(arg=4, lineno=425)
          72	RETURN_VALUE(arg=None, lineno=425)
>         74	LOAD_FAST(arg=2, lineno=427)
          76	UNARY_NEGATIVE(arg=None, lineno=427)
          78	LOAD_FAST(arg=1, lineno=427)
          80	BINARY_TRUE_DIVIDE(arg=None, lineno=427)
          82	RETURN_VALUE(arg=None, lineno=427)
2025-12-10 16:14:04,338 [DEBUG] - pending: deque([State(pc_initial=0 nstack_initial=0)])
2025-12-10 16:14:04,338 [DEBUG] - stack: []
2025-12-10 16:14:04,338 [DEBUG] - state.pc_initial: State(pc_initial=0 nstack_initial=0)
2025-12-10 16:14:04,338 [DEBUG] - dispatch pc=0, inst=NOP(arg=None, lineno=416)
2025-12-10 16:14:04,338 [DEBUG] - stack []
2025-12-10 16:14:04,338 [DEBUG] - dispatch pc=2, inst=LOAD_FAST(arg=0, lineno=419)
2025-12-10 16:14:04,338 [DEBUG] - stack []
2025-12-10 16:14:04,338 [DEBUG] - dispatch pc=4, inst=LOAD_CONST(arg=1, lineno=419)
2025-12-10 16:14:04,338 [DEBUG] - stack ['$x2.0']
2025-12-10 16:14:04,338 [DEBUG] - dispatch pc=6, inst=BINARY_SUBSCR(arg=None, lineno=419)
2025-12-10 16:14:04,338 [DEBUG] - stack ['$x2.0', '$const4.1.1']
2025-12-10 16:14:04,338 [DEBUG] - dispatch pc=8, inst=LOAD_FAST(arg=0, lineno=419)
2025-12-10 16:14:04,338 [DEBUG] - stack ['$6binary_subscr.2']
2025-12-10 16:14:04,338 [DEBUG] - dispatch pc=10, inst=LOAD_CONST(arg=2, lineno=419)
2025-12-10 16:14:04,338 [DEBUG] - stack ['$6binary_subscr.2', '$x8.3']
2025-12-10 16:14:04,338 [DEBUG] - dispatch pc=12, inst=BINARY_SUBSCR(arg=None, lineno=419)
2025-12-10 16:14:04,338 [DEBUG] - stack ['$6binary_subscr.2', '$x8.3', '$const10.4.2']
2025-12-10 16:14:04,338 [DEBUG] - dispatch pc=14, inst=BINARY_ADD(arg=None, lineno=419)
2025-12-10 16:14:04,338 [DEBUG] - stack ['$6binary_subscr.2', '$12binary_subscr.5']
2025-12-10 16:14:04,338 [DEBUG] - dispatch pc=16, inst=LOAD_CONST(arg=3, lineno=419)
2025-12-10 16:14:04,338 [DEBUG] - stack ['$14binary_add.6']
2025-12-10 16:14:04,338 [DEBUG] - dispatch pc=18, inst=LOAD_FAST(arg=0, lineno=419)
2025-12-10 16:14:04,338 [DEBUG] - stack ['$14binary_add.6', '$const16.7.3']
2025-12-10 16:14:04,338 [DEBUG] - dispatch pc=20, inst=LOAD_CONST(arg=4, lineno=419)
2025-12-10 16:14:04,338 [DEBUG] - stack ['$14binary_add.6', '$const16.7.3', '$x18.8']
2025-12-10 16:14:04,339 [DEBUG] - dispatch pc=22, inst=BINARY_SUBSCR(arg=None, lineno=419)
2025-12-10 16:14:04,339 [DEBUG] - stack ['$14binary_add.6', '$const16.7.3', '$x18.8', '$const20.9.4']
2025-12-10 16:14:04,339 [DEBUG] - dispatch pc=24, inst=BINARY_MULTIPLY(arg=None, lineno=419)
2025-12-10 16:14:04,339 [DEBUG] - stack ['$14binary_add.6', '$const16.7.3', '$22binary_subscr.10']
2025-12-10 16:14:04,339 [DEBUG] - dispatch pc=26, inst=BINARY_SUBTRACT(arg=None, lineno=419)
2025-12-10 16:14:04,339 [DEBUG] - stack ['$14binary_add.6', '$24binary_multiply.11']
2025-12-10 16:14:04,339 [DEBUG] - dispatch pc=28, inst=STORE_FAST(arg=1, lineno=419)
2025-12-10 16:14:04,339 [DEBUG] - stack ['$26binary_subtract.12']
2025-12-10 16:14:04,339 [DEBUG] - dispatch pc=30, inst=LOAD_FAST(arg=0, lineno=420)
2025-12-10 16:14:04,339 [DEBUG] - stack []
2025-12-10 16:14:04,339 [DEBUG] - dispatch pc=32, inst=LOAD_CONST(arg=1, lineno=420)
2025-12-10 16:14:04,339 [DEBUG] - stack ['$x30.13']
2025-12-10 16:14:04,339 [DEBUG] - dispatch pc=34, inst=BINARY_SUBSCR(arg=None, lineno=420)
2025-12-10 16:14:04,339 [DEBUG] - stack ['$x30.13', '$const32.14.1']
2025-12-10 16:14:04,339 [DEBUG] - dispatch pc=36, inst=LOAD_FAST(arg=0, lineno=420)
2025-12-10 16:14:04,339 [DEBUG] - stack ['$34binary_subscr.15']
2025-12-10 16:14:04,339 [DEBUG] - dispatch pc=38, inst=LOAD_CONST(arg=2, lineno=420)
2025-12-10 16:14:04,339 [DEBUG] - stack ['$34binary_subscr.15', '$x36.16']
2025-12-10 16:14:04,339 [DEBUG] - dispatch pc=40, inst=BINARY_SUBSCR(arg=None, lineno=420)
2025-12-10 16:14:04,339 [DEBUG] - stack ['$34binary_subscr.15', '$x36.16', '$const38.17.2']
2025-12-10 16:14:04,339 [DEBUG] - dispatch pc=42, inst=BINARY_SUBTRACT(arg=None, lineno=420)
2025-12-10 16:14:04,339 [DEBUG] - stack ['$34binary_subscr.15', '$40binary_subscr.18']
2025-12-10 16:14:04,339 [DEBUG] - dispatch pc=44, inst=LOAD_CONST(arg=3, lineno=420)
2025-12-10 16:14:04,339 [DEBUG] - stack ['$42binary_subtract.19']
2025-12-10 16:14:04,339 [DEBUG] - dispatch pc=46, inst=BINARY_TRUE_DIVIDE(arg=None, lineno=420)
2025-12-10 16:14:04,339 [DEBUG] - stack ['$42binary_subtract.19', '$const44.20.3']
2025-12-10 16:14:04,339 [DEBUG] - dispatch pc=48, inst=STORE_FAST(arg=2, lineno=420)
2025-12-10 16:14:04,339 [DEBUG] - stack ['$46binary_true_divide.21']
2025-12-10 16:14:04,339 [DEBUG] - dispatch pc=50, inst=LOAD_GLOBAL(arg=0, lineno=422)
2025-12-10 16:14:04,339 [DEBUG] - stack []
2025-12-10 16:14:04,339 [DEBUG] - dispatch pc=52, inst=LOAD_METHOD(arg=1, lineno=422)
2025-12-10 16:14:04,339 [DEBUG] - stack ['$50load_global.22']
2025-12-10 16:14:04,339 [DEBUG] - dispatch pc=54, inst=LOAD_FAST(arg=2, lineno=422)
2025-12-10 16:14:04,339 [DEBUG] - stack ['$52load_method.23']
2025-12-10 16:14:04,339 [DEBUG] - dispatch pc=56, inst=CALL_METHOD(arg=1, lineno=422)
2025-12-10 16:14:04,339 [DEBUG] - stack ['$52load_method.23', '$b54.24']
2025-12-10 16:14:04,339 [DEBUG] - dispatch pc=58, inst=LOAD_GLOBAL(arg=0, lineno=422)
2025-12-10 16:14:04,339 [DEBUG] - stack ['$56call_method.25']
2025-12-10 16:14:04,339 [DEBUG] - dispatch pc=60, inst=LOAD_METHOD(arg=1, lineno=422)
2025-12-10 16:14:04,339 [DEBUG] - stack ['$56call_method.25', '$58load_global.26']
2025-12-10 16:14:04,339 [DEBUG] - dispatch pc=62, inst=LOAD_FAST(arg=1, lineno=422)
2025-12-10 16:14:04,340 [DEBUG] - stack ['$56call_method.25', '$60load_method.27']
2025-12-10 16:14:04,340 [DEBUG] - dispatch pc=64, inst=CALL_METHOD(arg=1, lineno=422)
2025-12-10 16:14:04,340 [DEBUG] - stack ['$56call_method.25', '$60load_method.27', '$a62.28']
2025-12-10 16:14:04,340 [DEBUG] - dispatch pc=66, inst=COMPARE_OP(arg=5, lineno=422)
2025-12-10 16:14:04,340 [DEBUG] - stack ['$56call_method.25', '$64call_method.29']
2025-12-10 16:14:04,340 [DEBUG] - dispatch pc=68, inst=POP_JUMP_IF_FALSE(arg=38, lineno=422)
2025-12-10 16:14:04,340 [DEBUG] - stack ['$66compare_op.30']
2025-12-10 16:14:04,340 [DEBUG] - end state. edges=[Edge(pc=70, stack=(), blockstack=(), npush=0), Edge(pc=74, stack=(), blockstack=(), npush=0)]
2025-12-10 16:14:04,340 [DEBUG] - pending: deque([State(pc_initial=70 nstack_initial=0), State(pc_initial=74 nstack_initial=0)])
2025-12-10 16:14:04,340 [DEBUG] - stack: []
2025-12-10 16:14:04,340 [DEBUG] - state.pc_initial: State(pc_initial=70 nstack_initial=0)
2025-12-10 16:14:04,340 [DEBUG] - dispatch pc=70, inst=LOAD_CONST(arg=4, lineno=425)
2025-12-10 16:14:04,340 [DEBUG] - stack []
2025-12-10 16:14:04,340 [DEBUG] - dispatch pc=72, inst=RETURN_VALUE(arg=None, lineno=425)
2025-12-10 16:14:04,340 [DEBUG] - stack ['$const70.0.4']
2025-12-10 16:14:04,340 [DEBUG] - end state. edges=[]
2025-12-10 16:14:04,340 [DEBUG] - pending: deque([State(pc_initial=74 nstack_initial=0)])
2025-12-10 16:14:04,340 [DEBUG] - stack: []
2025-12-10 16:14:04,340 [DEBUG] - state.pc_initial: State(pc_initial=74 nstack_initial=0)
2025-12-10 16:14:04,340 [DEBUG] - dispatch pc=74, inst=LOAD_FAST(arg=2, lineno=427)
2025-12-10 16:14:04,340 [DEBUG] - stack []
2025-12-10 16:14:04,340 [DEBUG] - dispatch pc=76, inst=UNARY_NEGATIVE(arg=None, lineno=427)
2025-12-10 16:14:04,340 [DEBUG] - stack ['$b74.0']
2025-12-10 16:14:04,340 [DEBUG] - dispatch pc=78, inst=LOAD_FAST(arg=1, lineno=427)
2025-12-10 16:14:04,340 [DEBUG] - stack ['$76unary_negative.1']
2025-12-10 16:14:04,340 [DEBUG] - dispatch pc=80, inst=BINARY_TRUE_DIVIDE(arg=None, lineno=427)
2025-12-10 16:14:04,340 [DEBUG] - stack ['$76unary_negative.1', '$a78.2']
2025-12-10 16:14:04,340 [DEBUG] - dispatch pc=82, inst=RETURN_VALUE(arg=None, lineno=427)
2025-12-10 16:14:04,340 [DEBUG] - stack ['$80binary_true_divide.3']
2025-12-10 16:14:04,340 [DEBUG] - end state. edges=[]
2025-12-10 16:14:04,340 [DEBUG] - -------------------------Prune PHIs-------------------------
2025-12-10 16:14:04,340 [DEBUG] - Used_phis: defaultdict(<class 'set'>,
            {State(pc_initial=0 nstack_initial=0): set(),
             State(pc_initial=70 nstack_initial=0): set(),
             State(pc_initial=74 nstack_initial=0): set()})
2025-12-10 16:14:04,340 [DEBUG] - defmap: {}
2025-12-10 16:14:04,340 [DEBUG] - phismap: defaultdict(<class 'set'>, {})
2025-12-10 16:14:04,340 [DEBUG] - changing phismap: defaultdict(<class 'set'>, {})
2025-12-10 16:14:04,340 [DEBUG] - keep phismap: {}
2025-12-10 16:14:04,341 [DEBUG] - new_out: defaultdict(<class 'dict'>, {})
2025-12-10 16:14:04,341 [DEBUG] - ----------------------DONE Prune PHIs-----------------------
2025-12-10 16:14:04,341 [DEBUG] - block_infos State(pc_initial=0 nstack_initial=0):
AdaptBlockInfo(insts=((0, {}), (2, {'res': '$x2.0'}), (4, {'res': '$const4.1.1'}), (6, {'index': '$const4.1.1', 'target': '$x2.0', 'res': '$6binary_subscr.2'}), (8, {'res': '$x8.3'}), (10, {'res': '$const10.4.2'}), (12, {'index': '$const10.4.2', 'target': '$x8.3', 'res': '$12binary_subscr.5'}), (14, {'lhs': '$6binary_subscr.2', 'rhs': '$12binary_subscr.5', 'res': '$14binary_add.6'}), (16, {'res': '$const16.7.3'}), (18, {'res': '$x18.8'}), (20, {'res': '$const20.9.4'}), (22, {'index': '$const20.9.4', 'target': '$x18.8', 'res': '$22binary_subscr.10'}), (24, {'lhs': '$const16.7.3', 'rhs': '$22binary_subscr.10', 'res': '$24binary_multiply.11'}), (26, {'lhs': '$14binary_add.6', 'rhs': '$24binary_multiply.11', 'res': '$26binary_subtract.12'}), (28, {'value': '$26binary_subtract.12'}), (30, {'res': '$x30.13'}), (32, {'res': '$const32.14.1'}), (34, {'index': '$const32.14.1', 'target': '$x30.13', 'res': '$34binary_subscr.15'}), (36, {'res': '$x36.16'}), (38, {'res': '$const38.17.2'}), (40, {'index': '$const38.17.2', 'target': '$x36.16', 'res': '$40binary_subscr.18'}), (42, {'lhs': '$34binary_subscr.15', 'rhs': '$40binary_subscr.18', 'res': '$42binary_subtract.19'}), (44, {'res': '$const44.20.3'}), (46, {'lhs': '$42binary_subtract.19', 'rhs': '$const44.20.3', 'res': '$46binary_true_divide.21'}), (48, {'value': '$46binary_true_divide.21'}), (50, {'res': '$50load_global.22'}), (52, {'item': '$50load_global.22', 'res': '$52load_method.23'}), (54, {'res': '$b54.24'}), (56, {'func': '$52load_method.23', 'args': ['$b54.24'], 'res': '$56call_method.25'}), (58, {'res': '$58load_global.26'}), (60, {'item': '$58load_global.26', 'res': '$60load_method.27'}), (62, {'res': '$a62.28'}), (64, {'func': '$60load_method.27', 'args': ['$a62.28'], 'res': '$64call_method.29'}), (66, {'lhs': '$56call_method.25', 'rhs': '$64call_method.29', 'res': '$66compare_op.30'}), (68, {'pred': '$66compare_op.30'})), outgoing_phis={}, blockstack=(), active_try_block=None, outgoing_edgepushed={70: (), 74: ()})
2025-12-10 16:14:04,341 [DEBUG] - block_infos State(pc_initial=70 nstack_initial=0):
AdaptBlockInfo(insts=((70, {'res': '$const70.0.4'}), (72, {'retval': '$const70.0.4', 'castval': '$72return_value.1'})), outgoing_phis={}, blockstack=(), active_try_block=None, outgoing_edgepushed={})
2025-12-10 16:14:04,341 [DEBUG] - block_infos State(pc_initial=74 nstack_initial=0):
AdaptBlockInfo(insts=((74, {'res': '$b74.0'}), (76, {'value': '$b74.0', 'res': '$76unary_negative.1'}), (78, {'res': '$a78.2'}), (80, {'lhs': '$76unary_negative.1', 'rhs': '$a78.2', 'res': '$80binary_true_divide.3'}), (82, {'retval': '$80binary_true_divide.3', 'castval': '$82return_value.4'})), outgoing_phis={}, blockstack=(), active_try_block=None, outgoing_edgepushed={})
2025-12-10 16:14:04,341 [DEBUG] - label 0:
    x = arg(0, name=x)                       ['x']
    $const4.1.1 = const(int, 1)              ['$const4.1.1']
    $6binary_subscr.2 = getitem(value=x, index=$const4.1.1, fn=<built-in function getitem>) ['$6binary_subscr.2', '$const4.1.1', 'x']
    $const10.4.2 = const(int, -1)            ['$const10.4.2']
    $12binary_subscr.5 = getitem(value=x, index=$const10.4.2, fn=<built-in function getitem>) ['$12binary_subscr.5', '$const10.4.2', 'x']
    $14binary_add.6 = $6binary_subscr.2 + $12binary_subscr.5 ['$12binary_subscr.5', '$14binary_add.6', '$6binary_subscr.2']
    $const16.7.3 = const(int, 2)             ['$const16.7.3']
    $const20.9.4 = const(int, 0)             ['$const20.9.4']
    $22binary_subscr.10 = getitem(value=x, index=$const20.9.4, fn=<built-in function getitem>) ['$22binary_subscr.10', '$const20.9.4', 'x']
    $24binary_multiply.11 = $const16.7.3 * $22binary_subscr.10 ['$22binary_subscr.10', '$24binary_multiply.11', '$const16.7.3']
    a = $14binary_add.6 - $24binary_multiply.11 ['$14binary_add.6', '$24binary_multiply.11', 'a']
    $const32.14.1 = const(int, 1)            ['$const32.14.1']
    $34binary_subscr.15 = getitem(value=x, index=$const32.14.1, fn=<built-in function getitem>) ['$34binary_subscr.15', '$const32.14.1', 'x']
    $const38.17.2 = const(int, -1)           ['$const38.17.2']
    $40binary_subscr.18 = getitem(value=x, index=$const38.17.2, fn=<built-in function getitem>) ['$40binary_subscr.18', '$const38.17.2', 'x']
    $42binary_subtract.19 = $34binary_subscr.15 - $40binary_subscr.18 ['$34binary_subscr.15', '$40binary_subscr.18', '$42binary_subtract.19']
    $const44.20.3 = const(int, 2)            ['$const44.20.3']
    b = $42binary_subtract.19 / $const44.20.3 ['$42binary_subtract.19', '$const44.20.3', 'b']
    $50load_global.22 = global(np: <module 'numpy' from '/home/ken/YAVOS/venv_yavos/lib/python3.10/site-packages/numpy/__init__.py'>) ['$50load_global.22']
    $52load_method.23 = getattr(value=$50load_global.22, attr=abs) ['$50load_global.22', '$52load_method.23']
    $56call_method.25 = call $52load_method.23(b, func=$52load_method.23, args=[Var(b, pitch.py:420)], kws=(), vararg=None, varkwarg=None, target=None) ['$52load_method.23', '$56call_method.25', 'b']
    $58load_global.26 = global(np: <module 'numpy' from '/home/ken/YAVOS/venv_yavos/lib/python3.10/site-packages/numpy/__init__.py'>) ['$58load_global.26']
    $60load_method.27 = getattr(value=$58load_global.26, attr=abs) ['$58load_global.26', '$60load_method.27']
    $64call_method.29 = call $60load_method.27(a, func=$60load_method.27, args=[Var(a, pitch.py:419)], kws=(), vararg=None, varkwarg=None, target=None) ['$60load_method.27', '$64call_method.29', 'a']
    $66compare_op.30 = $56call_method.25 >= $64call_method.29 ['$56call_method.25', '$64call_method.29', '$66compare_op.30']
    $bool68 = global(bool: <class 'bool'>)   ['$bool68']
    $68pred = call $bool68($66compare_op.30, func=$bool68, args=(Var($66compare_op.30, pitch.py:422),), kws=(), vararg=None, varkwarg=None, target=None) ['$66compare_op.30', '$68pred', '$bool68']
    branch $68pred, 70, 74                   ['$68pred']
label 70:
    $const70.0.4 = const(int, 0)             ['$const70.0.4']
    $72return_value.1 = cast(value=$const70.0.4) ['$72return_value.1', '$const70.0.4']
    return $72return_value.1                 ['$72return_value.1']
label 74:
    $76unary_negative.1 = unary(fn=<built-in function neg>, value=b) ['$76unary_negative.1', 'b']
    $80binary_true_divide.3 = $76unary_negative.1 / a ['$76unary_negative.1', '$80binary_true_divide.3', 'a']
    $82return_value.4 = cast(value=$80binary_true_divide.3) ['$80binary_true_divide.3', '$82return_value.4']
    return $82return_value.4                 ['$82return_value.4']

2025-12-10 16:14:05,982 [DEBUG] - matplotlib data path: /home/ken/YAVOS/venv_yavos/lib/python3.10/site-packages/matplotlib/mpl-data
2025-12-10 16:14:05,986 [DEBUG] - CONFIGDIR=/home/ken/.config/matplotlib
2025-12-10 16:14:05,987 [DEBUG] - interactive is False
2025-12-10 16:14:05,987 [DEBUG] - platform is linux
2025-12-10 16:14:06,002 [DEBUG] - CACHEDIR=/home/ken/.cache/matplotlib
2025-12-10 16:14:06,004 [DEBUG] - Using fontManager instance from /home/ken/.cache/matplotlib/fontlist-v390.json
2025-12-10 16:14:06,161 [DEBUG] - Loaded backend Agg version v2.2.
2025-12-10 16:14:08,283 [DEBUG] - Executing: ['espeak-ng', '-q', '-b', '1', '--voices']
2025-12-10 16:14:08,292 [DEBUG] - espeak-ng: Pty Language       Age/Gender VoiceName          File                 Other Languages
2025-12-10 16:14:08,292 [DEBUG] - espeak-ng: 5  af              --/M      Afrikaans          gmw/af
2025-12-10 16:14:08,292 [DEBUG] - espeak-ng: 5  am              --/M      Amharic            sem/am
2025-12-10 16:14:08,292 [DEBUG] - espeak-ng: 5  an              --/M      Aragonese          roa/an
2025-12-10 16:14:08,292 [DEBUG] - espeak-ng: 5  ar              --/M      Arabic             sem/ar
2025-12-10 16:14:08,292 [DEBUG] - espeak-ng: 5  as              --/M      Assamese           inc/as
2025-12-10 16:14:08,292 [DEBUG] - espeak-ng: 5  az              --/M      Azerbaijani        trk/az
2025-12-10 16:14:08,292 [DEBUG] - espeak-ng: 5  ba              --/M      Bashkir            trk/ba
2025-12-10 16:14:08,292 [DEBUG] - espeak-ng: 5  bg              --/M      Bulgarian          zls/bg
2025-12-10 16:14:08,292 [DEBUG] - espeak-ng: 5  bn              --/M      Bengali            inc/bn
2025-12-10 16:14:08,292 [DEBUG] - espeak-ng: 5  bpy             --/M      Bishnupriya_Manipuri inc/bpy
2025-12-10 16:14:08,292 [DEBUG] - espeak-ng: 5  bs              --/M      Bosnian            zls/bs
2025-12-10 16:14:08,292 [DEBUG] - espeak-ng: 5  ca              --/M      Catalan            roa/ca
2025-12-10 16:14:08,292 [DEBUG] - espeak-ng: 5  cmn             --/M      Chinese_(Mandarin) sit/cmn              (zh-cmn 5)(zh 5)
2025-12-10 16:14:08,292 [DEBUG] - espeak-ng: 5  cs              --/M      Czech              zlw/cs
2025-12-10 16:14:08,292 [DEBUG] - espeak-ng: 5  cy              --/M      Welsh              cel/cy
2025-12-10 16:14:08,292 [DEBUG] - espeak-ng: 5  da              --/M      Danish             gmq/da
2025-12-10 16:14:08,292 [DEBUG] - espeak-ng: 5  de              --/M      German             gmw/de
2025-12-10 16:14:08,292 [DEBUG] - espeak-ng: 5  el              --/M      Greek              grk/el
2025-12-10 16:14:08,292 [DEBUG] - espeak-ng: 5  en-029          --/M      English_(Caribbean) gmw/en-029           (en 10)
2025-12-10 16:14:08,292 [DEBUG] - espeak-ng: 2  en-gb           --/M      English_(Great_Britain) gmw/en               (en 2)
2025-12-10 16:14:08,292 [DEBUG] - espeak-ng: 5  en-gb-scotland  --/M      English_(Scotland) gmw/en-GB-scotland   (en 4)
2025-12-10 16:14:08,292 [DEBUG] - espeak-ng: 5  en-gb-x-gbclan  --/M      English_(Lancaster) gmw/en-GB-x-gbclan   (en-gb 3)(en 5)
2025-12-10 16:14:08,292 [DEBUG] - espeak-ng: 5  en-gb-x-gbcwmd  --/M      English_(West_Midlands) gmw/en-GB-x-gbcwmd   (en-gb 9)(en 9)
2025-12-10 16:14:08,292 [DEBUG] - espeak-ng: 5  en-gb-x-rp      --/M      English_(Received_Pronunciation) gmw/en-GB-x-rp       (en-gb 4)(en 5)
2025-12-10 16:14:08,292 [DEBUG] - espeak-ng: 2  en-us           --/M      English_(America)  gmw/en-US            (en 3)
2025-12-10 16:14:08,292 [DEBUG] - espeak-ng: 5  eo              --/M      Esperanto          art/eo
2025-12-10 16:14:08,292 [DEBUG] - espeak-ng: 5  es              --/M      Spanish_(Spain)    roa/es
2025-12-10 16:14:08,292 [DEBUG] - espeak-ng: 5  es-419          --/M      Spanish_(Latin_America) roa/es-419           (es-mx 6)(es 6)
2025-12-10 16:14:08,293 [DEBUG] - espeak-ng: 5  et              --/M      Estonian           urj/et
2025-12-10 16:14:08,293 [DEBUG] - espeak-ng: 5  eu              --/M      Basque             eu
2025-12-10 16:14:08,293 [DEBUG] - espeak-ng: 5  fa              --/M      Persian            ira/fa
2025-12-10 16:14:08,293 [DEBUG] - espeak-ng: 5  fa-latn         --/M      Persian_(Pinglish) ira/fa-Latn
2025-12-10 16:14:08,293 [DEBUG] - espeak-ng: 5  fi              --/M      Finnish            urj/fi
2025-12-10 16:14:08,293 [DEBUG] - espeak-ng: 5  fr-be           --/M      French_(Belgium)   roa/fr-BE            (fr 8)
2025-12-10 16:14:08,293 [DEBUG] - espeak-ng: 5  fr-ch           --/M      French_(Switzerland) roa/fr-CH            (fr 8)
2025-12-10 16:14:08,293 [DEBUG] - espeak-ng: 5  fr-fr           --/M      French_(France)    roa/fr               (fr 5)
2025-12-10 16:14:08,293 [DEBUG] - espeak-ng: 5  ga              --/M      Gaelic_(Irish)     cel/ga
2025-12-10 16:14:08,293 [DEBUG] - espeak-ng: 5  gd              --/M      Gaelic_(Scottish)  cel/gd
2025-12-10 16:14:08,293 [DEBUG] - espeak-ng: 5  gn              --/M      Guarani            sai/gn
2025-12-10 16:14:08,293 [DEBUG] - espeak-ng: 5  grc             --/M      Greek_(Ancient)    grk/grc
2025-12-10 16:14:08,293 [DEBUG] - espeak-ng: 5  gu              --/M      Gujarati           inc/gu
2025-12-10 16:14:08,293 [DEBUG] - espeak-ng: 5  hak             --/M      Hakka_Chinese      sit/hak
2025-12-10 16:14:08,293 [DEBUG] - espeak-ng: 5  hi              --/M      Hindi              inc/hi
2025-12-10 16:14:08,293 [DEBUG] - espeak-ng: 5  hr              --/M      Croatian           zls/hr               (hbs 5)
2025-12-10 16:14:08,293 [DEBUG] - espeak-ng: 5  ht              --/M      Haitian_Creole     roa/ht
2025-12-10 16:14:08,293 [DEBUG] - espeak-ng: 5  hu              --/M      Hungarian          urj/hu
2025-12-10 16:14:08,293 [DEBUG] - espeak-ng: 5  hy              --/M      Armenian_(East_Armenia) ine/hy               (hy-arevela 5)
2025-12-10 16:14:08,293 [DEBUG] - espeak-ng: 5  hyw             --/M      Armenian_(West_Armenia) ine/hyw              (hy-arevmda 5)(hy 8)
2025-12-10 16:14:08,293 [DEBUG] - espeak-ng: 5  ia              --/M      Interlingua        art/ia
2025-12-10 16:14:08,293 [DEBUG] - espeak-ng: 5  id              --/M      Indonesian         poz/id
2025-12-10 16:14:08,293 [DEBUG] - espeak-ng: 5  is              --/M      Icelandic          gmq/is
2025-12-10 16:14:08,293 [DEBUG] - espeak-ng: 5  it              --/M      Italian            roa/it
2025-12-10 16:14:08,293 [DEBUG] - espeak-ng: 5  ja              --/M      Japanese           jpx/ja
2025-12-10 16:14:08,293 [DEBUG] - espeak-ng: 5  jbo             --/M      Lojban             art/jbo
2025-12-10 16:14:08,293 [DEBUG] - espeak-ng: 5  ka              --/M      Georgian           ccs/ka
2025-12-10 16:14:08,293 [DEBUG] - espeak-ng: 5  kk              --/M      Kazakh             trk/kk
2025-12-10 16:14:08,293 [DEBUG] - espeak-ng: 5  kl              --/M      Greenlandic        esx/kl
2025-12-10 16:14:08,293 [DEBUG] - espeak-ng: 5  kn              --/M      Kannada            dra/kn
2025-12-10 16:14:08,293 [DEBUG] - espeak-ng: 5  ko              --/M      Korean             ko
2025-12-10 16:14:08,293 [DEBUG] - espeak-ng: 5  kok             --/M      Konkani            inc/kok
2025-12-10 16:14:08,293 [DEBUG] - espeak-ng: 5  ku              --/M      Kurdish            ira/ku
2025-12-10 16:14:08,293 [DEBUG] - espeak-ng: 5  ky              --/M      Kyrgyz             trk/ky
2025-12-10 16:14:08,293 [DEBUG] - espeak-ng: 5  la              --/M      Latin              itc/la
2025-12-10 16:14:08,293 [DEBUG] - espeak-ng: 5  lfn             --/M      Lingua_Franca_Nova art/lfn
2025-12-10 16:14:08,293 [DEBUG] - espeak-ng: 5  lt              --/M      Lithuanian         bat/lt
2025-12-10 16:14:08,293 [DEBUG] - espeak-ng: 5  lv              --/M      Latvian            bat/lv
2025-12-10 16:14:08,293 [DEBUG] - espeak-ng: 5  mi              --/M      Māori             poz/mi
2025-12-10 16:14:08,293 [DEBUG] - espeak-ng: 5  mk              --/M      Macedonian         zls/mk
2025-12-10 16:14:08,293 [DEBUG] - espeak-ng: 5  ml              --/M      Malayalam          dra/ml
2025-12-10 16:14:08,293 [DEBUG] - espeak-ng: 5  mr              --/M      Marathi            inc/mr
2025-12-10 16:14:08,293 [DEBUG] - espeak-ng: 5  ms              --/M      Malay              poz/ms
2025-12-10 16:14:08,293 [DEBUG] - espeak-ng: 5  mt              --/M      Maltese            sem/mt
2025-12-10 16:14:08,293 [DEBUG] - espeak-ng: 5  my              --/M      Myanmar_(Burmese)  sit/my
2025-12-10 16:14:08,293 [DEBUG] - espeak-ng: 5  nb              --/M      Norwegian_Bokmål  gmq/nb               (no 5)
2025-12-10 16:14:08,293 [DEBUG] - espeak-ng: 5  nci             --/M      Nahuatl_(Classical) azc/nci
2025-12-10 16:14:08,293 [DEBUG] - espeak-ng: 5  ne              --/M      Nepali             inc/ne
2025-12-10 16:14:08,293 [DEBUG] - espeak-ng: 5  nl              --/M      Dutch              gmw/nl
2025-12-10 16:14:08,293 [DEBUG] - espeak-ng: 5  om              --/M      Oromo              cus/om
2025-12-10 16:14:08,293 [DEBUG] - espeak-ng: 5  or              --/M      Oriya              inc/or
2025-12-10 16:14:08,293 [DEBUG] - espeak-ng: 5  pa              --/M      Punjabi            inc/pa
2025-12-10 16:14:08,293 [DEBUG] - espeak-ng: 5  pap             --/M      Papiamento         roa/pap
2025-12-10 16:14:08,293 [DEBUG] - espeak-ng: 5  pl              --/M      Polish             zlw/pl
2025-12-10 16:14:08,293 [DEBUG] - espeak-ng: 5  pt              --/M      Portuguese_(Portugal) roa/pt               (pt-pt 5)
2025-12-10 16:14:08,293 [DEBUG] - espeak-ng: 5  pt-br           --/M      Portuguese_(Brazil) roa/pt-BR            (pt 6)
2025-12-10 16:14:08,293 [DEBUG] - espeak-ng: 5  py              --/M      Pyash              art/py
2025-12-10 16:14:08,293 [DEBUG] - espeak-ng: 5  quc             --/M      K'iche'            myn/quc
2025-12-10 16:14:08,293 [DEBUG] - espeak-ng: 5  ro              --/M      Romanian           roa/ro
2025-12-10 16:14:08,293 [DEBUG] - espeak-ng: 5  ru              --/M      Russian            zle/ru
2025-12-10 16:14:08,294 [DEBUG] - espeak-ng: 2  ru-lv           --/M      Russian_(Latvia)   zle/ru-LV
2025-12-10 16:14:08,294 [DEBUG] - espeak-ng: 5  sd              --/M      Sindhi             inc/sd
2025-12-10 16:14:08,294 [DEBUG] - espeak-ng: 5  shn             --/M      Shan_(Tai_Yai)     tai/shn
2025-12-10 16:14:08,294 [DEBUG] - espeak-ng: 5  si              --/M      Sinhala            inc/si
2025-12-10 16:14:08,294 [DEBUG] - espeak-ng: 5  sk              --/M      Slovak             zlw/sk
2025-12-10 16:14:08,294 [DEBUG] - espeak-ng: 5  sl              --/M      Slovenian          zls/sl
2025-12-10 16:14:08,294 [DEBUG] - espeak-ng: 5  sq              --/M      Albanian           ine/sq
2025-12-10 16:14:08,294 [DEBUG] - espeak-ng: 5  sr              --/M      Serbian            zls/sr
2025-12-10 16:14:08,294 [DEBUG] - espeak-ng: 5  sv              --/M      Swedish            gmq/sv
2025-12-10 16:14:08,294 [DEBUG] - espeak-ng: 5  sw              --/M      Swahili            bnt/sw
2025-12-10 16:14:08,294 [DEBUG] - espeak-ng: 5  ta              --/M      Tamil              dra/ta
2025-12-10 16:14:08,294 [DEBUG] - espeak-ng: 5  te              --/M      Telugu             dra/te
2025-12-10 16:14:08,294 [DEBUG] - espeak-ng: 5  tn              --/M      Setswana           bnt/tn
2025-12-10 16:14:08,294 [DEBUG] - espeak-ng: 5  tr              --/M      Turkish            trk/tr
2025-12-10 16:14:08,294 [DEBUG] - espeak-ng: 5  tt              --/M      Tatar              trk/tt
2025-12-10 16:14:08,294 [DEBUG] - espeak-ng: 5  ur              --/M      Urdu               inc/ur
2025-12-10 16:14:08,294 [DEBUG] - espeak-ng: 5  uz              --/M      Uzbek              trk/uz
2025-12-10 16:14:08,294 [DEBUG] - espeak-ng: 5  vi              --/M      Vietnamese_(Northern) aav/vi
2025-12-10 16:14:08,294 [DEBUG] - espeak-ng: 5  vi-vn-x-central --/M      Vietnamese_(Central) aav/vi-VN-x-central
2025-12-10 16:14:08,294 [DEBUG] - espeak-ng: 5  vi-vn-x-south   --/M      Vietnamese_(Southern) aav/vi-VN-x-south
2025-12-10 16:14:08,294 [DEBUG] - espeak-ng: 5  yue             --/M      Chinese_(Cantonese) sit/yue              (zh-yue 5)(zh 8)
2025-12-10 16:14:08,342 [DEBUG] - open file: /home/ken/YAVOS/venv_yavos/lib/python3.10/site-packages/TTS/.models.json
2025-12-10 16:14:08,345 [INFO] - tts_models/en/vctk/vits is already downloaded.
2025-12-10 16:14:08,345 [DEBUG] - open file: /home/ken/.local/share/tts/tts_models--en--vctk--vits/config.json
2025-12-10 16:14:08,349 [DEBUG] - open file: /home/ken/.local/share/tts/tts_models--en--vctk--vits/config.json
2025-12-10 16:14:08,386 [DEBUG] - open file: /home/ken/.local/share/tts/tts_models--en--vctk--vits/config.json
2025-12-10 16:14:08,388 [INFO] - Using model: vits
2025-12-10 16:14:08,389 [INFO] - Setting up Audio Processor...
2025-12-10 16:14:08,389 [INFO] -  | sample_rate: 22050
2025-12-10 16:14:08,389 [INFO] -  | resample: False
2025-12-10 16:14:08,389 [INFO] -  | num_mels: 80
2025-12-10 16:14:08,389 [INFO] -  | log_func: np.log10
2025-12-10 16:14:08,389 [INFO] -  | min_level_db: 0
2025-12-10 16:14:08,389 [INFO] -  | frame_shift_ms: None
2025-12-10 16:14:08,389 [INFO] -  | frame_length_ms: None
2025-12-10 16:14:08,389 [INFO] -  | ref_level_db: None
2025-12-10 16:14:08,389 [INFO] -  | fft_size: 1024
2025-12-10 16:14:08,389 [INFO] -  | power: None
2025-12-10 16:14:08,389 [INFO] -  | preemphasis: 0.0
2025-12-10 16:14:08,389 [INFO] -  | griffin_lim_iters: None
2025-12-10 16:14:08,389 [INFO] -  | signal_norm: None
2025-12-10 16:14:08,389 [INFO] -  | symmetric_norm: None
2025-12-10 16:14:08,389 [INFO] -  | mel_fmin: 0
2025-12-10 16:14:08,389 [INFO] -  | mel_fmax: None
2025-12-10 16:14:08,389 [INFO] -  | pitch_fmin: None
2025-12-10 16:14:08,389 [INFO] -  | pitch_fmax: None
2025-12-10 16:14:08,389 [INFO] -  | spec_gain: 20.0
2025-12-10 16:14:08,389 [INFO] -  | stft_pad_mode: reflect
2025-12-10 16:14:08,389 [INFO] -  | max_norm: 1.0
2025-12-10 16:14:08,389 [INFO] -  | clip_norm: True
2025-12-10 16:14:08,389 [INFO] -  | do_trim_silence: False
2025-12-10 16:14:08,389 [INFO] -  | trim_db: 60
2025-12-10 16:14:08,389 [INFO] -  | do_sound_norm: False
2025-12-10 16:14:08,389 [INFO] -  | do_amp_to_db_linear: True
2025-12-10 16:14:08,389 [INFO] -  | do_amp_to_db_mel: True
2025-12-10 16:14:08,389 [INFO] -  | do_rms_norm: False
2025-12-10 16:14:08,389 [INFO] -  | db_level: None
2025-12-10 16:14:08,390 [INFO] -  | stats_path: None
2025-12-10 16:14:08,390 [INFO] -  | base: 10
2025-12-10 16:14:08,390 [INFO] -  | hop_length: 256
2025-12-10 16:14:08,390 [INFO] -  | win_length: 1024
2025-12-10 16:14:08,397 [DEBUG] - Executing: ['espeak-ng', '-q', '-b', '1', '--voices']
2025-12-10 16:14:08,405 [DEBUG] - espeak-ng: Pty Language       Age/Gender VoiceName          File                 Other Languages
2025-12-10 16:14:08,405 [DEBUG] - espeak-ng: 5  af              --/M      Afrikaans          gmw/af
2025-12-10 16:14:08,405 [DEBUG] - espeak-ng: 5  am              --/M      Amharic            sem/am
2025-12-10 16:14:08,405 [DEBUG] - espeak-ng: 5  an              --/M      Aragonese          roa/an
2025-12-10 16:14:08,405 [DEBUG] - espeak-ng: 5  ar              --/M      Arabic             sem/ar
2025-12-10 16:14:08,405 [DEBUG] - espeak-ng: 5  as              --/M      Assamese           inc/as
2025-12-10 16:14:08,405 [DEBUG] - espeak-ng: 5  az              --/M      Azerbaijani        trk/az
2025-12-10 16:14:08,406 [DEBUG] - espeak-ng: 5  ba              --/M      Bashkir            trk/ba
2025-12-10 16:14:08,406 [DEBUG] - espeak-ng: 5  bg              --/M      Bulgarian          zls/bg
2025-12-10 16:14:08,406 [DEBUG] - espeak-ng: 5  bn              --/M      Bengali            inc/bn
2025-12-10 16:14:08,406 [DEBUG] - espeak-ng: 5  bpy             --/M      Bishnupriya_Manipuri inc/bpy
2025-12-10 16:14:08,406 [DEBUG] - espeak-ng: 5  bs              --/M      Bosnian            zls/bs
2025-12-10 16:14:08,406 [DEBUG] - espeak-ng: 5  ca              --/M      Catalan            roa/ca
2025-12-10 16:14:08,406 [DEBUG] - espeak-ng: 5  cmn             --/M      Chinese_(Mandarin) sit/cmn              (zh-cmn 5)(zh 5)
2025-12-10 16:14:08,406 [DEBUG] - espeak-ng: 5  cs              --/M      Czech              zlw/cs
2025-12-10 16:14:08,406 [DEBUG] - espeak-ng: 5  cy              --/M      Welsh              cel/cy
2025-12-10 16:14:08,406 [DEBUG] - espeak-ng: 5  da              --/M      Danish             gmq/da
2025-12-10 16:14:08,406 [DEBUG] - espeak-ng: 5  de              --/M      German             gmw/de
2025-12-10 16:14:08,406 [DEBUG] - espeak-ng: 5  el              --/M      Greek              grk/el
2025-12-10 16:14:08,406 [DEBUG] - espeak-ng: 5  en-029          --/M      English_(Caribbean) gmw/en-029           (en 10)
2025-12-10 16:14:08,406 [DEBUG] - espeak-ng: 2  en-gb           --/M      English_(Great_Britain) gmw/en               (en 2)
2025-12-10 16:14:08,406 [DEBUG] - espeak-ng: 5  en-gb-scotland  --/M      English_(Scotland) gmw/en-GB-scotland   (en 4)
2025-12-10 16:14:08,406 [DEBUG] - espeak-ng: 5  en-gb-x-gbclan  --/M      English_(Lancaster) gmw/en-GB-x-gbclan   (en-gb 3)(en 5)
2025-12-10 16:14:08,406 [DEBUG] - espeak-ng: 5  en-gb-x-gbcwmd  --/M      English_(West_Midlands) gmw/en-GB-x-gbcwmd   (en-gb 9)(en 9)
2025-12-10 16:14:08,406 [DEBUG] - espeak-ng: 5  en-gb-x-rp      --/M      English_(Received_Pronunciation) gmw/en-GB-x-rp       (en-gb 4)(en 5)
2025-12-10 16:14:08,406 [DEBUG] - espeak-ng: 2  en-us           --/M      English_(America)  gmw/en-US            (en 3)
2025-12-10 16:14:08,406 [DEBUG] - espeak-ng: 5  eo              --/M      Esperanto          art/eo
2025-12-10 16:14:08,406 [DEBUG] - espeak-ng: 5  es              --/M      Spanish_(Spain)    roa/es
2025-12-10 16:14:08,406 [DEBUG] - espeak-ng: 5  es-419          --/M      Spanish_(Latin_America) roa/es-419           (es-mx 6)(es 6)
2025-12-10 16:14:08,406 [DEBUG] - espeak-ng: 5  et              --/M      Estonian           urj/et
2025-12-10 16:14:08,406 [DEBUG] - espeak-ng: 5  eu              --/M      Basque             eu
2025-12-10 16:14:08,406 [DEBUG] - espeak-ng: 5  fa              --/M      Persian            ira/fa
2025-12-10 16:14:08,406 [DEBUG] - espeak-ng: 5  fa-latn         --/M      Persian_(Pinglish) ira/fa-Latn
2025-12-10 16:14:08,406 [DEBUG] - espeak-ng: 5  fi              --/M      Finnish            urj/fi
2025-12-10 16:14:08,406 [DEBUG] - espeak-ng: 5  fr-be           --/M      French_(Belgium)   roa/fr-BE            (fr 8)
2025-12-10 16:14:08,406 [DEBUG] - espeak-ng: 5  fr-ch           --/M      French_(Switzerland) roa/fr-CH            (fr 8)
2025-12-10 16:14:08,406 [DEBUG] - espeak-ng: 5  fr-fr           --/M      French_(France)    roa/fr               (fr 5)
2025-12-10 16:14:08,406 [DEBUG] - espeak-ng: 5  ga              --/M      Gaelic_(Irish)     cel/ga
2025-12-10 16:14:08,406 [DEBUG] - espeak-ng: 5  gd              --/M      Gaelic_(Scottish)  cel/gd
2025-12-10 16:14:08,406 [DEBUG] - espeak-ng: 5  gn              --/M      Guarani            sai/gn
2025-12-10 16:14:08,406 [DEBUG] - espeak-ng: 5  grc             --/M      Greek_(Ancient)    grk/grc
2025-12-10 16:14:08,406 [DEBUG] - espeak-ng: 5  gu              --/M      Gujarati           inc/gu
2025-12-10 16:14:08,406 [DEBUG] - espeak-ng: 5  hak             --/M      Hakka_Chinese      sit/hak
2025-12-10 16:14:08,406 [DEBUG] - espeak-ng: 5  hi              --/M      Hindi              inc/hi
2025-12-10 16:14:08,406 [DEBUG] - espeak-ng: 5  hr              --/M      Croatian           zls/hr               (hbs 5)
2025-12-10 16:14:08,406 [DEBUG] - espeak-ng: 5  ht              --/M      Haitian_Creole     roa/ht
2025-12-10 16:14:08,406 [DEBUG] - espeak-ng: 5  hu              --/M      Hungarian          urj/hu
2025-12-10 16:14:08,406 [DEBUG] - espeak-ng: 5  hy              --/M      Armenian_(East_Armenia) ine/hy               (hy-arevela 5)
2025-12-10 16:14:08,406 [DEBUG] - espeak-ng: 5  hyw             --/M      Armenian_(West_Armenia) ine/hyw              (hy-arevmda 5)(hy 8)
2025-12-10 16:14:08,406 [DEBUG] - espeak-ng: 5  ia              --/M      Interlingua        art/ia
2025-12-10 16:14:08,406 [DEBUG] - espeak-ng: 5  id              --/M      Indonesian         poz/id
2025-12-10 16:14:08,406 [DEBUG] - espeak-ng: 5  is              --/M      Icelandic          gmq/is
2025-12-10 16:14:08,406 [DEBUG] - espeak-ng: 5  it              --/M      Italian            roa/it
2025-12-10 16:14:08,406 [DEBUG] - espeak-ng: 5  ja              --/M      Japanese           jpx/ja
2025-12-10 16:14:08,406 [DEBUG] - espeak-ng: 5  jbo             --/M      Lojban             art/jbo
2025-12-10 16:14:08,406 [DEBUG] - espeak-ng: 5  ka              --/M      Georgian           ccs/ka
2025-12-10 16:14:08,406 [DEBUG] - espeak-ng: 5  kk              --/M      Kazakh             trk/kk
2025-12-10 16:14:08,406 [DEBUG] - espeak-ng: 5  kl              --/M      Greenlandic        esx/kl
2025-12-10 16:14:08,406 [DEBUG] - espeak-ng: 5  kn              --/M      Kannada            dra/kn
2025-12-10 16:14:08,406 [DEBUG] - espeak-ng: 5  ko              --/M      Korean             ko
2025-12-10 16:14:08,406 [DEBUG] - espeak-ng: 5  kok             --/M      Konkani            inc/kok
2025-12-10 16:14:08,406 [DEBUG] - espeak-ng: 5  ku              --/M      Kurdish            ira/ku
2025-12-10 16:14:08,406 [DEBUG] - espeak-ng: 5  ky              --/M      Kyrgyz             trk/ky
2025-12-10 16:14:08,406 [DEBUG] - espeak-ng: 5  la              --/M      Latin              itc/la
2025-12-10 16:14:08,406 [DEBUG] - espeak-ng: 5  lfn             --/M      Lingua_Franca_Nova art/lfn
2025-12-10 16:14:08,406 [DEBUG] - espeak-ng: 5  lt              --/M      Lithuanian         bat/lt
2025-12-10 16:14:08,407 [DEBUG] - espeak-ng: 5  lv              --/M      Latvian            bat/lv
2025-12-10 16:14:08,407 [DEBUG] - espeak-ng: 5  mi              --/M      Māori             poz/mi
2025-12-10 16:14:08,407 [DEBUG] - espeak-ng: 5  mk              --/M      Macedonian         zls/mk
2025-12-10 16:14:08,407 [DEBUG] - espeak-ng: 5  ml              --/M      Malayalam          dra/ml
2025-12-10 16:14:08,407 [DEBUG] - espeak-ng: 5  mr              --/M      Marathi            inc/mr
2025-12-10 16:14:08,407 [DEBUG] - espeak-ng: 5  ms              --/M      Malay              poz/ms
2025-12-10 16:14:08,407 [DEBUG] - espeak-ng: 5  mt              --/M      Maltese            sem/mt
2025-12-10 16:14:08,407 [DEBUG] - espeak-ng: 5  my              --/M      Myanmar_(Burmese)  sit/my
2025-12-10 16:14:08,407 [DEBUG] - espeak-ng: 5  nb              --/M      Norwegian_Bokmål  gmq/nb               (no 5)
2025-12-10 16:14:08,407 [DEBUG] - espeak-ng: 5  nci             --/M      Nahuatl_(Classical) azc/nci
2025-12-10 16:14:08,407 [DEBUG] - espeak-ng: 5  ne              --/M      Nepali             inc/ne
2025-12-10 16:14:08,407 [DEBUG] - espeak-ng: 5  nl              --/M      Dutch              gmw/nl
2025-12-10 16:14:08,407 [DEBUG] - espeak-ng: 5  om              --/M      Oromo              cus/om
2025-12-10 16:14:08,407 [DEBUG] - espeak-ng: 5  or              --/M      Oriya              inc/or
2025-12-10 16:14:08,407 [DEBUG] - espeak-ng: 5  pa              --/M      Punjabi            inc/pa
2025-12-10 16:14:08,407 [DEBUG] - espeak-ng: 5  pap             --/M      Papiamento         roa/pap
2025-12-10 16:14:08,407 [DEBUG] - espeak-ng: 5  pl              --/M      Polish             zlw/pl
2025-12-10 16:14:08,407 [DEBUG] - espeak-ng: 5  pt              --/M      Portuguese_(Portugal) roa/pt               (pt-pt 5)
2025-12-10 16:14:08,407 [DEBUG] - espeak-ng: 5  pt-br           --/M      Portuguese_(Brazil) roa/pt-BR            (pt 6)
2025-12-10 16:14:08,407 [DEBUG] - espeak-ng: 5  py              --/M      Pyash              art/py
2025-12-10 16:14:08,407 [DEBUG] - espeak-ng: 5  quc             --/M      K'iche'            myn/quc
2025-12-10 16:14:08,407 [DEBUG] - espeak-ng: 5  ro              --/M      Romanian           roa/ro
2025-12-10 16:14:08,407 [DEBUG] - espeak-ng: 5  ru              --/M      Russian            zle/ru
2025-12-10 16:14:08,407 [DEBUG] - espeak-ng: 2  ru-lv           --/M      Russian_(Latvia)   zle/ru-LV
2025-12-10 16:14:08,407 [DEBUG] - espeak-ng: 5  sd              --/M      Sindhi             inc/sd
2025-12-10 16:14:08,407 [DEBUG] - espeak-ng: 5  shn             --/M      Shan_(Tai_Yai)     tai/shn
2025-12-10 16:14:08,407 [DEBUG] - espeak-ng: 5  si              --/M      Sinhala            inc/si
2025-12-10 16:14:08,407 [DEBUG] - espeak-ng: 5  sk              --/M      Slovak             zlw/sk
2025-12-10 16:14:08,407 [DEBUG] - espeak-ng: 5  sl              --/M      Slovenian          zls/sl
2025-12-10 16:14:08,407 [DEBUG] - espeak-ng: 5  sq              --/M      Albanian           ine/sq
2025-12-10 16:14:08,407 [DEBUG] - espeak-ng: 5  sr              --/M      Serbian            zls/sr
2025-12-10 16:14:08,407 [DEBUG] - espeak-ng: 5  sv              --/M      Swedish            gmq/sv
2025-12-10 16:14:08,407 [DEBUG] - espeak-ng: 5  sw              --/M      Swahili            bnt/sw
2025-12-10 16:14:08,407 [DEBUG] - espeak-ng: 5  ta              --/M      Tamil              dra/ta
2025-12-10 16:14:08,407 [DEBUG] - espeak-ng: 5  te              --/M      Telugu             dra/te
2025-12-10 16:14:08,407 [DEBUG] - espeak-ng: 5  tn              --/M      Setswana           bnt/tn
2025-12-10 16:14:08,407 [DEBUG] - espeak-ng: 5  tr              --/M      Turkish            trk/tr
2025-12-10 16:14:08,407 [DEBUG] - espeak-ng: 5  tt              --/M      Tatar              trk/tt
2025-12-10 16:14:08,407 [DEBUG] - espeak-ng: 5  ur              --/M      Urdu               inc/ur
2025-12-10 16:14:08,407 [DEBUG] - espeak-ng: 5  uz              --/M      Uzbek              trk/uz
2025-12-10 16:14:08,407 [DEBUG] - espeak-ng: 5  vi              --/M      Vietnamese_(Northern) aav/vi
2025-12-10 16:14:08,407 [DEBUG] - espeak-ng: 5  vi-vn-x-central --/M      Vietnamese_(Central) aav/vi-VN-x-central
2025-12-10 16:14:08,407 [DEBUG] - espeak-ng: 5  vi-vn-x-south   --/M      Vietnamese_(Southern) aav/vi-VN-x-south
2025-12-10 16:14:08,407 [DEBUG] - espeak-ng: 5  yue             --/M      Chinese_(Cantonese) sit/yue              (zh-yue 5)(zh 8)
2025-12-10 16:14:08,408 [DEBUG] - open file: /home/ken/.local/share/tts/tts_models--en--vctk--vits/speaker_ids.json
2025-12-10 16:14:08,408 [INFO] - Initialization of speaker-embedding layers.
2025-12-10 16:14:08,651 [DEBUG] - open file: /home/ken/.local/share/tts/tts_models--en--vctk--vits/model.pth
2025-12-10 16:14:08,848 [INFO] - Websocket connected
2025-12-10 16:14:09,848 [INFO] - TTSSvc: tts_svc Connected!
2025-12-10 16:14:21,844 [INFO] - STTSvc: Transcribe took 0.2396857738494873, produced ---> 
2025-12-10 16:14:28,287 [INFO] - STTSvc: Transcribe took 0.22248244285583496, produced ---> 
2025-12-10 16:14:31,172 [INFO] - STTSvc: Transcribe took 0.25818562507629395, produced ---> 
2025-12-10 16:14:34,217 [INFO] - STTSvc: Transcribe took 0.45544958114624023, produced ---> lasting one two three
2025-12-10 16:14:34,226 [INFO] - Text split into sentences.
2025-12-10 16:14:34,226 [INFO] - Input: ['lasting one two three']
2025-12-10 16:14:34,226 [DEBUG] - Tokenizer input text: lasting one two three
2025-12-10 16:14:34,226 [DEBUG] - Cleaned text: lasting one two three
2025-12-10 16:14:34,226 [DEBUG] - Executing: ['espeak-ng', '-q', '-b', '1', '-v', 'en-us', '--ipa=1', '-f', '/tmp/tmpr495irhl']
2025-12-10 16:14:34,297 [DEBUG] - espeak-ng: l_ˈæ_s_t_ɪ_ŋ w_ˈʌ_n t_ˈuː θ_ɹ_ˈiː
2025-12-10 16:14:34,297 [DEBUG] - Phonemes: lˈæstɪŋ wˈʌn tˈuː θɹˈiː
2025-12-10 16:14:34,645 [INFO] - Processing time: 0.425
2025-12-10 16:14:34,645 [INFO] - Real-time factor: 0.236
2025-12-10 16:14:34,660 [INFO] - TTSSvc: Transcribe took 0.4403557777404785, Received text ---> lasting one two three
2025-12-10 16:14:34,662 [INFO] - HAL: mute mic
2025-12-10 16:14:34,671 [INFO] - HAL: play wav aplay Config/tts_out/junk.wav  >/dev/null 2>&1
2025-12-10 16:14:36,554 [INFO] - HAL: unmute mic
2025-12-10 16:14:39,432 [INFO] - STTSvc: Transcribe took 0.4058670997619629, produced ---> asking one two three
2025-12-10 16:14:39,435 [INFO] - Text split into sentences.
2025-12-10 16:14:39,435 [INFO] - Input: ['asking one two three']
2025-12-10 16:14:39,435 [DEBUG] - Tokenizer input text: asking one two three
2025-12-10 16:14:39,435 [DEBUG] - Cleaned text: asking one two three
2025-12-10 16:14:39,435 [DEBUG] - Executing: ['espeak-ng', '-q', '-b', '1', '-v', 'en-us', '--ipa=1', '-f', '/tmp/tmprnumom6h']
2025-12-10 16:14:39,445 [DEBUG] - espeak-ng: ˈæ_s_k_ɪ_ŋ w_ˈʌ_n t_ˈuː θ_ɹ_ˈiː
2025-12-10 16:14:39,445 [DEBUG] - Phonemes: ˈæskɪŋ wˈʌn tˈuː θɹˈiː
2025-12-10 16:14:39,735 [INFO] - Processing time: 0.300
2025-12-10 16:14:39,735 [INFO] - Real-time factor: 0.174
2025-12-10 16:14:39,738 [INFO] - TTSSvc: Transcribe took 0.3043785095214844, Received text ---> asking one two three
2025-12-10 16:14:39,739 [INFO] - HAL: mute mic
2025-12-10 16:14:39,748 [INFO] - HAL: play wav aplay Config/tts_out/junk.wav  >/dev/null 2>&1
2025-12-10 16:14:41,506 [INFO] - HAL: unmute mic
2025-12-10 16:14:43,466 [INFO] - STTSvc: Transcribe took 0.39728713035583496, produced ---> during the one two three
2025-12-10 16:14:43,469 [INFO] - Text split into sentences.
2025-12-10 16:14:43,469 [INFO] - Input: ['during the one two three']
2025-12-10 16:14:43,469 [DEBUG] - Tokenizer input text: during the one two three
2025-12-10 16:14:43,469 [DEBUG] - Cleaned text: during the one two three
2025-12-10 16:14:43,470 [DEBUG] - Executing: ['espeak-ng', '-q', '-b', '1', '-v', 'en-us', '--ipa=1', '-f', '/tmp/tmpl9ovvcy_']
2025-12-10 16:14:43,480 [DEBUG] - espeak-ng: d_ˈʊɹ_ɹ_ɪ_ŋ ð_ə w_ˈʌ_n t_ˈuː θ_ɹ_ˈiː
2025-12-10 16:14:43,480 [DEBUG] - Phonemes: dˈʊɹɹɪŋ ðə wˈʌn tˈuː θɹˈiː
2025-12-10 16:14:43,771 [INFO] - Processing time: 0.302
2025-12-10 16:14:43,771 [INFO] - Real-time factor: 0.171
2025-12-10 16:14:43,775 [INFO] - TTSSvc: Transcribe took 0.30618977546691895, Received text ---> during the one two three
2025-12-10 16:14:43,776 [INFO] - HAL: mute mic
2025-12-10 16:14:43,785 [INFO] - HAL: play wav aplay Config/tts_out/junk.wav  >/dev/null 2>&1
2025-12-10 16:14:45,667 [INFO] - HAL: unmute mic
2025-12-10 16:14:48,617 [INFO] - STTSvc: Transcribe took 0.43586254119873047, produced ---> sting one two three
2025-12-10 16:14:48,620 [INFO] - Text split into sentences.
2025-12-10 16:14:48,620 [INFO] - Input: ['sting one two three']
2025-12-10 16:14:48,621 [DEBUG] - Tokenizer input text: sting one two three
2025-12-10 16:14:48,621 [DEBUG] - Cleaned text: sting one two three
2025-12-10 16:14:48,621 [DEBUG] - Executing: ['espeak-ng', '-q', '-b', '1', '-v', 'en-us', '--ipa=1', '-f', '/tmp/tmpk08rt5me']
2025-12-10 16:14:48,631 [DEBUG] - espeak-ng: s_t_ˈɪ_ŋ w_ˈʌ_n t_ˈuː θ_ɹ_ˈiː
2025-12-10 16:14:48,631 [DEBUG] - Phonemes: stˈɪŋ wˈʌn tˈuː θɹˈiː
2025-12-10 16:14:48,907 [INFO] - Processing time: 0.287
2025-12-10 16:14:48,907 [INFO] - Real-time factor: 0.168
2025-12-10 16:14:48,911 [INFO] - TTSSvc: Transcribe took 0.291351318359375, Received text ---> sting one two three
2025-12-10 16:14:48,912 [INFO] - HAL: mute mic
2025-12-10 16:14:48,921 [INFO] - HAL: play wav aplay Config/tts_out/junk.wav  >/dev/null 2>&1
2025-12-10 16:14:50,678 [INFO] - HAL: unmute mic
2025-12-10 16:14:53,959 [INFO] - STTSvc: Transcribe took 0.30700111389160156, produced ---> 
2025-12-10 16:15:00,794 [INFO] - STTSvc: Transcribe took 0.5306780338287354, produced ---> testing one two three
2025-12-10 16:15:00,797 [INFO] - Text split into sentences.
2025-12-10 16:15:00,797 [INFO] - Input: ['testing one two three']
2025-12-10 16:15:00,797 [DEBUG] - Tokenizer input text: testing one two three
2025-12-10 16:15:00,798 [DEBUG] - Cleaned text: testing one two three
2025-12-10 16:15:00,798 [DEBUG] - Executing: ['espeak-ng', '-q', '-b', '1', '-v', 'en-us', '--ipa=1', '-f', '/tmp/tmp3xr_1wrs']
2025-12-10 16:15:00,868 [DEBUG] - espeak-ng: t_ˈɛ_s_t_ɪ_ŋ w_ˈʌ_n t_ˈuː θ_ɹ_ˈiː
2025-12-10 16:15:00,868 [DEBUG] - Phonemes: tˈɛstɪŋ wˈʌn tˈuː θɹˈiː
2025-12-10 16:15:01,169 [INFO] - Processing time: 0.373
2025-12-10 16:15:01,170 [INFO] - Real-time factor: 0.207
2025-12-10 16:15:01,173 [INFO] - TTSSvc: Transcribe took 0.37659668922424316, Received text ---> testing one two three
2025-12-10 16:15:01,175 [INFO] - HAL: mute mic
2025-12-10 16:15:01,184 [INFO] - HAL: play wav aplay Config/tts_out/junk.wav  >/dev/null 2>&1
2025-12-10 16:15:01,329 [INFO] - STTSvc: Transcribe took 0.32757115364074707, produced ---> 
2025-12-10 16:15:03,068 [INFO] - HAL: unmute mic
2025-12-10 16:15:15,870 [INFO] - STTSvc: Transcribe took 0.24183106422424316, produced ---> 
2025-12-10 16:15:16,483 [INFO] - STTSvc: Transcribe took 0.24468636512756348, produced ---> 
2025-12-10 16:15:16,615 [INFO] - STTSvc: Transcribe took 0.13025712966918945, produced ---> 
2025-12-10 16:15:17,533 [INFO] - STTSvc: Transcribe took 0.2519659996032715, produced ---> 
2025-12-10 16:15:17,982 [INFO] - STTSvc: Transcribe took 0.24384784698486328, produced ---> 
2025-12-10 16:15:18,487 [INFO] - STTSvc: Transcribe took 0.13717293739318848, produced ---> 
2025-12-10 16:15:19,515 [INFO] - STTSvc: Transcribe took 0.27550601959228516, produced ---> 
2025-12-10 16:15:19,675 [INFO] - STTSvc: Transcribe took 0.13123869895935059, produced ---> 
2025-12-10 16:15:20,400 [INFO] - STTSvc: Transcribe took 0.27085185050964355, produced ---> 
2025-12-10 16:15:21,011 [INFO] - STTSvc: Transcribe took 0.27142763137817383, produced ---> 
2025-12-10 16:15:23,130 [INFO] - STTSvc: Transcribe took 0.2799975872039795, produced ---> 
2025-12-10 16:15:23,537 [INFO] - STTSvc: Transcribe took 0.25373387336730957, produced ---> 
2025-12-10 16:15:24,596 [INFO] - STTSvc: Transcribe took 0.24682021141052246, produced ---> 
2025-12-10 16:16:06,120 [INFO] - STTSvc: model:tiny.en, useGPU:False, keyFile:/home/ken/YAVA/Keys/open-ai-key.txt
2025-12-10 16:16:06,129 [INFO] - MediaSvc: bargeIn: False, localEnabled: True, remotePort: None
2025-12-10 16:16:06,129 [DEBUG] - MediaSvc: Remote audio output is disabled
2025-12-10 16:16:06,129 [INFO] - MediaSvc: attempt to connect to main message bus
2025-12-10 16:16:06,130 [DEBUG] - ** media_svc - Not Connected **
2025-12-10 16:16:06,132 [INFO] - Websocket connected
2025-12-10 16:16:07,131 [INFO] - MediaSvc: connected to main message bus. ID is media_svc.
2025-12-10 16:16:07,133 [INFO] - HAL: Activated. Volume command is amixer -D pulse sset Master %s, Mic command is pactl set-source-volume $(pactl info | grep "Default Source" | cut -d " " -f3) %s
2025-12-10 16:16:07,195 [DEBUG] - Loading FFmpeg6
2025-12-10 16:16:07,196 [DEBUG] - Failed to load FFmpeg6 extension.
Traceback (most recent call last):
  File "/home/ken/YAVOS/venv_yavos/lib/python3.10/site-packages/torio/_extension/utils.py", line 116, in _find_ffmpeg_extension
    ext = _find_versionsed_ffmpeg_extension(ffmpeg_ver)
  File "/home/ken/YAVOS/venv_yavos/lib/python3.10/site-packages/torio/_extension/utils.py", line 108, in _find_versionsed_ffmpeg_extension
    _load_lib(lib)
  File "/home/ken/YAVOS/venv_yavos/lib/python3.10/site-packages/torio/_extension/utils.py", line 94, in _load_lib
    torch.ops.load_library(path)
  File "/home/ken/YAVOS/venv_yavos/lib/python3.10/site-packages/torch/_ops.py", line 1478, in load_library
    ctypes.CDLL(path)
  File "/usr/lib/python3.10/ctypes/__init__.py", line 374, in __init__
    self._handle = _dlopen(self._name, mode)
OSError: libavutil.so.58: cannot open shared object file: No such file or directory
2025-12-10 16:16:07,196 [DEBUG] - Loading FFmpeg5
2025-12-10 16:16:07,197 [DEBUG] - Failed to load FFmpeg5 extension.
Traceback (most recent call last):
  File "/home/ken/YAVOS/venv_yavos/lib/python3.10/site-packages/torio/_extension/utils.py", line 116, in _find_ffmpeg_extension
    ext = _find_versionsed_ffmpeg_extension(ffmpeg_ver)
  File "/home/ken/YAVOS/venv_yavos/lib/python3.10/site-packages/torio/_extension/utils.py", line 108, in _find_versionsed_ffmpeg_extension
    _load_lib(lib)
  File "/home/ken/YAVOS/venv_yavos/lib/python3.10/site-packages/torio/_extension/utils.py", line 94, in _load_lib
    torch.ops.load_library(path)
  File "/home/ken/YAVOS/venv_yavos/lib/python3.10/site-packages/torch/_ops.py", line 1478, in load_library
    ctypes.CDLL(path)
  File "/usr/lib/python3.10/ctypes/__init__.py", line 374, in __init__
    self._handle = _dlopen(self._name, mode)
OSError: libavutil.so.57: cannot open shared object file: No such file or directory
2025-12-10 16:16:07,197 [DEBUG] - Loading FFmpeg4
2025-12-10 16:16:07,232 [DEBUG] - Successfully loaded FFmpeg4
2025-12-10 16:16:07,649 [INFO] - Websocket connected
2025-12-10 16:16:08,111 [DEBUG] - bytecode dump:
>          0	NOP(arg=None, lineno=1137)
           2	LOAD_FAST(arg=0, lineno=1140)
           4	LOAD_CONST(arg=1, lineno=1140)
           6	BINARY_SUBSCR(arg=None, lineno=1140)
           8	STORE_FAST(arg=3, lineno=1140)
          10	LOAD_FAST(arg=1, lineno=1141)
          12	UNARY_NEGATIVE(arg=None, lineno=1141)
          14	LOAD_FAST(arg=3, lineno=1141)
          16	DUP_TOP(arg=None, lineno=1141)
          18	ROT_THREE(arg=None, lineno=1141)
          20	COMPARE_OP(arg=1, lineno=1141)
          22	POP_JUMP_IF_FALSE(arg=17, lineno=1141)
          24	LOAD_FAST(arg=1, lineno=1141)
          26	COMPARE_OP(arg=1, lineno=1141)
          28	POP_JUMP_IF_FALSE(arg=21, lineno=1141)
          30	JUMP_FORWARD(arg=2, lineno=1141)
>         32	POP_TOP(arg=None, lineno=1141)
          34	JUMP_FORWARD(arg=2, lineno=1141)
>         36	LOAD_CONST(arg=1, lineno=1142)
          38	STORE_FAST(arg=3, lineno=1142)
>         40	LOAD_FAST(arg=0, lineno=1144)
          42	LOAD_CONST(arg=2, lineno=1144)
          44	BINARY_SUBSCR(arg=None, lineno=1144)
          46	STORE_FAST(arg=4, lineno=1144)
          48	LOAD_FAST(arg=1, lineno=1145)
          50	UNARY_NEGATIVE(arg=None, lineno=1145)
          52	LOAD_FAST(arg=4, lineno=1145)
          54	DUP_TOP(arg=None, lineno=1145)
          56	ROT_THREE(arg=None, lineno=1145)
          58	COMPARE_OP(arg=1, lineno=1145)
          60	POP_JUMP_IF_FALSE(arg=36, lineno=1145)
          62	LOAD_FAST(arg=1, lineno=1145)
          64	COMPARE_OP(arg=1, lineno=1145)
          66	POP_JUMP_IF_FALSE(arg=40, lineno=1145)
          68	JUMP_FORWARD(arg=2, lineno=1145)
>         70	POP_TOP(arg=None, lineno=1145)
          72	JUMP_FORWARD(arg=2, lineno=1145)
>         74	LOAD_CONST(arg=1, lineno=1146)
          76	STORE_FAST(arg=4, lineno=1146)
>         78	LOAD_FAST(arg=2, lineno=1148)
          80	POP_JUMP_IF_FALSE(arg=52, lineno=1148)
          82	LOAD_GLOBAL(arg=0, lineno=1149)
          84	LOAD_METHOD(arg=1, lineno=1149)
          86	LOAD_FAST(arg=3, lineno=1149)
          88	CALL_METHOD(arg=1, lineno=1149)
          90	LOAD_GLOBAL(arg=0, lineno=1149)
          92	LOAD_METHOD(arg=1, lineno=1149)
          94	LOAD_FAST(arg=4, lineno=1149)
          96	CALL_METHOD(arg=1, lineno=1149)
          98	COMPARE_OP(arg=3, lineno=1149)
         100	RETURN_VALUE(arg=None, lineno=1149)
>        102	LOAD_GLOBAL(arg=0, lineno=1151)
         104	LOAD_METHOD(arg=2, lineno=1151)
         106	LOAD_FAST(arg=3, lineno=1151)
         108	CALL_METHOD(arg=1, lineno=1151)
         110	LOAD_GLOBAL(arg=0, lineno=1151)
         112	LOAD_METHOD(arg=2, lineno=1151)
         114	LOAD_FAST(arg=4, lineno=1151)
         116	CALL_METHOD(arg=1, lineno=1151)
         118	COMPARE_OP(arg=3, lineno=1151)
         120	RETURN_VALUE(arg=None, lineno=1151)
2025-12-10 16:16:08,112 [DEBUG] - pending: deque([State(pc_initial=0 nstack_initial=0)])
2025-12-10 16:16:08,112 [DEBUG] - stack: []
2025-12-10 16:16:08,112 [DEBUG] - state.pc_initial: State(pc_initial=0 nstack_initial=0)
2025-12-10 16:16:08,112 [DEBUG] - dispatch pc=0, inst=NOP(arg=None, lineno=1137)
2025-12-10 16:16:08,112 [DEBUG] - stack []
2025-12-10 16:16:08,112 [DEBUG] - dispatch pc=2, inst=LOAD_FAST(arg=0, lineno=1140)
2025-12-10 16:16:08,112 [DEBUG] - stack []
2025-12-10 16:16:08,112 [DEBUG] - dispatch pc=4, inst=LOAD_CONST(arg=1, lineno=1140)
2025-12-10 16:16:08,112 [DEBUG] - stack ['$x2.0']
2025-12-10 16:16:08,112 [DEBUG] - dispatch pc=6, inst=BINARY_SUBSCR(arg=None, lineno=1140)
2025-12-10 16:16:08,112 [DEBUG] - stack ['$x2.0', '$const4.1.1']
2025-12-10 16:16:08,112 [DEBUG] - dispatch pc=8, inst=STORE_FAST(arg=3, lineno=1140)
2025-12-10 16:16:08,112 [DEBUG] - stack ['$6binary_subscr.2']
2025-12-10 16:16:08,112 [DEBUG] - dispatch pc=10, inst=LOAD_FAST(arg=1, lineno=1141)
2025-12-10 16:16:08,112 [DEBUG] - stack []
2025-12-10 16:16:08,112 [DEBUG] - dispatch pc=12, inst=UNARY_NEGATIVE(arg=None, lineno=1141)
2025-12-10 16:16:08,112 [DEBUG] - stack ['$threshold10.3']
2025-12-10 16:16:08,112 [DEBUG] - dispatch pc=14, inst=LOAD_FAST(arg=3, lineno=1141)
2025-12-10 16:16:08,112 [DEBUG] - stack ['$12unary_negative.4']
2025-12-10 16:16:08,112 [DEBUG] - dispatch pc=16, inst=DUP_TOP(arg=None, lineno=1141)
2025-12-10 16:16:08,112 [DEBUG] - stack ['$12unary_negative.4', '$x014.5']
2025-12-10 16:16:08,112 [DEBUG] - dispatch pc=18, inst=ROT_THREE(arg=None, lineno=1141)
2025-12-10 16:16:08,112 [DEBUG] - stack ['$12unary_negative.4', '$x014.5', '$16dup_top.6']
2025-12-10 16:16:08,112 [DEBUG] - dispatch pc=20, inst=COMPARE_OP(arg=1, lineno=1141)
2025-12-10 16:16:08,112 [DEBUG] - stack ['$16dup_top.6', '$12unary_negative.4', '$x014.5']
2025-12-10 16:16:08,112 [DEBUG] - dispatch pc=22, inst=POP_JUMP_IF_FALSE(arg=17, lineno=1141)
2025-12-10 16:16:08,112 [DEBUG] - stack ['$16dup_top.6', '$20compare_op.7']
2025-12-10 16:16:08,112 [DEBUG] - end state. edges=[Edge(pc=24, stack=('$16dup_top.6',), blockstack=(), npush=0), Edge(pc=32, stack=('$16dup_top.6',), blockstack=(), npush=0)]
2025-12-10 16:16:08,112 [DEBUG] - pending: deque([State(pc_initial=24 nstack_initial=1), State(pc_initial=32 nstack_initial=1)])
2025-12-10 16:16:08,113 [DEBUG] - stack: ['$phi24.0']
2025-12-10 16:16:08,113 [DEBUG] - state.pc_initial: State(pc_initial=24 nstack_initial=1)
2025-12-10 16:16:08,113 [DEBUG] - dispatch pc=24, inst=LOAD_FAST(arg=1, lineno=1141)
2025-12-10 16:16:08,113 [DEBUG] - stack ['$phi24.0']
2025-12-10 16:16:08,113 [DEBUG] - dispatch pc=26, inst=COMPARE_OP(arg=1, lineno=1141)
2025-12-10 16:16:08,113 [DEBUG] - stack ['$phi24.0', '$threshold24.1']
2025-12-10 16:16:08,113 [DEBUG] - dispatch pc=28, inst=POP_JUMP_IF_FALSE(arg=21, lineno=1141)
2025-12-10 16:16:08,113 [DEBUG] - stack ['$26compare_op.2']
2025-12-10 16:16:08,113 [DEBUG] - end state. edges=[Edge(pc=30, stack=(), blockstack=(), npush=0), Edge(pc=40, stack=(), blockstack=(), npush=0)]
2025-12-10 16:16:08,113 [DEBUG] - pending: deque([State(pc_initial=32 nstack_initial=1), State(pc_initial=30 nstack_initial=0), State(pc_initial=40 nstack_initial=0)])
2025-12-10 16:16:08,113 [DEBUG] - stack: ['$phi32.0']
2025-12-10 16:16:08,113 [DEBUG] - state.pc_initial: State(pc_initial=32 nstack_initial=1)
2025-12-10 16:16:08,113 [DEBUG] - dispatch pc=32, inst=POP_TOP(arg=None, lineno=1141)
2025-12-10 16:16:08,113 [DEBUG] - stack ['$phi32.0']
2025-12-10 16:16:08,113 [DEBUG] - dispatch pc=34, inst=JUMP_FORWARD(arg=2, lineno=1141)
2025-12-10 16:16:08,113 [DEBUG] - stack []
2025-12-10 16:16:08,113 [DEBUG] - end state. edges=[Edge(pc=40, stack=(), blockstack=(), npush=0)]
2025-12-10 16:16:08,113 [DEBUG] - pending: deque([State(pc_initial=30 nstack_initial=0), State(pc_initial=40 nstack_initial=0), State(pc_initial=40 nstack_initial=0)])
2025-12-10 16:16:08,113 [DEBUG] - stack: []
2025-12-10 16:16:08,113 [DEBUG] - state.pc_initial: State(pc_initial=30 nstack_initial=0)
2025-12-10 16:16:08,113 [DEBUG] - dispatch pc=30, inst=JUMP_FORWARD(arg=2, lineno=1141)
2025-12-10 16:16:08,113 [DEBUG] - stack []
2025-12-10 16:16:08,113 [DEBUG] - end state. edges=[Edge(pc=36, stack=(), blockstack=(), npush=0)]
2025-12-10 16:16:08,113 [DEBUG] - pending: deque([State(pc_initial=40 nstack_initial=0), State(pc_initial=40 nstack_initial=0), State(pc_initial=36 nstack_initial=0)])
2025-12-10 16:16:08,113 [DEBUG] - stack: []
2025-12-10 16:16:08,113 [DEBUG] - state.pc_initial: State(pc_initial=40 nstack_initial=0)
2025-12-10 16:16:08,113 [DEBUG] - dispatch pc=40, inst=LOAD_FAST(arg=0, lineno=1144)
2025-12-10 16:16:08,113 [DEBUG] - stack []
2025-12-10 16:16:08,113 [DEBUG] - dispatch pc=42, inst=LOAD_CONST(arg=2, lineno=1144)
2025-12-10 16:16:08,113 [DEBUG] - stack ['$x40.0']
2025-12-10 16:16:08,113 [DEBUG] - dispatch pc=44, inst=BINARY_SUBSCR(arg=None, lineno=1144)
2025-12-10 16:16:08,113 [DEBUG] - stack ['$x40.0', '$const42.1.2']
2025-12-10 16:16:08,113 [DEBUG] - dispatch pc=46, inst=STORE_FAST(arg=4, lineno=1144)
2025-12-10 16:16:08,113 [DEBUG] - stack ['$44binary_subscr.2']
2025-12-10 16:16:08,113 [DEBUG] - dispatch pc=48, inst=LOAD_FAST(arg=1, lineno=1145)
2025-12-10 16:16:08,113 [DEBUG] - stack []
2025-12-10 16:16:08,113 [DEBUG] - dispatch pc=50, inst=UNARY_NEGATIVE(arg=None, lineno=1145)
2025-12-10 16:16:08,113 [DEBUG] - stack ['$threshold48.3']
2025-12-10 16:16:08,113 [DEBUG] - dispatch pc=52, inst=LOAD_FAST(arg=4, lineno=1145)
2025-12-10 16:16:08,113 [DEBUG] - stack ['$50unary_negative.4']
2025-12-10 16:16:08,113 [DEBUG] - dispatch pc=54, inst=DUP_TOP(arg=None, lineno=1145)
2025-12-10 16:16:08,114 [DEBUG] - stack ['$50unary_negative.4', '$x152.5']
2025-12-10 16:16:08,114 [DEBUG] - dispatch pc=56, inst=ROT_THREE(arg=None, lineno=1145)
2025-12-10 16:16:08,114 [DEBUG] - stack ['$50unary_negative.4', '$x152.5', '$54dup_top.6']
2025-12-10 16:16:08,114 [DEBUG] - dispatch pc=58, inst=COMPARE_OP(arg=1, lineno=1145)
2025-12-10 16:16:08,114 [DEBUG] - stack ['$54dup_top.6', '$50unary_negative.4', '$x152.5']
2025-12-10 16:16:08,114 [DEBUG] - dispatch pc=60, inst=POP_JUMP_IF_FALSE(arg=36, lineno=1145)
2025-12-10 16:16:08,114 [DEBUG] - stack ['$54dup_top.6', '$58compare_op.7']
2025-12-10 16:16:08,114 [DEBUG] - end state. edges=[Edge(pc=62, stack=('$54dup_top.6',), blockstack=(), npush=0), Edge(pc=70, stack=('$54dup_top.6',), blockstack=(), npush=0)]
2025-12-10 16:16:08,114 [DEBUG] - pending: deque([State(pc_initial=40 nstack_initial=0), State(pc_initial=36 nstack_initial=0), State(pc_initial=62 nstack_initial=1), State(pc_initial=70 nstack_initial=1)])
2025-12-10 16:16:08,114 [DEBUG] - pending: deque([State(pc_initial=36 nstack_initial=0), State(pc_initial=62 nstack_initial=1), State(pc_initial=70 nstack_initial=1)])
2025-12-10 16:16:08,114 [DEBUG] - stack: []
2025-12-10 16:16:08,114 [DEBUG] - state.pc_initial: State(pc_initial=36 nstack_initial=0)
2025-12-10 16:16:08,114 [DEBUG] - dispatch pc=36, inst=LOAD_CONST(arg=1, lineno=1142)
2025-12-10 16:16:08,114 [DEBUG] - stack []
2025-12-10 16:16:08,114 [DEBUG] - dispatch pc=38, inst=STORE_FAST(arg=3, lineno=1142)
2025-12-10 16:16:08,114 [DEBUG] - stack ['$const36.0.1']
2025-12-10 16:16:08,114 [DEBUG] - end state. edges=[Edge(pc=40, stack=(), blockstack=(), npush=0)]
2025-12-10 16:16:08,114 [DEBUG] - pending: deque([State(pc_initial=62 nstack_initial=1), State(pc_initial=70 nstack_initial=1), State(pc_initial=40 nstack_initial=0)])
2025-12-10 16:16:08,114 [DEBUG] - stack: ['$phi62.0']
2025-12-10 16:16:08,114 [DEBUG] - state.pc_initial: State(pc_initial=62 nstack_initial=1)
2025-12-10 16:16:08,114 [DEBUG] - dispatch pc=62, inst=LOAD_FAST(arg=1, lineno=1145)
2025-12-10 16:16:08,114 [DEBUG] - stack ['$phi62.0']
2025-12-10 16:16:08,114 [DEBUG] - dispatch pc=64, inst=COMPARE_OP(arg=1, lineno=1145)
2025-12-10 16:16:08,114 [DEBUG] - stack ['$phi62.0', '$threshold62.1']
2025-12-10 16:16:08,114 [DEBUG] - dispatch pc=66, inst=POP_JUMP_IF_FALSE(arg=40, lineno=1145)
2025-12-10 16:16:08,114 [DEBUG] - stack ['$64compare_op.2']
2025-12-10 16:16:08,114 [DEBUG] - end state. edges=[Edge(pc=68, stack=(), blockstack=(), npush=0), Edge(pc=78, stack=(), blockstack=(), npush=0)]
2025-12-10 16:16:08,114 [DEBUG] - pending: deque([State(pc_initial=70 nstack_initial=1), State(pc_initial=40 nstack_initial=0), State(pc_initial=68 nstack_initial=0), State(pc_initial=78 nstack_initial=0)])
2025-12-10 16:16:08,114 [DEBUG] - stack: ['$phi70.0']
2025-12-10 16:16:08,114 [DEBUG] - state.pc_initial: State(pc_initial=70 nstack_initial=1)
2025-12-10 16:16:08,114 [DEBUG] - dispatch pc=70, inst=POP_TOP(arg=None, lineno=1145)
2025-12-10 16:16:08,114 [DEBUG] - stack ['$phi70.0']
2025-12-10 16:16:08,114 [DEBUG] - dispatch pc=72, inst=JUMP_FORWARD(arg=2, lineno=1145)
2025-12-10 16:16:08,114 [DEBUG] - stack []
2025-12-10 16:16:08,114 [DEBUG] - end state. edges=[Edge(pc=78, stack=(), blockstack=(), npush=0)]
2025-12-10 16:16:08,114 [DEBUG] - pending: deque([State(pc_initial=40 nstack_initial=0), State(pc_initial=68 nstack_initial=0), State(pc_initial=78 nstack_initial=0), State(pc_initial=78 nstack_initial=0)])
2025-12-10 16:16:08,114 [DEBUG] - pending: deque([State(pc_initial=68 nstack_initial=0), State(pc_initial=78 nstack_initial=0), State(pc_initial=78 nstack_initial=0)])
2025-12-10 16:16:08,114 [DEBUG] - stack: []
2025-12-10 16:16:08,114 [DEBUG] - state.pc_initial: State(pc_initial=68 nstack_initial=0)
2025-12-10 16:16:08,114 [DEBUG] - dispatch pc=68, inst=JUMP_FORWARD(arg=2, lineno=1145)
2025-12-10 16:16:08,114 [DEBUG] - stack []
2025-12-10 16:16:08,114 [DEBUG] - end state. edges=[Edge(pc=74, stack=(), blockstack=(), npush=0)]
2025-12-10 16:16:08,115 [DEBUG] - pending: deque([State(pc_initial=78 nstack_initial=0), State(pc_initial=78 nstack_initial=0), State(pc_initial=74 nstack_initial=0)])
2025-12-10 16:16:08,115 [DEBUG] - stack: []
2025-12-10 16:16:08,115 [DEBUG] - state.pc_initial: State(pc_initial=78 nstack_initial=0)
2025-12-10 16:16:08,115 [DEBUG] - dispatch pc=78, inst=LOAD_FAST(arg=2, lineno=1148)
2025-12-10 16:16:08,115 [DEBUG] - stack []
2025-12-10 16:16:08,115 [DEBUG] - dispatch pc=80, inst=POP_JUMP_IF_FALSE(arg=52, lineno=1148)
2025-12-10 16:16:08,115 [DEBUG] - stack ['$zero_pos78.0']
2025-12-10 16:16:08,115 [DEBUG] - end state. edges=[Edge(pc=82, stack=(), blockstack=(), npush=0), Edge(pc=102, stack=(), blockstack=(), npush=0)]
2025-12-10 16:16:08,115 [DEBUG] - pending: deque([State(pc_initial=78 nstack_initial=0), State(pc_initial=74 nstack_initial=0), State(pc_initial=82 nstack_initial=0), State(pc_initial=102 nstack_initial=0)])
2025-12-10 16:16:08,116 [DEBUG] - pending: deque([State(pc_initial=74 nstack_initial=0), State(pc_initial=82 nstack_initial=0), State(pc_initial=102 nstack_initial=0)])
2025-12-10 16:16:08,116 [DEBUG] - stack: []
2025-12-10 16:16:08,116 [DEBUG] - state.pc_initial: State(pc_initial=74 nstack_initial=0)
2025-12-10 16:16:08,116 [DEBUG] - dispatch pc=74, inst=LOAD_CONST(arg=1, lineno=1146)
2025-12-10 16:16:08,116 [DEBUG] - stack []
2025-12-10 16:16:08,116 [DEBUG] - dispatch pc=76, inst=STORE_FAST(arg=4, lineno=1146)
2025-12-10 16:16:08,116 [DEBUG] - stack ['$const74.0.1']
2025-12-10 16:16:08,116 [DEBUG] - end state. edges=[Edge(pc=78, stack=(), blockstack=(), npush=0)]
2025-12-10 16:16:08,116 [DEBUG] - pending: deque([State(pc_initial=82 nstack_initial=0), State(pc_initial=102 nstack_initial=0), State(pc_initial=78 nstack_initial=0)])
2025-12-10 16:16:08,116 [DEBUG] - stack: []
2025-12-10 16:16:08,116 [DEBUG] - state.pc_initial: State(pc_initial=82 nstack_initial=0)
2025-12-10 16:16:08,116 [DEBUG] - dispatch pc=82, inst=LOAD_GLOBAL(arg=0, lineno=1149)
2025-12-10 16:16:08,116 [DEBUG] - stack []
2025-12-10 16:16:08,116 [DEBUG] - dispatch pc=84, inst=LOAD_METHOD(arg=1, lineno=1149)
2025-12-10 16:16:08,116 [DEBUG] - stack ['$82load_global.0']
2025-12-10 16:16:08,116 [DEBUG] - dispatch pc=86, inst=LOAD_FAST(arg=3, lineno=1149)
2025-12-10 16:16:08,116 [DEBUG] - stack ['$84load_method.1']
2025-12-10 16:16:08,116 [DEBUG] - dispatch pc=88, inst=CALL_METHOD(arg=1, lineno=1149)
2025-12-10 16:16:08,116 [DEBUG] - stack ['$84load_method.1', '$x086.2']
2025-12-10 16:16:08,116 [DEBUG] - dispatch pc=90, inst=LOAD_GLOBAL(arg=0, lineno=1149)
2025-12-10 16:16:08,116 [DEBUG] - stack ['$88call_method.3']
2025-12-10 16:16:08,116 [DEBUG] - dispatch pc=92, inst=LOAD_METHOD(arg=1, lineno=1149)
2025-12-10 16:16:08,116 [DEBUG] - stack ['$88call_method.3', '$90load_global.4']
2025-12-10 16:16:08,116 [DEBUG] - dispatch pc=94, inst=LOAD_FAST(arg=4, lineno=1149)
2025-12-10 16:16:08,116 [DEBUG] - stack ['$88call_method.3', '$92load_method.5']
2025-12-10 16:16:08,116 [DEBUG] - dispatch pc=96, inst=CALL_METHOD(arg=1, lineno=1149)
2025-12-10 16:16:08,116 [DEBUG] - stack ['$88call_method.3', '$92load_method.5', '$x194.6']
2025-12-10 16:16:08,116 [DEBUG] - dispatch pc=98, inst=COMPARE_OP(arg=3, lineno=1149)
2025-12-10 16:16:08,116 [DEBUG] - stack ['$88call_method.3', '$96call_method.7']
2025-12-10 16:16:08,116 [DEBUG] - dispatch pc=100, inst=RETURN_VALUE(arg=None, lineno=1149)
2025-12-10 16:16:08,116 [DEBUG] - stack ['$98compare_op.8']
2025-12-10 16:16:08,116 [DEBUG] - end state. edges=[]
2025-12-10 16:16:08,116 [DEBUG] - pending: deque([State(pc_initial=102 nstack_initial=0), State(pc_initial=78 nstack_initial=0)])
2025-12-10 16:16:08,116 [DEBUG] - stack: []
2025-12-10 16:16:08,116 [DEBUG] - state.pc_initial: State(pc_initial=102 nstack_initial=0)
2025-12-10 16:16:08,117 [DEBUG] - dispatch pc=102, inst=LOAD_GLOBAL(arg=0, lineno=1151)
2025-12-10 16:16:08,117 [DEBUG] - stack []
2025-12-10 16:16:08,117 [DEBUG] - dispatch pc=104, inst=LOAD_METHOD(arg=2, lineno=1151)
2025-12-10 16:16:08,117 [DEBUG] - stack ['$102load_global.0']
2025-12-10 16:16:08,117 [DEBUG] - dispatch pc=106, inst=LOAD_FAST(arg=3, lineno=1151)
2025-12-10 16:16:08,117 [DEBUG] - stack ['$104load_method.1']
2025-12-10 16:16:08,117 [DEBUG] - dispatch pc=108, inst=CALL_METHOD(arg=1, lineno=1151)
2025-12-10 16:16:08,117 [DEBUG] - stack ['$104load_method.1', '$x0106.2']
2025-12-10 16:16:08,117 [DEBUG] - dispatch pc=110, inst=LOAD_GLOBAL(arg=0, lineno=1151)
2025-12-10 16:16:08,117 [DEBUG] - stack ['$108call_method.3']
2025-12-10 16:16:08,117 [DEBUG] - dispatch pc=112, inst=LOAD_METHOD(arg=2, lineno=1151)
2025-12-10 16:16:08,117 [DEBUG] - stack ['$108call_method.3', '$110load_global.4']
2025-12-10 16:16:08,117 [DEBUG] - dispatch pc=114, inst=LOAD_FAST(arg=4, lineno=1151)
2025-12-10 16:16:08,117 [DEBUG] - stack ['$108call_method.3', '$112load_method.5']
2025-12-10 16:16:08,117 [DEBUG] - dispatch pc=116, inst=CALL_METHOD(arg=1, lineno=1151)
2025-12-10 16:16:08,117 [DEBUG] - stack ['$108call_method.3', '$112load_method.5', '$x1114.6']
2025-12-10 16:16:08,117 [DEBUG] - dispatch pc=118, inst=COMPARE_OP(arg=3, lineno=1151)
2025-12-10 16:16:08,117 [DEBUG] - stack ['$108call_method.3', '$116call_method.7']
2025-12-10 16:16:08,117 [DEBUG] - dispatch pc=120, inst=RETURN_VALUE(arg=None, lineno=1151)
2025-12-10 16:16:08,117 [DEBUG] - stack ['$118compare_op.8']
2025-12-10 16:16:08,117 [DEBUG] - end state. edges=[]
2025-12-10 16:16:08,117 [DEBUG] - pending: deque([State(pc_initial=78 nstack_initial=0)])
2025-12-10 16:16:08,117 [DEBUG] - -------------------------Prune PHIs-------------------------
2025-12-10 16:16:08,117 [DEBUG] - Used_phis: defaultdict(<class 'set'>,
            {State(pc_initial=0 nstack_initial=0): set(),
             State(pc_initial=24 nstack_initial=1): {'$phi24.0'},
             State(pc_initial=30 nstack_initial=0): set(),
             State(pc_initial=32 nstack_initial=1): set(),
             State(pc_initial=36 nstack_initial=0): set(),
             State(pc_initial=40 nstack_initial=0): set(),
             State(pc_initial=62 nstack_initial=1): {'$phi62.0'},
             State(pc_initial=68 nstack_initial=0): set(),
             State(pc_initial=70 nstack_initial=1): set(),
             State(pc_initial=74 nstack_initial=0): set(),
             State(pc_initial=78 nstack_initial=0): set(),
             State(pc_initial=82 nstack_initial=0): set(),
             State(pc_initial=102 nstack_initial=0): set()})
2025-12-10 16:16:08,117 [DEBUG] - defmap: {'$phi24.0': State(pc_initial=0 nstack_initial=0),
 '$phi32.0': State(pc_initial=0 nstack_initial=0),
 '$phi62.0': State(pc_initial=40 nstack_initial=0),
 '$phi70.0': State(pc_initial=40 nstack_initial=0)}
2025-12-10 16:16:08,117 [DEBUG] - phismap: defaultdict(<class 'set'>,
            {'$phi24.0': {('$16dup_top.6',
                           State(pc_initial=0 nstack_initial=0))},
             '$phi32.0': {('$16dup_top.6',
                           State(pc_initial=0 nstack_initial=0))},
             '$phi62.0': {('$54dup_top.6',
                           State(pc_initial=40 nstack_initial=0))},
             '$phi70.0': {('$54dup_top.6',
                           State(pc_initial=40 nstack_initial=0))}})
2025-12-10 16:16:08,117 [DEBUG] - changing phismap: defaultdict(<class 'set'>,
            {'$phi24.0': {('$16dup_top.6',
                           State(pc_initial=0 nstack_initial=0))},
             '$phi32.0': {('$16dup_top.6',
                           State(pc_initial=0 nstack_initial=0))},
             '$phi62.0': {('$54dup_top.6',
                           State(pc_initial=40 nstack_initial=0))},
             '$phi70.0': {('$54dup_top.6',
                           State(pc_initial=40 nstack_initial=0))}})
2025-12-10 16:16:08,118 [DEBUG] - keep phismap: {'$phi24.0': {('$16dup_top.6', State(pc_initial=0 nstack_initial=0))},
 '$phi62.0': {('$54dup_top.6', State(pc_initial=40 nstack_initial=0))}}
2025-12-10 16:16:08,118 [DEBUG] - new_out: defaultdict(<class 'dict'>,
            {State(pc_initial=0 nstack_initial=0): {'$phi24.0': '$16dup_top.6'},
             State(pc_initial=40 nstack_initial=0): {'$phi62.0': '$54dup_top.6'}})
2025-12-10 16:16:08,118 [DEBUG] - ----------------------DONE Prune PHIs-----------------------
2025-12-10 16:16:08,118 [DEBUG] - block_infos State(pc_initial=0 nstack_initial=0):
AdaptBlockInfo(insts=((0, {}), (2, {'res': '$x2.0'}), (4, {'res': '$const4.1.1'}), (6, {'index': '$const4.1.1', 'target': '$x2.0', 'res': '$6binary_subscr.2'}), (8, {'value': '$6binary_subscr.2'}), (10, {'res': '$threshold10.3'}), (12, {'value': '$threshold10.3', 'res': '$12unary_negative.4'}), (14, {'res': '$x014.5'}), (16, {'orig': ['$x014.5'], 'duped': ['$16dup_top.6']}), (20, {'lhs': '$12unary_negative.4', 'rhs': '$x014.5', 'res': '$20compare_op.7'}), (22, {'pred': '$20compare_op.7'})), outgoing_phis={'$phi24.0': '$16dup_top.6'}, blockstack=(), active_try_block=None, outgoing_edgepushed={24: ('$16dup_top.6',), 32: ('$16dup_top.6',)})
2025-12-10 16:16:08,118 [DEBUG] - block_infos State(pc_initial=24 nstack_initial=1):
AdaptBlockInfo(insts=((24, {'res': '$threshold24.1'}), (26, {'lhs': '$phi24.0', 'rhs': '$threshold24.1', 'res': '$26compare_op.2'}), (28, {'pred': '$26compare_op.2'})), outgoing_phis={}, blockstack=(), active_try_block=None, outgoing_edgepushed={30: (), 40: ()})
2025-12-10 16:16:08,118 [DEBUG] - block_infos State(pc_initial=30 nstack_initial=0):
AdaptBlockInfo(insts=((30, {}),), outgoing_phis={}, blockstack=(), active_try_block=None, outgoing_edgepushed={36: ()})
2025-12-10 16:16:08,118 [DEBUG] - block_infos State(pc_initial=32 nstack_initial=1):
AdaptBlockInfo(insts=((34, {}),), outgoing_phis={}, blockstack=(), active_try_block=None, outgoing_edgepushed={40: ()})
2025-12-10 16:16:08,118 [DEBUG] - block_infos State(pc_initial=36 nstack_initial=0):
AdaptBlockInfo(insts=((36, {'res': '$const36.0.1'}), (38, {'value': '$const36.0.1'})), outgoing_phis={}, blockstack=(), active_try_block=None, outgoing_edgepushed={40: ()})
2025-12-10 16:16:08,118 [DEBUG] - block_infos State(pc_initial=40 nstack_initial=0):
AdaptBlockInfo(insts=((40, {'res': '$x40.0'}), (42, {'res': '$const42.1.2'}), (44, {'index': '$const42.1.2', 'target': '$x40.0', 'res': '$44binary_subscr.2'}), (46, {'value': '$44binary_subscr.2'}), (48, {'res': '$threshold48.3'}), (50, {'value': '$threshold48.3', 'res': '$50unary_negative.4'}), (52, {'res': '$x152.5'}), (54, {'orig': ['$x152.5'], 'duped': ['$54dup_top.6']}), (58, {'lhs': '$50unary_negative.4', 'rhs': '$x152.5', 'res': '$58compare_op.7'}), (60, {'pred': '$58compare_op.7'})), outgoing_phis={'$phi62.0': '$54dup_top.6'}, blockstack=(), active_try_block=None, outgoing_edgepushed={62: ('$54dup_top.6',), 70: ('$54dup_top.6',)})
2025-12-10 16:16:08,118 [DEBUG] - block_infos State(pc_initial=62 nstack_initial=1):
AdaptBlockInfo(insts=((62, {'res': '$threshold62.1'}), (64, {'lhs': '$phi62.0', 'rhs': '$threshold62.1', 'res': '$64compare_op.2'}), (66, {'pred': '$64compare_op.2'})), outgoing_phis={}, blockstack=(), active_try_block=None, outgoing_edgepushed={68: (), 78: ()})
2025-12-10 16:16:08,118 [DEBUG] - block_infos State(pc_initial=68 nstack_initial=0):
AdaptBlockInfo(insts=((68, {}),), outgoing_phis={}, blockstack=(), active_try_block=None, outgoing_edgepushed={74: ()})
2025-12-10 16:16:08,118 [DEBUG] - block_infos State(pc_initial=70 nstack_initial=1):
AdaptBlockInfo(insts=((72, {}),), outgoing_phis={}, blockstack=(), active_try_block=None, outgoing_edgepushed={78: ()})
2025-12-10 16:16:08,118 [DEBUG] - block_infos State(pc_initial=74 nstack_initial=0):
AdaptBlockInfo(insts=((74, {'res': '$const74.0.1'}), (76, {'value': '$const74.0.1'})), outgoing_phis={}, blockstack=(), active_try_block=None, outgoing_edgepushed={78: ()})
2025-12-10 16:16:08,118 [DEBUG] - block_infos State(pc_initial=78 nstack_initial=0):
AdaptBlockInfo(insts=((78, {'res': '$zero_pos78.0'}), (80, {'pred': '$zero_pos78.0'})), outgoing_phis={}, blockstack=(), active_try_block=None, outgoing_edgepushed={82: (), 102: ()})
2025-12-10 16:16:08,118 [DEBUG] - block_infos State(pc_initial=82 nstack_initial=0):
AdaptBlockInfo(insts=((82, {'res': '$82load_global.0'}), (84, {'item': '$82load_global.0', 'res': '$84load_method.1'}), (86, {'res': '$x086.2'}), (88, {'func': '$84load_method.1', 'args': ['$x086.2'], 'res': '$88call_method.3'}), (90, {'res': '$90load_global.4'}), (92, {'item': '$90load_global.4', 'res': '$92load_method.5'}), (94, {'res': '$x194.6'}), (96, {'func': '$92load_method.5', 'args': ['$x194.6'], 'res': '$96call_method.7'}), (98, {'lhs': '$88call_method.3', 'rhs': '$96call_method.7', 'res': '$98compare_op.8'}), (100, {'retval': '$98compare_op.8', 'castval': '$100return_value.9'})), outgoing_phis={}, blockstack=(), active_try_block=None, outgoing_edgepushed={})
2025-12-10 16:16:08,118 [DEBUG] - block_infos State(pc_initial=102 nstack_initial=0):
AdaptBlockInfo(insts=((102, {'res': '$102load_global.0'}), (104, {'item': '$102load_global.0', 'res': '$104load_method.1'}), (106, {'res': '$x0106.2'}), (108, {'func': '$104load_method.1', 'args': ['$x0106.2'], 'res': '$108call_method.3'}), (110, {'res': '$110load_global.4'}), (112, {'item': '$110load_global.4', 'res': '$112load_method.5'}), (114, {'res': '$x1114.6'}), (116, {'func': '$112load_method.5', 'args': ['$x1114.6'], 'res': '$116call_method.7'}), (118, {'lhs': '$108call_method.3', 'rhs': '$116call_method.7', 'res': '$118compare_op.8'}), (120, {'retval': '$118compare_op.8', 'castval': '$120return_value.9'})), outgoing_phis={}, blockstack=(), active_try_block=None, outgoing_edgepushed={})
2025-12-10 16:16:08,119 [DEBUG] - label 0:
    x = arg(0, name=x)                       ['x']
    threshold = arg(1, name=threshold)       ['threshold']
    zero_pos = arg(2, name=zero_pos)         ['zero_pos']
    $const4.1.1 = const(int, 0)              ['$const4.1.1']
    x0 = getitem(value=x, index=$const4.1.1, fn=<built-in function getitem>) ['$const4.1.1', 'x', 'x0']
    $12unary_negative.4 = unary(fn=<built-in function neg>, value=threshold) ['$12unary_negative.4', 'threshold']
    $20compare_op.7 = $12unary_negative.4 <= x0 ['$12unary_negative.4', '$20compare_op.7', 'x0']
    $bool22 = global(bool: <class 'bool'>)   ['$bool22']
    $22pred = call $bool22($20compare_op.7, func=$bool22, args=(Var($20compare_op.7, audio.py:1141),), kws=(), vararg=None, varkwarg=None, target=None) ['$20compare_op.7', '$22pred', '$bool22']
    $phi24.0 = x0                            ['$phi24.0', 'x0']
    branch $22pred, 24, 32                   ['$22pred']
label 24:
    $26compare_op.2 = $phi24.0 <= threshold  ['$26compare_op.2', '$phi24.0', 'threshold']
    $bool28 = global(bool: <class 'bool'>)   ['$bool28']
    $28pred = call $bool28($26compare_op.2, func=$bool28, args=(Var($26compare_op.2, audio.py:1141),), kws=(), vararg=None, varkwarg=None, target=None) ['$26compare_op.2', '$28pred', '$bool28']
    branch $28pred, 30, 40                   ['$28pred']
label 30:
    jump 36                                  []
label 32:
    jump 40                                  []
label 36:
    x0 = const(int, 0)                       ['x0']
    jump 40                                  []
label 40:
    $const42.1.2 = const(int, -1)            ['$const42.1.2']
    x1 = getitem(value=x, index=$const42.1.2, fn=<built-in function getitem>) ['$const42.1.2', 'x', 'x1']
    $50unary_negative.4 = unary(fn=<built-in function neg>, value=threshold) ['$50unary_negative.4', 'threshold']
    $58compare_op.7 = $50unary_negative.4 <= x1 ['$50unary_negative.4', '$58compare_op.7', 'x1']
    $bool60 = global(bool: <class 'bool'>)   ['$bool60']
    $60pred = call $bool60($58compare_op.7, func=$bool60, args=(Var($58compare_op.7, audio.py:1145),), kws=(), vararg=None, varkwarg=None, target=None) ['$58compare_op.7', '$60pred', '$bool60']
    $phi62.0 = x1                            ['$phi62.0', 'x1']
    branch $60pred, 62, 70                   ['$60pred']
label 62:
    $64compare_op.2 = $phi62.0 <= threshold  ['$64compare_op.2', '$phi62.0', 'threshold']
    $bool66 = global(bool: <class 'bool'>)   ['$bool66']
    $66pred = call $bool66($64compare_op.2, func=$bool66, args=(Var($64compare_op.2, audio.py:1145),), kws=(), vararg=None, varkwarg=None, target=None) ['$64compare_op.2', '$66pred', '$bool66']
    branch $66pred, 68, 78                   ['$66pred']
label 68:
    jump 74                                  []
label 70:
    jump 78                                  []
label 74:
    x1 = const(int, 0)                       ['x1']
    jump 78                                  []
label 78:
    $bool80 = global(bool: <class 'bool'>)   ['$bool80']
    $80pred = call $bool80(zero_pos, func=$bool80, args=(Var(zero_pos, audio.py:1137),), kws=(), vararg=None, varkwarg=None, target=None) ['$80pred', '$bool80', 'zero_pos']
    branch $80pred, 82, 102                  ['$80pred']
label 82:
    $82load_global.0 = global(np: <module 'numpy' from '/home/ken/YAVOS/venv_yavos/lib/python3.10/site-packages/numpy/__init__.py'>) ['$82load_global.0']
    $84load_method.1 = getattr(value=$82load_global.0, attr=signbit) ['$82load_global.0', '$84load_method.1']
    $88call_method.3 = call $84load_method.1(x0, func=$84load_method.1, args=[Var(x0, audio.py:1140)], kws=(), vararg=None, varkwarg=None, target=None) ['$84load_method.1', '$88call_method.3', 'x0']
    $90load_global.4 = global(np: <module 'numpy' from '/home/ken/YAVOS/venv_yavos/lib/python3.10/site-packages/numpy/__init__.py'>) ['$90load_global.4']
    $92load_method.5 = getattr(value=$90load_global.4, attr=signbit) ['$90load_global.4', '$92load_method.5']
    $96call_method.7 = call $92load_method.5(x1, func=$92load_method.5, args=[Var(x1, audio.py:1144)], kws=(), vararg=None, varkwarg=None, target=None) ['$92load_method.5', '$96call_method.7', 'x1']
    $98compare_op.8 = $88call_method.3 != $96call_method.7 ['$88call_method.3', '$96call_method.7', '$98compare_op.8']
    $100return_value.9 = cast(value=$98compare_op.8) ['$100return_value.9', '$98compare_op.8']
    return $100return_value.9                ['$100return_value.9']
label 102:
    $102load_global.0 = global(np: <module 'numpy' from '/home/ken/YAVOS/venv_yavos/lib/python3.10/site-packages/numpy/__init__.py'>) ['$102load_global.0']
    $104load_method.1 = getattr(value=$102load_global.0, attr=sign) ['$102load_global.0', '$104load_method.1']
    $108call_method.3 = call $104load_method.1(x0, func=$104load_method.1, args=[Var(x0, audio.py:1140)], kws=(), vararg=None, varkwarg=None, target=None) ['$104load_method.1', '$108call_method.3', 'x0']
    $110load_global.4 = global(np: <module 'numpy' from '/home/ken/YAVOS/venv_yavos/lib/python3.10/site-packages/numpy/__init__.py'>) ['$110load_global.4']
    $112load_method.5 = getattr(value=$110load_global.4, attr=sign) ['$110load_global.4', '$112load_method.5']
    $116call_method.7 = call $112load_method.5(x1, func=$112load_method.5, args=[Var(x1, audio.py:1144)], kws=(), vararg=None, varkwarg=None, target=None) ['$112load_method.5', '$116call_method.7', 'x1']
    $118compare_op.8 = $108call_method.3 != $116call_method.7 ['$108call_method.3', '$116call_method.7', '$118compare_op.8']
    $120return_value.9 = cast(value=$118compare_op.8) ['$118compare_op.8', '$120return_value.9']
    return $120return_value.9                ['$120return_value.9']

2025-12-10 16:16:08,324 [DEBUG] - bytecode dump:
>          0	NOP(arg=None, lineno=1023)
           2	LOAD_FAST(arg=0, lineno=1026)
           4	LOAD_CONST(arg=1, lineno=1026)
           6	BINARY_SUBSCR(arg=None, lineno=1026)
           8	LOAD_FAST(arg=0, lineno=1026)
          10	LOAD_CONST(arg=2, lineno=1026)
          12	BINARY_SUBSCR(arg=None, lineno=1026)
          14	COMPARE_OP(arg=4, lineno=1026)
          16	LOAD_FAST(arg=0, lineno=1026)
          18	LOAD_CONST(arg=1, lineno=1026)
          20	BINARY_SUBSCR(arg=None, lineno=1026)
          22	LOAD_FAST(arg=0, lineno=1026)
          24	LOAD_CONST(arg=3, lineno=1026)
          26	BINARY_SUBSCR(arg=None, lineno=1026)
          28	COMPARE_OP(arg=5, lineno=1026)
          30	BINARY_AND(arg=None, lineno=1026)
          32	RETURN_VALUE(arg=None, lineno=1026)
2025-12-10 16:16:08,324 [DEBUG] - pending: deque([State(pc_initial=0 nstack_initial=0)])
2025-12-10 16:16:08,324 [DEBUG] - stack: []
2025-12-10 16:16:08,324 [DEBUG] - state.pc_initial: State(pc_initial=0 nstack_initial=0)
2025-12-10 16:16:08,324 [DEBUG] - dispatch pc=0, inst=NOP(arg=None, lineno=1023)
2025-12-10 16:16:08,324 [DEBUG] - stack []
2025-12-10 16:16:08,324 [DEBUG] - dispatch pc=2, inst=LOAD_FAST(arg=0, lineno=1026)
2025-12-10 16:16:08,324 [DEBUG] - stack []
2025-12-10 16:16:08,324 [DEBUG] - dispatch pc=4, inst=LOAD_CONST(arg=1, lineno=1026)
2025-12-10 16:16:08,324 [DEBUG] - stack ['$x2.0']
2025-12-10 16:16:08,324 [DEBUG] - dispatch pc=6, inst=BINARY_SUBSCR(arg=None, lineno=1026)
2025-12-10 16:16:08,324 [DEBUG] - stack ['$x2.0', '$const4.1.1']
2025-12-10 16:16:08,324 [DEBUG] - dispatch pc=8, inst=LOAD_FAST(arg=0, lineno=1026)
2025-12-10 16:16:08,325 [DEBUG] - stack ['$6binary_subscr.2']
2025-12-10 16:16:08,325 [DEBUG] - dispatch pc=10, inst=LOAD_CONST(arg=2, lineno=1026)
2025-12-10 16:16:08,325 [DEBUG] - stack ['$6binary_subscr.2', '$x8.3']
2025-12-10 16:16:08,325 [DEBUG] - dispatch pc=12, inst=BINARY_SUBSCR(arg=None, lineno=1026)
2025-12-10 16:16:08,325 [DEBUG] - stack ['$6binary_subscr.2', '$x8.3', '$const10.4.2']
2025-12-10 16:16:08,325 [DEBUG] - dispatch pc=14, inst=COMPARE_OP(arg=4, lineno=1026)
2025-12-10 16:16:08,325 [DEBUG] - stack ['$6binary_subscr.2', '$12binary_subscr.5']
2025-12-10 16:16:08,325 [DEBUG] - dispatch pc=16, inst=LOAD_FAST(arg=0, lineno=1026)
2025-12-10 16:16:08,325 [DEBUG] - stack ['$14compare_op.6']
2025-12-10 16:16:08,325 [DEBUG] - dispatch pc=18, inst=LOAD_CONST(arg=1, lineno=1026)
2025-12-10 16:16:08,325 [DEBUG] - stack ['$14compare_op.6', '$x16.7']
2025-12-10 16:16:08,325 [DEBUG] - dispatch pc=20, inst=BINARY_SUBSCR(arg=None, lineno=1026)
2025-12-10 16:16:08,325 [DEBUG] - stack ['$14compare_op.6', '$x16.7', '$const18.8.1']
2025-12-10 16:16:08,325 [DEBUG] - dispatch pc=22, inst=LOAD_FAST(arg=0, lineno=1026)
2025-12-10 16:16:08,325 [DEBUG] - stack ['$14compare_op.6', '$20binary_subscr.9']
2025-12-10 16:16:08,325 [DEBUG] - dispatch pc=24, inst=LOAD_CONST(arg=3, lineno=1026)
2025-12-10 16:16:08,325 [DEBUG] - stack ['$14compare_op.6', '$20binary_subscr.9', '$x22.10']
2025-12-10 16:16:08,325 [DEBUG] - dispatch pc=26, inst=BINARY_SUBSCR(arg=None, lineno=1026)
2025-12-10 16:16:08,325 [DEBUG] - stack ['$14compare_op.6', '$20binary_subscr.9', '$x22.10', '$const24.11.3']
2025-12-10 16:16:08,325 [DEBUG] - dispatch pc=28, inst=COMPARE_OP(arg=5, lineno=1026)
2025-12-10 16:16:08,325 [DEBUG] - stack ['$14compare_op.6', '$20binary_subscr.9', '$26binary_subscr.12']
2025-12-10 16:16:08,325 [DEBUG] - dispatch pc=30, inst=BINARY_AND(arg=None, lineno=1026)
2025-12-10 16:16:08,325 [DEBUG] - stack ['$14compare_op.6', '$28compare_op.13']
2025-12-10 16:16:08,325 [DEBUG] - dispatch pc=32, inst=RETURN_VALUE(arg=None, lineno=1026)
2025-12-10 16:16:08,325 [DEBUG] - stack ['$30binary_and.14']
2025-12-10 16:16:08,325 [DEBUG] - end state. edges=[]
2025-12-10 16:16:08,325 [DEBUG] - -------------------------Prune PHIs-------------------------
2025-12-10 16:16:08,325 [DEBUG] - Used_phis: defaultdict(<class 'set'>, {State(pc_initial=0 nstack_initial=0): set()})
2025-12-10 16:16:08,325 [DEBUG] - defmap: {}
2025-12-10 16:16:08,325 [DEBUG] - phismap: defaultdict(<class 'set'>, {})
2025-12-10 16:16:08,325 [DEBUG] - changing phismap: defaultdict(<class 'set'>, {})
2025-12-10 16:16:08,325 [DEBUG] - keep phismap: {}
2025-12-10 16:16:08,325 [DEBUG] - new_out: defaultdict(<class 'dict'>, {})
2025-12-10 16:16:08,325 [DEBUG] - ----------------------DONE Prune PHIs-----------------------
2025-12-10 16:16:08,325 [DEBUG] - block_infos State(pc_initial=0 nstack_initial=0):
AdaptBlockInfo(insts=((0, {}), (2, {'res': '$x2.0'}), (4, {'res': '$const4.1.1'}), (6, {'index': '$const4.1.1', 'target': '$x2.0', 'res': '$6binary_subscr.2'}), (8, {'res': '$x8.3'}), (10, {'res': '$const10.4.2'}), (12, {'index': '$const10.4.2', 'target': '$x8.3', 'res': '$12binary_subscr.5'}), (14, {'lhs': '$6binary_subscr.2', 'rhs': '$12binary_subscr.5', 'res': '$14compare_op.6'}), (16, {'res': '$x16.7'}), (18, {'res': '$const18.8.1'}), (20, {'index': '$const18.8.1', 'target': '$x16.7', 'res': '$20binary_subscr.9'}), (22, {'res': '$x22.10'}), (24, {'res': '$const24.11.3'}), (26, {'index': '$const24.11.3', 'target': '$x22.10', 'res': '$26binary_subscr.12'}), (28, {'lhs': '$20binary_subscr.9', 'rhs': '$26binary_subscr.12', 'res': '$28compare_op.13'}), (30, {'lhs': '$14compare_op.6', 'rhs': '$28compare_op.13', 'res': '$30binary_and.14'}), (32, {'retval': '$30binary_and.14', 'castval': '$32return_value.15'})), outgoing_phis={}, blockstack=(), active_try_block=None, outgoing_edgepushed={})
2025-12-10 16:16:08,326 [DEBUG] - label 0:
    x = arg(0, name=x)                       ['x']
    $const4.1.1 = const(int, 0)              ['$const4.1.1']
    $6binary_subscr.2 = getitem(value=x, index=$const4.1.1, fn=<built-in function getitem>) ['$6binary_subscr.2', '$const4.1.1', 'x']
    $const10.4.2 = const(int, -1)            ['$const10.4.2']
    $12binary_subscr.5 = getitem(value=x, index=$const10.4.2, fn=<built-in function getitem>) ['$12binary_subscr.5', '$const10.4.2', 'x']
    $14compare_op.6 = $6binary_subscr.2 > $12binary_subscr.5 ['$12binary_subscr.5', '$14compare_op.6', '$6binary_subscr.2']
    $const18.8.1 = const(int, 0)             ['$const18.8.1']
    $20binary_subscr.9 = getitem(value=x, index=$const18.8.1, fn=<built-in function getitem>) ['$20binary_subscr.9', '$const18.8.1', 'x']
    $const24.11.3 = const(int, 1)            ['$const24.11.3']
    $26binary_subscr.12 = getitem(value=x, index=$const24.11.3, fn=<built-in function getitem>) ['$26binary_subscr.12', '$const24.11.3', 'x']
    $28compare_op.13 = $20binary_subscr.9 >= $26binary_subscr.12 ['$20binary_subscr.9', '$26binary_subscr.12', '$28compare_op.13']
    $30binary_and.14 = $14compare_op.6 & $28compare_op.13 ['$14compare_op.6', '$28compare_op.13', '$30binary_and.14']
    $32return_value.15 = cast(value=$30binary_and.14) ['$30binary_and.14', '$32return_value.15']
    return $32return_value.15                ['$32return_value.15']

2025-12-10 16:16:08,326 [DEBUG] - bytecode dump:
>          0	NOP(arg=None, lineno=1029)
           2	LOAD_FAST(arg=0, lineno=1032)
           4	LOAD_CONST(arg=1, lineno=1032)
           6	BINARY_SUBSCR(arg=None, lineno=1032)
           8	LOAD_FAST(arg=0, lineno=1032)
          10	LOAD_CONST(arg=2, lineno=1032)
          12	BINARY_SUBSCR(arg=None, lineno=1032)
          14	COMPARE_OP(arg=0, lineno=1032)
          16	LOAD_FAST(arg=0, lineno=1032)
          18	LOAD_CONST(arg=1, lineno=1032)
          20	BINARY_SUBSCR(arg=None, lineno=1032)
          22	LOAD_FAST(arg=0, lineno=1032)
          24	LOAD_CONST(arg=3, lineno=1032)
          26	BINARY_SUBSCR(arg=None, lineno=1032)
          28	COMPARE_OP(arg=1, lineno=1032)
          30	BINARY_AND(arg=None, lineno=1032)
          32	RETURN_VALUE(arg=None, lineno=1032)
2025-12-10 16:16:08,326 [DEBUG] - pending: deque([State(pc_initial=0 nstack_initial=0)])
2025-12-10 16:16:08,327 [DEBUG] - stack: []
2025-12-10 16:16:08,327 [DEBUG] - state.pc_initial: State(pc_initial=0 nstack_initial=0)
2025-12-10 16:16:08,327 [DEBUG] - dispatch pc=0, inst=NOP(arg=None, lineno=1029)
2025-12-10 16:16:08,327 [DEBUG] - stack []
2025-12-10 16:16:08,327 [DEBUG] - dispatch pc=2, inst=LOAD_FAST(arg=0, lineno=1032)
2025-12-10 16:16:08,327 [DEBUG] - stack []
2025-12-10 16:16:08,327 [DEBUG] - dispatch pc=4, inst=LOAD_CONST(arg=1, lineno=1032)
2025-12-10 16:16:08,327 [DEBUG] - stack ['$x2.0']
2025-12-10 16:16:08,327 [DEBUG] - dispatch pc=6, inst=BINARY_SUBSCR(arg=None, lineno=1032)
2025-12-10 16:16:08,327 [DEBUG] - stack ['$x2.0', '$const4.1.1']
2025-12-10 16:16:08,327 [DEBUG] - dispatch pc=8, inst=LOAD_FAST(arg=0, lineno=1032)
2025-12-10 16:16:08,327 [DEBUG] - stack ['$6binary_subscr.2']
2025-12-10 16:16:08,327 [DEBUG] - dispatch pc=10, inst=LOAD_CONST(arg=2, lineno=1032)
2025-12-10 16:16:08,327 [DEBUG] - stack ['$6binary_subscr.2', '$x8.3']
2025-12-10 16:16:08,327 [DEBUG] - dispatch pc=12, inst=BINARY_SUBSCR(arg=None, lineno=1032)
2025-12-10 16:16:08,327 [DEBUG] - stack ['$6binary_subscr.2', '$x8.3', '$const10.4.2']
2025-12-10 16:16:08,327 [DEBUG] - dispatch pc=14, inst=COMPARE_OP(arg=0, lineno=1032)
2025-12-10 16:16:08,327 [DEBUG] - stack ['$6binary_subscr.2', '$12binary_subscr.5']
2025-12-10 16:16:08,327 [DEBUG] - dispatch pc=16, inst=LOAD_FAST(arg=0, lineno=1032)
2025-12-10 16:16:08,327 [DEBUG] - stack ['$14compare_op.6']
2025-12-10 16:16:08,327 [DEBUG] - dispatch pc=18, inst=LOAD_CONST(arg=1, lineno=1032)
2025-12-10 16:16:08,327 [DEBUG] - stack ['$14compare_op.6', '$x16.7']
2025-12-10 16:16:08,327 [DEBUG] - dispatch pc=20, inst=BINARY_SUBSCR(arg=None, lineno=1032)
2025-12-10 16:16:08,327 [DEBUG] - stack ['$14compare_op.6', '$x16.7', '$const18.8.1']
2025-12-10 16:16:08,327 [DEBUG] - dispatch pc=22, inst=LOAD_FAST(arg=0, lineno=1032)
2025-12-10 16:16:08,327 [DEBUG] - stack ['$14compare_op.6', '$20binary_subscr.9']
2025-12-10 16:16:08,327 [DEBUG] - dispatch pc=24, inst=LOAD_CONST(arg=3, lineno=1032)
2025-12-10 16:16:08,327 [DEBUG] - stack ['$14compare_op.6', '$20binary_subscr.9', '$x22.10']
2025-12-10 16:16:08,327 [DEBUG] - dispatch pc=26, inst=BINARY_SUBSCR(arg=None, lineno=1032)
2025-12-10 16:16:08,327 [DEBUG] - stack ['$14compare_op.6', '$20binary_subscr.9', '$x22.10', '$const24.11.3']
2025-12-10 16:16:08,327 [DEBUG] - dispatch pc=28, inst=COMPARE_OP(arg=1, lineno=1032)
2025-12-10 16:16:08,327 [DEBUG] - stack ['$14compare_op.6', '$20binary_subscr.9', '$26binary_subscr.12']
2025-12-10 16:16:08,327 [DEBUG] - dispatch pc=30, inst=BINARY_AND(arg=None, lineno=1032)
2025-12-10 16:16:08,327 [DEBUG] - stack ['$14compare_op.6', '$28compare_op.13']
2025-12-10 16:16:08,327 [DEBUG] - dispatch pc=32, inst=RETURN_VALUE(arg=None, lineno=1032)
2025-12-10 16:16:08,327 [DEBUG] - stack ['$30binary_and.14']
2025-12-10 16:16:08,327 [DEBUG] - end state. edges=[]
2025-12-10 16:16:08,327 [DEBUG] - -------------------------Prune PHIs-------------------------
2025-12-10 16:16:08,327 [DEBUG] - Used_phis: defaultdict(<class 'set'>, {State(pc_initial=0 nstack_initial=0): set()})
2025-12-10 16:16:08,327 [DEBUG] - defmap: {}
2025-12-10 16:16:08,328 [DEBUG] - phismap: defaultdict(<class 'set'>, {})
2025-12-10 16:16:08,328 [DEBUG] - changing phismap: defaultdict(<class 'set'>, {})
2025-12-10 16:16:08,328 [DEBUG] - keep phismap: {}
2025-12-10 16:16:08,328 [DEBUG] - new_out: defaultdict(<class 'dict'>, {})
2025-12-10 16:16:08,328 [DEBUG] - ----------------------DONE Prune PHIs-----------------------
2025-12-10 16:16:08,328 [DEBUG] - block_infos State(pc_initial=0 nstack_initial=0):
AdaptBlockInfo(insts=((0, {}), (2, {'res': '$x2.0'}), (4, {'res': '$const4.1.1'}), (6, {'index': '$const4.1.1', 'target': '$x2.0', 'res': '$6binary_subscr.2'}), (8, {'res': '$x8.3'}), (10, {'res': '$const10.4.2'}), (12, {'index': '$const10.4.2', 'target': '$x8.3', 'res': '$12binary_subscr.5'}), (14, {'lhs': '$6binary_subscr.2', 'rhs': '$12binary_subscr.5', 'res': '$14compare_op.6'}), (16, {'res': '$x16.7'}), (18, {'res': '$const18.8.1'}), (20, {'index': '$const18.8.1', 'target': '$x16.7', 'res': '$20binary_subscr.9'}), (22, {'res': '$x22.10'}), (24, {'res': '$const24.11.3'}), (26, {'index': '$const24.11.3', 'target': '$x22.10', 'res': '$26binary_subscr.12'}), (28, {'lhs': '$20binary_subscr.9', 'rhs': '$26binary_subscr.12', 'res': '$28compare_op.13'}), (30, {'lhs': '$14compare_op.6', 'rhs': '$28compare_op.13', 'res': '$30binary_and.14'}), (32, {'retval': '$30binary_and.14', 'castval': '$32return_value.15'})), outgoing_phis={}, blockstack=(), active_try_block=None, outgoing_edgepushed={})
2025-12-10 16:16:08,328 [DEBUG] - label 0:
    x = arg(0, name=x)                       ['x']
    $const4.1.1 = const(int, 0)              ['$const4.1.1']
    $6binary_subscr.2 = getitem(value=x, index=$const4.1.1, fn=<built-in function getitem>) ['$6binary_subscr.2', '$const4.1.1', 'x']
    $const10.4.2 = const(int, -1)            ['$const10.4.2']
    $12binary_subscr.5 = getitem(value=x, index=$const10.4.2, fn=<built-in function getitem>) ['$12binary_subscr.5', '$const10.4.2', 'x']
    $14compare_op.6 = $6binary_subscr.2 < $12binary_subscr.5 ['$12binary_subscr.5', '$14compare_op.6', '$6binary_subscr.2']
    $const18.8.1 = const(int, 0)             ['$const18.8.1']
    $20binary_subscr.9 = getitem(value=x, index=$const18.8.1, fn=<built-in function getitem>) ['$20binary_subscr.9', '$const18.8.1', 'x']
    $const24.11.3 = const(int, 1)            ['$const24.11.3']
    $26binary_subscr.12 = getitem(value=x, index=$const24.11.3, fn=<built-in function getitem>) ['$26binary_subscr.12', '$const24.11.3', 'x']
    $28compare_op.13 = $20binary_subscr.9 <= $26binary_subscr.12 ['$20binary_subscr.9', '$26binary_subscr.12', '$28compare_op.13']
    $30binary_and.14 = $14compare_op.6 & $28compare_op.13 ['$14compare_op.6', '$28compare_op.13', '$30binary_and.14']
    $32return_value.15 = cast(value=$30binary_and.14) ['$30binary_and.14', '$32return_value.15']
    return $32return_value.15                ['$32return_value.15']

2025-12-10 16:16:08,577 [DEBUG] - bytecode dump:
>          0	NOP(arg=None, lineno=416)
           2	LOAD_FAST(arg=0, lineno=419)
           4	LOAD_CONST(arg=1, lineno=419)
           6	BINARY_SUBSCR(arg=None, lineno=419)
           8	LOAD_FAST(arg=0, lineno=419)
          10	LOAD_CONST(arg=2, lineno=419)
          12	BINARY_SUBSCR(arg=None, lineno=419)
          14	BINARY_ADD(arg=None, lineno=419)
          16	LOAD_CONST(arg=3, lineno=419)
          18	LOAD_FAST(arg=0, lineno=419)
          20	LOAD_CONST(arg=4, lineno=419)
          22	BINARY_SUBSCR(arg=None, lineno=419)
          24	BINARY_MULTIPLY(arg=None, lineno=419)
          26	BINARY_SUBTRACT(arg=None, lineno=419)
          28	STORE_FAST(arg=1, lineno=419)
          30	LOAD_FAST(arg=0, lineno=420)
          32	LOAD_CONST(arg=1, lineno=420)
          34	BINARY_SUBSCR(arg=None, lineno=420)
          36	LOAD_FAST(arg=0, lineno=420)
          38	LOAD_CONST(arg=2, lineno=420)
          40	BINARY_SUBSCR(arg=None, lineno=420)
          42	BINARY_SUBTRACT(arg=None, lineno=420)
          44	LOAD_CONST(arg=3, lineno=420)
          46	BINARY_TRUE_DIVIDE(arg=None, lineno=420)
          48	STORE_FAST(arg=2, lineno=420)
          50	LOAD_GLOBAL(arg=0, lineno=422)
          52	LOAD_METHOD(arg=1, lineno=422)
          54	LOAD_FAST(arg=2, lineno=422)
          56	CALL_METHOD(arg=1, lineno=422)
          58	LOAD_GLOBAL(arg=0, lineno=422)
          60	LOAD_METHOD(arg=1, lineno=422)
          62	LOAD_FAST(arg=1, lineno=422)
          64	CALL_METHOD(arg=1, lineno=422)
          66	COMPARE_OP(arg=5, lineno=422)
          68	POP_JUMP_IF_FALSE(arg=38, lineno=422)
          70	LOAD_CONST(arg=4, lineno=425)
          72	RETURN_VALUE(arg=None, lineno=425)
>         74	LOAD_FAST(arg=2, lineno=427)
          76	UNARY_NEGATIVE(arg=None, lineno=427)
          78	LOAD_FAST(arg=1, lineno=427)
          80	BINARY_TRUE_DIVIDE(arg=None, lineno=427)
          82	RETURN_VALUE(arg=None, lineno=427)
2025-12-10 16:16:08,577 [DEBUG] - pending: deque([State(pc_initial=0 nstack_initial=0)])
2025-12-10 16:16:08,577 [DEBUG] - stack: []
2025-12-10 16:16:08,577 [DEBUG] - state.pc_initial: State(pc_initial=0 nstack_initial=0)
2025-12-10 16:16:08,577 [DEBUG] - dispatch pc=0, inst=NOP(arg=None, lineno=416)
2025-12-10 16:16:08,578 [DEBUG] - stack []
2025-12-10 16:16:08,578 [DEBUG] - dispatch pc=2, inst=LOAD_FAST(arg=0, lineno=419)
2025-12-10 16:16:08,578 [DEBUG] - stack []
2025-12-10 16:16:08,578 [DEBUG] - dispatch pc=4, inst=LOAD_CONST(arg=1, lineno=419)
2025-12-10 16:16:08,578 [DEBUG] - stack ['$x2.0']
2025-12-10 16:16:08,578 [DEBUG] - dispatch pc=6, inst=BINARY_SUBSCR(arg=None, lineno=419)
2025-12-10 16:16:08,578 [DEBUG] - stack ['$x2.0', '$const4.1.1']
2025-12-10 16:16:08,578 [DEBUG] - dispatch pc=8, inst=LOAD_FAST(arg=0, lineno=419)
2025-12-10 16:16:08,578 [DEBUG] - stack ['$6binary_subscr.2']
2025-12-10 16:16:08,578 [DEBUG] - dispatch pc=10, inst=LOAD_CONST(arg=2, lineno=419)
2025-12-10 16:16:08,578 [DEBUG] - stack ['$6binary_subscr.2', '$x8.3']
2025-12-10 16:16:08,578 [DEBUG] - dispatch pc=12, inst=BINARY_SUBSCR(arg=None, lineno=419)
2025-12-10 16:16:08,578 [DEBUG] - stack ['$6binary_subscr.2', '$x8.3', '$const10.4.2']
2025-12-10 16:16:08,578 [DEBUG] - dispatch pc=14, inst=BINARY_ADD(arg=None, lineno=419)
2025-12-10 16:16:08,578 [DEBUG] - stack ['$6binary_subscr.2', '$12binary_subscr.5']
2025-12-10 16:16:08,578 [DEBUG] - dispatch pc=16, inst=LOAD_CONST(arg=3, lineno=419)
2025-12-10 16:16:08,578 [DEBUG] - stack ['$14binary_add.6']
2025-12-10 16:16:08,578 [DEBUG] - dispatch pc=18, inst=LOAD_FAST(arg=0, lineno=419)
2025-12-10 16:16:08,578 [DEBUG] - stack ['$14binary_add.6', '$const16.7.3']
2025-12-10 16:16:08,578 [DEBUG] - dispatch pc=20, inst=LOAD_CONST(arg=4, lineno=419)
2025-12-10 16:16:08,578 [DEBUG] - stack ['$14binary_add.6', '$const16.7.3', '$x18.8']
2025-12-10 16:16:08,578 [DEBUG] - dispatch pc=22, inst=BINARY_SUBSCR(arg=None, lineno=419)
2025-12-10 16:16:08,578 [DEBUG] - stack ['$14binary_add.6', '$const16.7.3', '$x18.8', '$const20.9.4']
2025-12-10 16:16:08,578 [DEBUG] - dispatch pc=24, inst=BINARY_MULTIPLY(arg=None, lineno=419)
2025-12-10 16:16:08,578 [DEBUG] - stack ['$14binary_add.6', '$const16.7.3', '$22binary_subscr.10']
2025-12-10 16:16:08,578 [DEBUG] - dispatch pc=26, inst=BINARY_SUBTRACT(arg=None, lineno=419)
2025-12-10 16:16:08,578 [DEBUG] - stack ['$14binary_add.6', '$24binary_multiply.11']
2025-12-10 16:16:08,578 [DEBUG] - dispatch pc=28, inst=STORE_FAST(arg=1, lineno=419)
2025-12-10 16:16:08,578 [DEBUG] - stack ['$26binary_subtract.12']
2025-12-10 16:16:08,578 [DEBUG] - dispatch pc=30, inst=LOAD_FAST(arg=0, lineno=420)
2025-12-10 16:16:08,578 [DEBUG] - stack []
2025-12-10 16:16:08,578 [DEBUG] - dispatch pc=32, inst=LOAD_CONST(arg=1, lineno=420)
2025-12-10 16:16:08,578 [DEBUG] - stack ['$x30.13']
2025-12-10 16:16:08,578 [DEBUG] - dispatch pc=34, inst=BINARY_SUBSCR(arg=None, lineno=420)
2025-12-10 16:16:08,578 [DEBUG] - stack ['$x30.13', '$const32.14.1']
2025-12-10 16:16:08,578 [DEBUG] - dispatch pc=36, inst=LOAD_FAST(arg=0, lineno=420)
2025-12-10 16:16:08,578 [DEBUG] - stack ['$34binary_subscr.15']
2025-12-10 16:16:08,579 [DEBUG] - dispatch pc=38, inst=LOAD_CONST(arg=2, lineno=420)
2025-12-10 16:16:08,579 [DEBUG] - stack ['$34binary_subscr.15', '$x36.16']
2025-12-10 16:16:08,579 [DEBUG] - dispatch pc=40, inst=BINARY_SUBSCR(arg=None, lineno=420)
2025-12-10 16:16:08,579 [DEBUG] - stack ['$34binary_subscr.15', '$x36.16', '$const38.17.2']
2025-12-10 16:16:08,579 [DEBUG] - dispatch pc=42, inst=BINARY_SUBTRACT(arg=None, lineno=420)
2025-12-10 16:16:08,579 [DEBUG] - stack ['$34binary_subscr.15', '$40binary_subscr.18']
2025-12-10 16:16:08,579 [DEBUG] - dispatch pc=44, inst=LOAD_CONST(arg=3, lineno=420)
2025-12-10 16:16:08,579 [DEBUG] - stack ['$42binary_subtract.19']
2025-12-10 16:16:08,579 [DEBUG] - dispatch pc=46, inst=BINARY_TRUE_DIVIDE(arg=None, lineno=420)
2025-12-10 16:16:08,579 [DEBUG] - stack ['$42binary_subtract.19', '$const44.20.3']
2025-12-10 16:16:08,579 [DEBUG] - dispatch pc=48, inst=STORE_FAST(arg=2, lineno=420)
2025-12-10 16:16:08,579 [DEBUG] - stack ['$46binary_true_divide.21']
2025-12-10 16:16:08,579 [DEBUG] - dispatch pc=50, inst=LOAD_GLOBAL(arg=0, lineno=422)
2025-12-10 16:16:08,579 [DEBUG] - stack []
2025-12-10 16:16:08,579 [DEBUG] - dispatch pc=52, inst=LOAD_METHOD(arg=1, lineno=422)
2025-12-10 16:16:08,579 [DEBUG] - stack ['$50load_global.22']
2025-12-10 16:16:08,579 [DEBUG] - dispatch pc=54, inst=LOAD_FAST(arg=2, lineno=422)
2025-12-10 16:16:08,579 [DEBUG] - stack ['$52load_method.23']
2025-12-10 16:16:08,579 [DEBUG] - dispatch pc=56, inst=CALL_METHOD(arg=1, lineno=422)
2025-12-10 16:16:08,579 [DEBUG] - stack ['$52load_method.23', '$b54.24']
2025-12-10 16:16:08,579 [DEBUG] - dispatch pc=58, inst=LOAD_GLOBAL(arg=0, lineno=422)
2025-12-10 16:16:08,579 [DEBUG] - stack ['$56call_method.25']
2025-12-10 16:16:08,579 [DEBUG] - dispatch pc=60, inst=LOAD_METHOD(arg=1, lineno=422)
2025-12-10 16:16:08,579 [DEBUG] - stack ['$56call_method.25', '$58load_global.26']
2025-12-10 16:16:08,579 [DEBUG] - dispatch pc=62, inst=LOAD_FAST(arg=1, lineno=422)
2025-12-10 16:16:08,579 [DEBUG] - stack ['$56call_method.25', '$60load_method.27']
2025-12-10 16:16:08,579 [DEBUG] - dispatch pc=64, inst=CALL_METHOD(arg=1, lineno=422)
2025-12-10 16:16:08,579 [DEBUG] - stack ['$56call_method.25', '$60load_method.27', '$a62.28']
2025-12-10 16:16:08,579 [DEBUG] - dispatch pc=66, inst=COMPARE_OP(arg=5, lineno=422)
2025-12-10 16:16:08,579 [DEBUG] - stack ['$56call_method.25', '$64call_method.29']
2025-12-10 16:16:08,579 [DEBUG] - dispatch pc=68, inst=POP_JUMP_IF_FALSE(arg=38, lineno=422)
2025-12-10 16:16:08,579 [DEBUG] - stack ['$66compare_op.30']
2025-12-10 16:16:08,579 [DEBUG] - end state. edges=[Edge(pc=70, stack=(), blockstack=(), npush=0), Edge(pc=74, stack=(), blockstack=(), npush=0)]
2025-12-10 16:16:08,579 [DEBUG] - pending: deque([State(pc_initial=70 nstack_initial=0), State(pc_initial=74 nstack_initial=0)])
2025-12-10 16:16:08,579 [DEBUG] - stack: []
2025-12-10 16:16:08,579 [DEBUG] - state.pc_initial: State(pc_initial=70 nstack_initial=0)
2025-12-10 16:16:08,579 [DEBUG] - dispatch pc=70, inst=LOAD_CONST(arg=4, lineno=425)
2025-12-10 16:16:08,579 [DEBUG] - stack []
2025-12-10 16:16:08,579 [DEBUG] - dispatch pc=72, inst=RETURN_VALUE(arg=None, lineno=425)
2025-12-10 16:16:08,579 [DEBUG] - stack ['$const70.0.4']
2025-12-10 16:16:08,579 [DEBUG] - end state. edges=[]
2025-12-10 16:16:08,579 [DEBUG] - pending: deque([State(pc_initial=74 nstack_initial=0)])
2025-12-10 16:16:08,580 [DEBUG] - stack: []
2025-12-10 16:16:08,580 [DEBUG] - state.pc_initial: State(pc_initial=74 nstack_initial=0)
2025-12-10 16:16:08,580 [DEBUG] - dispatch pc=74, inst=LOAD_FAST(arg=2, lineno=427)
2025-12-10 16:16:08,580 [DEBUG] - stack []
2025-12-10 16:16:08,580 [DEBUG] - dispatch pc=76, inst=UNARY_NEGATIVE(arg=None, lineno=427)
2025-12-10 16:16:08,580 [DEBUG] - stack ['$b74.0']
2025-12-10 16:16:08,580 [DEBUG] - dispatch pc=78, inst=LOAD_FAST(arg=1, lineno=427)
2025-12-10 16:16:08,580 [DEBUG] - stack ['$76unary_negative.1']
2025-12-10 16:16:08,580 [DEBUG] - dispatch pc=80, inst=BINARY_TRUE_DIVIDE(arg=None, lineno=427)
2025-12-10 16:16:08,580 [DEBUG] - stack ['$76unary_negative.1', '$a78.2']
2025-12-10 16:16:08,580 [DEBUG] - dispatch pc=82, inst=RETURN_VALUE(arg=None, lineno=427)
2025-12-10 16:16:08,580 [DEBUG] - stack ['$80binary_true_divide.3']
2025-12-10 16:16:08,580 [DEBUG] - end state. edges=[]
2025-12-10 16:16:08,580 [DEBUG] - -------------------------Prune PHIs-------------------------
2025-12-10 16:16:08,580 [DEBUG] - Used_phis: defaultdict(<class 'set'>,
            {State(pc_initial=0 nstack_initial=0): set(),
             State(pc_initial=70 nstack_initial=0): set(),
             State(pc_initial=74 nstack_initial=0): set()})
2025-12-10 16:16:08,580 [DEBUG] - defmap: {}
2025-12-10 16:16:08,580 [DEBUG] - phismap: defaultdict(<class 'set'>, {})
2025-12-10 16:16:08,580 [DEBUG] - changing phismap: defaultdict(<class 'set'>, {})
2025-12-10 16:16:08,580 [DEBUG] - keep phismap: {}
2025-12-10 16:16:08,580 [DEBUG] - new_out: defaultdict(<class 'dict'>, {})
2025-12-10 16:16:08,580 [DEBUG] - ----------------------DONE Prune PHIs-----------------------
2025-12-10 16:16:08,580 [DEBUG] - block_infos State(pc_initial=0 nstack_initial=0):
AdaptBlockInfo(insts=((0, {}), (2, {'res': '$x2.0'}), (4, {'res': '$const4.1.1'}), (6, {'index': '$const4.1.1', 'target': '$x2.0', 'res': '$6binary_subscr.2'}), (8, {'res': '$x8.3'}), (10, {'res': '$const10.4.2'}), (12, {'index': '$const10.4.2', 'target': '$x8.3', 'res': '$12binary_subscr.5'}), (14, {'lhs': '$6binary_subscr.2', 'rhs': '$12binary_subscr.5', 'res': '$14binary_add.6'}), (16, {'res': '$const16.7.3'}), (18, {'res': '$x18.8'}), (20, {'res': '$const20.9.4'}), (22, {'index': '$const20.9.4', 'target': '$x18.8', 'res': '$22binary_subscr.10'}), (24, {'lhs': '$const16.7.3', 'rhs': '$22binary_subscr.10', 'res': '$24binary_multiply.11'}), (26, {'lhs': '$14binary_add.6', 'rhs': '$24binary_multiply.11', 'res': '$26binary_subtract.12'}), (28, {'value': '$26binary_subtract.12'}), (30, {'res': '$x30.13'}), (32, {'res': '$const32.14.1'}), (34, {'index': '$const32.14.1', 'target': '$x30.13', 'res': '$34binary_subscr.15'}), (36, {'res': '$x36.16'}), (38, {'res': '$const38.17.2'}), (40, {'index': '$const38.17.2', 'target': '$x36.16', 'res': '$40binary_subscr.18'}), (42, {'lhs': '$34binary_subscr.15', 'rhs': '$40binary_subscr.18', 'res': '$42binary_subtract.19'}), (44, {'res': '$const44.20.3'}), (46, {'lhs': '$42binary_subtract.19', 'rhs': '$const44.20.3', 'res': '$46binary_true_divide.21'}), (48, {'value': '$46binary_true_divide.21'}), (50, {'res': '$50load_global.22'}), (52, {'item': '$50load_global.22', 'res': '$52load_method.23'}), (54, {'res': '$b54.24'}), (56, {'func': '$52load_method.23', 'args': ['$b54.24'], 'res': '$56call_method.25'}), (58, {'res': '$58load_global.26'}), (60, {'item': '$58load_global.26', 'res': '$60load_method.27'}), (62, {'res': '$a62.28'}), (64, {'func': '$60load_method.27', 'args': ['$a62.28'], 'res': '$64call_method.29'}), (66, {'lhs': '$56call_method.25', 'rhs': '$64call_method.29', 'res': '$66compare_op.30'}), (68, {'pred': '$66compare_op.30'})), outgoing_phis={}, blockstack=(), active_try_block=None, outgoing_edgepushed={70: (), 74: ()})
2025-12-10 16:16:08,580 [DEBUG] - block_infos State(pc_initial=70 nstack_initial=0):
AdaptBlockInfo(insts=((70, {'res': '$const70.0.4'}), (72, {'retval': '$const70.0.4', 'castval': '$72return_value.1'})), outgoing_phis={}, blockstack=(), active_try_block=None, outgoing_edgepushed={})
2025-12-10 16:16:08,580 [DEBUG] - block_infos State(pc_initial=74 nstack_initial=0):
AdaptBlockInfo(insts=((74, {'res': '$b74.0'}), (76, {'value': '$b74.0', 'res': '$76unary_negative.1'}), (78, {'res': '$a78.2'}), (80, {'lhs': '$76unary_negative.1', 'rhs': '$a78.2', 'res': '$80binary_true_divide.3'}), (82, {'retval': '$80binary_true_divide.3', 'castval': '$82return_value.4'})), outgoing_phis={}, blockstack=(), active_try_block=None, outgoing_edgepushed={})
2025-12-10 16:16:08,581 [DEBUG] - label 0:
    x = arg(0, name=x)                       ['x']
    $const4.1.1 = const(int, 1)              ['$const4.1.1']
    $6binary_subscr.2 = getitem(value=x, index=$const4.1.1, fn=<built-in function getitem>) ['$6binary_subscr.2', '$const4.1.1', 'x']
    $const10.4.2 = const(int, -1)            ['$const10.4.2']
    $12binary_subscr.5 = getitem(value=x, index=$const10.4.2, fn=<built-in function getitem>) ['$12binary_subscr.5', '$const10.4.2', 'x']
    $14binary_add.6 = $6binary_subscr.2 + $12binary_subscr.5 ['$12binary_subscr.5', '$14binary_add.6', '$6binary_subscr.2']
    $const16.7.3 = const(int, 2)             ['$const16.7.3']
    $const20.9.4 = const(int, 0)             ['$const20.9.4']
    $22binary_subscr.10 = getitem(value=x, index=$const20.9.4, fn=<built-in function getitem>) ['$22binary_subscr.10', '$const20.9.4', 'x']
    $24binary_multiply.11 = $const16.7.3 * $22binary_subscr.10 ['$22binary_subscr.10', '$24binary_multiply.11', '$const16.7.3']
    a = $14binary_add.6 - $24binary_multiply.11 ['$14binary_add.6', '$24binary_multiply.11', 'a']
    $const32.14.1 = const(int, 1)            ['$const32.14.1']
    $34binary_subscr.15 = getitem(value=x, index=$const32.14.1, fn=<built-in function getitem>) ['$34binary_subscr.15', '$const32.14.1', 'x']
    $const38.17.2 = const(int, -1)           ['$const38.17.2']
    $40binary_subscr.18 = getitem(value=x, index=$const38.17.2, fn=<built-in function getitem>) ['$40binary_subscr.18', '$const38.17.2', 'x']
    $42binary_subtract.19 = $34binary_subscr.15 - $40binary_subscr.18 ['$34binary_subscr.15', '$40binary_subscr.18', '$42binary_subtract.19']
    $const44.20.3 = const(int, 2)            ['$const44.20.3']
    b = $42binary_subtract.19 / $const44.20.3 ['$42binary_subtract.19', '$const44.20.3', 'b']
    $50load_global.22 = global(np: <module 'numpy' from '/home/ken/YAVOS/venv_yavos/lib/python3.10/site-packages/numpy/__init__.py'>) ['$50load_global.22']
    $52load_method.23 = getattr(value=$50load_global.22, attr=abs) ['$50load_global.22', '$52load_method.23']
    $56call_method.25 = call $52load_method.23(b, func=$52load_method.23, args=[Var(b, pitch.py:420)], kws=(), vararg=None, varkwarg=None, target=None) ['$52load_method.23', '$56call_method.25', 'b']
    $58load_global.26 = global(np: <module 'numpy' from '/home/ken/YAVOS/venv_yavos/lib/python3.10/site-packages/numpy/__init__.py'>) ['$58load_global.26']
    $60load_method.27 = getattr(value=$58load_global.26, attr=abs) ['$58load_global.26', '$60load_method.27']
    $64call_method.29 = call $60load_method.27(a, func=$60load_method.27, args=[Var(a, pitch.py:419)], kws=(), vararg=None, varkwarg=None, target=None) ['$60load_method.27', '$64call_method.29', 'a']
    $66compare_op.30 = $56call_method.25 >= $64call_method.29 ['$56call_method.25', '$64call_method.29', '$66compare_op.30']
    $bool68 = global(bool: <class 'bool'>)   ['$bool68']
    $68pred = call $bool68($66compare_op.30, func=$bool68, args=(Var($66compare_op.30, pitch.py:422),), kws=(), vararg=None, varkwarg=None, target=None) ['$66compare_op.30', '$68pred', '$bool68']
    branch $68pred, 70, 74                   ['$68pred']
label 70:
    $const70.0.4 = const(int, 0)             ['$const70.0.4']
    $72return_value.1 = cast(value=$const70.0.4) ['$72return_value.1', '$const70.0.4']
    return $72return_value.1                 ['$72return_value.1']
label 74:
    $76unary_negative.1 = unary(fn=<built-in function neg>, value=b) ['$76unary_negative.1', 'b']
    $80binary_true_divide.3 = $76unary_negative.1 / a ['$76unary_negative.1', '$80binary_true_divide.3', 'a']
    $82return_value.4 = cast(value=$80binary_true_divide.3) ['$80binary_true_divide.3', '$82return_value.4']
    return $82return_value.4                 ['$82return_value.4']

2025-12-10 16:16:10,227 [DEBUG] - matplotlib data path: /home/ken/YAVOS/venv_yavos/lib/python3.10/site-packages/matplotlib/mpl-data
2025-12-10 16:16:10,231 [DEBUG] - CONFIGDIR=/home/ken/.config/matplotlib
2025-12-10 16:16:10,232 [DEBUG] - interactive is False
2025-12-10 16:16:10,232 [DEBUG] - platform is linux
2025-12-10 16:16:10,248 [DEBUG] - CACHEDIR=/home/ken/.cache/matplotlib
2025-12-10 16:16:10,250 [DEBUG] - Using fontManager instance from /home/ken/.cache/matplotlib/fontlist-v390.json
2025-12-10 16:16:10,408 [DEBUG] - Loaded backend Agg version v2.2.
2025-12-10 16:16:12,554 [DEBUG] - Executing: ['espeak-ng', '-q', '-b', '1', '--voices']
2025-12-10 16:16:12,563 [DEBUG] - espeak-ng: Pty Language       Age/Gender VoiceName          File                 Other Languages
2025-12-10 16:16:12,563 [DEBUG] - espeak-ng: 5  af              --/M      Afrikaans          gmw/af
2025-12-10 16:16:12,564 [DEBUG] - espeak-ng: 5  am              --/M      Amharic            sem/am
2025-12-10 16:16:12,564 [DEBUG] - espeak-ng: 5  an              --/M      Aragonese          roa/an
2025-12-10 16:16:12,564 [DEBUG] - espeak-ng: 5  ar              --/M      Arabic             sem/ar
2025-12-10 16:16:12,564 [DEBUG] - espeak-ng: 5  as              --/M      Assamese           inc/as
2025-12-10 16:16:12,564 [DEBUG] - espeak-ng: 5  az              --/M      Azerbaijani        trk/az
2025-12-10 16:16:12,564 [DEBUG] - espeak-ng: 5  ba              --/M      Bashkir            trk/ba
2025-12-10 16:16:12,564 [DEBUG] - espeak-ng: 5  bg              --/M      Bulgarian          zls/bg
2025-12-10 16:16:12,564 [DEBUG] - espeak-ng: 5  bn              --/M      Bengali            inc/bn
2025-12-10 16:16:12,564 [DEBUG] - espeak-ng: 5  bpy             --/M      Bishnupriya_Manipuri inc/bpy
2025-12-10 16:16:12,564 [DEBUG] - espeak-ng: 5  bs              --/M      Bosnian            zls/bs
2025-12-10 16:16:12,564 [DEBUG] - espeak-ng: 5  ca              --/M      Catalan            roa/ca
2025-12-10 16:16:12,564 [DEBUG] - espeak-ng: 5  cmn             --/M      Chinese_(Mandarin) sit/cmn              (zh-cmn 5)(zh 5)
2025-12-10 16:16:12,564 [DEBUG] - espeak-ng: 5  cs              --/M      Czech              zlw/cs
2025-12-10 16:16:12,564 [DEBUG] - espeak-ng: 5  cy              --/M      Welsh              cel/cy
2025-12-10 16:16:12,564 [DEBUG] - espeak-ng: 5  da              --/M      Danish             gmq/da
2025-12-10 16:16:12,564 [DEBUG] - espeak-ng: 5  de              --/M      German             gmw/de
2025-12-10 16:16:12,564 [DEBUG] - espeak-ng: 5  el              --/M      Greek              grk/el
2025-12-10 16:16:12,564 [DEBUG] - espeak-ng: 5  en-029          --/M      English_(Caribbean) gmw/en-029           (en 10)
2025-12-10 16:16:12,564 [DEBUG] - espeak-ng: 2  en-gb           --/M      English_(Great_Britain) gmw/en               (en 2)
2025-12-10 16:16:12,564 [DEBUG] - espeak-ng: 5  en-gb-scotland  --/M      English_(Scotland) gmw/en-GB-scotland   (en 4)
2025-12-10 16:16:12,564 [DEBUG] - espeak-ng: 5  en-gb-x-gbclan  --/M      English_(Lancaster) gmw/en-GB-x-gbclan   (en-gb 3)(en 5)
2025-12-10 16:16:12,564 [DEBUG] - espeak-ng: 5  en-gb-x-gbcwmd  --/M      English_(West_Midlands) gmw/en-GB-x-gbcwmd   (en-gb 9)(en 9)
2025-12-10 16:16:12,564 [DEBUG] - espeak-ng: 5  en-gb-x-rp      --/M      English_(Received_Pronunciation) gmw/en-GB-x-rp       (en-gb 4)(en 5)
2025-12-10 16:16:12,564 [DEBUG] - espeak-ng: 2  en-us           --/M      English_(America)  gmw/en-US            (en 3)
2025-12-10 16:16:12,564 [DEBUG] - espeak-ng: 5  eo              --/M      Esperanto          art/eo
2025-12-10 16:16:12,564 [DEBUG] - espeak-ng: 5  es              --/M      Spanish_(Spain)    roa/es
2025-12-10 16:16:12,564 [DEBUG] - espeak-ng: 5  es-419          --/M      Spanish_(Latin_America) roa/es-419           (es-mx 6)(es 6)
2025-12-10 16:16:12,564 [DEBUG] - espeak-ng: 5  et              --/M      Estonian           urj/et
2025-12-10 16:16:12,564 [DEBUG] - espeak-ng: 5  eu              --/M      Basque             eu
2025-12-10 16:16:12,564 [DEBUG] - espeak-ng: 5  fa              --/M      Persian            ira/fa
2025-12-10 16:16:12,564 [DEBUG] - espeak-ng: 5  fa-latn         --/M      Persian_(Pinglish) ira/fa-Latn
2025-12-10 16:16:12,564 [DEBUG] - espeak-ng: 5  fi              --/M      Finnish            urj/fi
2025-12-10 16:16:12,564 [DEBUG] - espeak-ng: 5  fr-be           --/M      French_(Belgium)   roa/fr-BE            (fr 8)
2025-12-10 16:16:12,564 [DEBUG] - espeak-ng: 5  fr-ch           --/M      French_(Switzerland) roa/fr-CH            (fr 8)
2025-12-10 16:16:12,564 [DEBUG] - espeak-ng: 5  fr-fr           --/M      French_(France)    roa/fr               (fr 5)
2025-12-10 16:16:12,564 [DEBUG] - espeak-ng: 5  ga              --/M      Gaelic_(Irish)     cel/ga
2025-12-10 16:16:12,564 [DEBUG] - espeak-ng: 5  gd              --/M      Gaelic_(Scottish)  cel/gd
2025-12-10 16:16:12,564 [DEBUG] - espeak-ng: 5  gn              --/M      Guarani            sai/gn
2025-12-10 16:16:12,564 [DEBUG] - espeak-ng: 5  grc             --/M      Greek_(Ancient)    grk/grc
2025-12-10 16:16:12,564 [DEBUG] - espeak-ng: 5  gu              --/M      Gujarati           inc/gu
2025-12-10 16:16:12,564 [DEBUG] - espeak-ng: 5  hak             --/M      Hakka_Chinese      sit/hak
2025-12-10 16:16:12,564 [DEBUG] - espeak-ng: 5  hi              --/M      Hindi              inc/hi
2025-12-10 16:16:12,564 [DEBUG] - espeak-ng: 5  hr              --/M      Croatian           zls/hr               (hbs 5)
2025-12-10 16:16:12,564 [DEBUG] - espeak-ng: 5  ht              --/M      Haitian_Creole     roa/ht
2025-12-10 16:16:12,564 [DEBUG] - espeak-ng: 5  hu              --/M      Hungarian          urj/hu
2025-12-10 16:16:12,564 [DEBUG] - espeak-ng: 5  hy              --/M      Armenian_(East_Armenia) ine/hy               (hy-arevela 5)
2025-12-10 16:16:12,564 [DEBUG] - espeak-ng: 5  hyw             --/M      Armenian_(West_Armenia) ine/hyw              (hy-arevmda 5)(hy 8)
2025-12-10 16:16:12,564 [DEBUG] - espeak-ng: 5  ia              --/M      Interlingua        art/ia
2025-12-10 16:16:12,564 [DEBUG] - espeak-ng: 5  id              --/M      Indonesian         poz/id
2025-12-10 16:16:12,564 [DEBUG] - espeak-ng: 5  is              --/M      Icelandic          gmq/is
2025-12-10 16:16:12,564 [DEBUG] - espeak-ng: 5  it              --/M      Italian            roa/it
2025-12-10 16:16:12,564 [DEBUG] - espeak-ng: 5  ja              --/M      Japanese           jpx/ja
2025-12-10 16:16:12,565 [DEBUG] - espeak-ng: 5  jbo             --/M      Lojban             art/jbo
2025-12-10 16:16:12,565 [DEBUG] - espeak-ng: 5  ka              --/M      Georgian           ccs/ka
2025-12-10 16:16:12,565 [DEBUG] - espeak-ng: 5  kk              --/M      Kazakh             trk/kk
2025-12-10 16:16:12,565 [DEBUG] - espeak-ng: 5  kl              --/M      Greenlandic        esx/kl
2025-12-10 16:16:12,565 [DEBUG] - espeak-ng: 5  kn              --/M      Kannada            dra/kn
2025-12-10 16:16:12,565 [DEBUG] - espeak-ng: 5  ko              --/M      Korean             ko
2025-12-10 16:16:12,565 [DEBUG] - espeak-ng: 5  kok             --/M      Konkani            inc/kok
2025-12-10 16:16:12,565 [DEBUG] - espeak-ng: 5  ku              --/M      Kurdish            ira/ku
2025-12-10 16:16:12,565 [DEBUG] - espeak-ng: 5  ky              --/M      Kyrgyz             trk/ky
2025-12-10 16:16:12,565 [DEBUG] - espeak-ng: 5  la              --/M      Latin              itc/la
2025-12-10 16:16:12,565 [DEBUG] - espeak-ng: 5  lfn             --/M      Lingua_Franca_Nova art/lfn
2025-12-10 16:16:12,565 [DEBUG] - espeak-ng: 5  lt              --/M      Lithuanian         bat/lt
2025-12-10 16:16:12,565 [DEBUG] - espeak-ng: 5  lv              --/M      Latvian            bat/lv
2025-12-10 16:16:12,565 [DEBUG] - espeak-ng: 5  mi              --/M      Māori             poz/mi
2025-12-10 16:16:12,565 [DEBUG] - espeak-ng: 5  mk              --/M      Macedonian         zls/mk
2025-12-10 16:16:12,565 [DEBUG] - espeak-ng: 5  ml              --/M      Malayalam          dra/ml
2025-12-10 16:16:12,565 [DEBUG] - espeak-ng: 5  mr              --/M      Marathi            inc/mr
2025-12-10 16:16:12,565 [DEBUG] - espeak-ng: 5  ms              --/M      Malay              poz/ms
2025-12-10 16:16:12,565 [DEBUG] - espeak-ng: 5  mt              --/M      Maltese            sem/mt
2025-12-10 16:16:12,565 [DEBUG] - espeak-ng: 5  my              --/M      Myanmar_(Burmese)  sit/my
2025-12-10 16:16:12,565 [DEBUG] - espeak-ng: 5  nb              --/M      Norwegian_Bokmål  gmq/nb               (no 5)
2025-12-10 16:16:12,565 [DEBUG] - espeak-ng: 5  nci             --/M      Nahuatl_(Classical) azc/nci
2025-12-10 16:16:12,565 [DEBUG] - espeak-ng: 5  ne              --/M      Nepali             inc/ne
2025-12-10 16:16:12,565 [DEBUG] - espeak-ng: 5  nl              --/M      Dutch              gmw/nl
2025-12-10 16:16:12,565 [DEBUG] - espeak-ng: 5  om              --/M      Oromo              cus/om
2025-12-10 16:16:12,565 [DEBUG] - espeak-ng: 5  or              --/M      Oriya              inc/or
2025-12-10 16:16:12,565 [DEBUG] - espeak-ng: 5  pa              --/M      Punjabi            inc/pa
2025-12-10 16:16:12,565 [DEBUG] - espeak-ng: 5  pap             --/M      Papiamento         roa/pap
2025-12-10 16:16:12,565 [DEBUG] - espeak-ng: 5  pl              --/M      Polish             zlw/pl
2025-12-10 16:16:12,565 [DEBUG] - espeak-ng: 5  pt              --/M      Portuguese_(Portugal) roa/pt               (pt-pt 5)
2025-12-10 16:16:12,565 [DEBUG] - espeak-ng: 5  pt-br           --/M      Portuguese_(Brazil) roa/pt-BR            (pt 6)
2025-12-10 16:16:12,565 [DEBUG] - espeak-ng: 5  py              --/M      Pyash              art/py
2025-12-10 16:16:12,565 [DEBUG] - espeak-ng: 5  quc             --/M      K'iche'            myn/quc
2025-12-10 16:16:12,565 [DEBUG] - espeak-ng: 5  ro              --/M      Romanian           roa/ro
2025-12-10 16:16:12,565 [DEBUG] - espeak-ng: 5  ru              --/M      Russian            zle/ru
2025-12-10 16:16:12,565 [DEBUG] - espeak-ng: 2  ru-lv           --/M      Russian_(Latvia)   zle/ru-LV
2025-12-10 16:16:12,565 [DEBUG] - espeak-ng: 5  sd              --/M      Sindhi             inc/sd
2025-12-10 16:16:12,565 [DEBUG] - espeak-ng: 5  shn             --/M      Shan_(Tai_Yai)     tai/shn
2025-12-10 16:16:12,565 [DEBUG] - espeak-ng: 5  si              --/M      Sinhala            inc/si
2025-12-10 16:16:12,565 [DEBUG] - espeak-ng: 5  sk              --/M      Slovak             zlw/sk
2025-12-10 16:16:12,565 [DEBUG] - espeak-ng: 5  sl              --/M      Slovenian          zls/sl
2025-12-10 16:16:12,565 [DEBUG] - espeak-ng: 5  sq              --/M      Albanian           ine/sq
2025-12-10 16:16:12,565 [DEBUG] - espeak-ng: 5  sr              --/M      Serbian            zls/sr
2025-12-10 16:16:12,565 [DEBUG] - espeak-ng: 5  sv              --/M      Swedish            gmq/sv
2025-12-10 16:16:12,565 [DEBUG] - espeak-ng: 5  sw              --/M      Swahili            bnt/sw
2025-12-10 16:16:12,565 [DEBUG] - espeak-ng: 5  ta              --/M      Tamil              dra/ta
2025-12-10 16:16:12,565 [DEBUG] - espeak-ng: 5  te              --/M      Telugu             dra/te
2025-12-10 16:16:12,565 [DEBUG] - espeak-ng: 5  tn              --/M      Setswana           bnt/tn
2025-12-10 16:16:12,565 [DEBUG] - espeak-ng: 5  tr              --/M      Turkish            trk/tr
2025-12-10 16:16:12,565 [DEBUG] - espeak-ng: 5  tt              --/M      Tatar              trk/tt
2025-12-10 16:16:12,565 [DEBUG] - espeak-ng: 5  ur              --/M      Urdu               inc/ur
2025-12-10 16:16:12,565 [DEBUG] - espeak-ng: 5  uz              --/M      Uzbek              trk/uz
2025-12-10 16:16:12,565 [DEBUG] - espeak-ng: 5  vi              --/M      Vietnamese_(Northern) aav/vi
2025-12-10 16:16:12,565 [DEBUG] - espeak-ng: 5  vi-vn-x-central --/M      Vietnamese_(Central) aav/vi-VN-x-central
2025-12-10 16:16:12,565 [DEBUG] - espeak-ng: 5  vi-vn-x-south   --/M      Vietnamese_(Southern) aav/vi-VN-x-south
2025-12-10 16:16:12,565 [DEBUG] - espeak-ng: 5  yue             --/M      Chinese_(Cantonese) sit/yue              (zh-yue 5)(zh 8)
2025-12-10 16:16:12,613 [DEBUG] - open file: /home/ken/YAVOS/venv_yavos/lib/python3.10/site-packages/TTS/.models.json
2025-12-10 16:16:12,616 [INFO] - tts_models/en/vctk/vits is already downloaded.
2025-12-10 16:16:12,616 [DEBUG] - open file: /home/ken/.local/share/tts/tts_models--en--vctk--vits/config.json
2025-12-10 16:16:12,620 [DEBUG] - open file: /home/ken/.local/share/tts/tts_models--en--vctk--vits/config.json
2025-12-10 16:16:12,657 [DEBUG] - open file: /home/ken/.local/share/tts/tts_models--en--vctk--vits/config.json
2025-12-10 16:16:12,659 [INFO] - Using model: vits
2025-12-10 16:16:12,660 [INFO] - Setting up Audio Processor...
2025-12-10 16:16:12,660 [INFO] -  | sample_rate: 22050
2025-12-10 16:16:12,660 [INFO] -  | resample: False
2025-12-10 16:16:12,660 [INFO] -  | num_mels: 80
2025-12-10 16:16:12,660 [INFO] -  | log_func: np.log10
2025-12-10 16:16:12,660 [INFO] -  | min_level_db: 0
2025-12-10 16:16:12,660 [INFO] -  | frame_shift_ms: None
2025-12-10 16:16:12,660 [INFO] -  | frame_length_ms: None
2025-12-10 16:16:12,660 [INFO] -  | ref_level_db: None
2025-12-10 16:16:12,660 [INFO] -  | fft_size: 1024
2025-12-10 16:16:12,660 [INFO] -  | power: None
2025-12-10 16:16:12,660 [INFO] -  | preemphasis: 0.0
2025-12-10 16:16:12,660 [INFO] -  | griffin_lim_iters: None
2025-12-10 16:16:12,660 [INFO] -  | signal_norm: None
2025-12-10 16:16:12,661 [INFO] -  | symmetric_norm: None
2025-12-10 16:16:12,661 [INFO] -  | mel_fmin: 0
2025-12-10 16:16:12,661 [INFO] -  | mel_fmax: None
2025-12-10 16:16:12,661 [INFO] -  | pitch_fmin: None
2025-12-10 16:16:12,661 [INFO] -  | pitch_fmax: None
2025-12-10 16:16:12,661 [INFO] -  | spec_gain: 20.0
2025-12-10 16:16:12,661 [INFO] -  | stft_pad_mode: reflect
2025-12-10 16:16:12,661 [INFO] -  | max_norm: 1.0
2025-12-10 16:16:12,661 [INFO] -  | clip_norm: True
2025-12-10 16:16:12,661 [INFO] -  | do_trim_silence: False
2025-12-10 16:16:12,661 [INFO] -  | trim_db: 60
2025-12-10 16:16:12,661 [INFO] -  | do_sound_norm: False
2025-12-10 16:16:12,661 [INFO] -  | do_amp_to_db_linear: True
2025-12-10 16:16:12,661 [INFO] -  | do_amp_to_db_mel: True
2025-12-10 16:16:12,661 [INFO] -  | do_rms_norm: False
2025-12-10 16:16:12,661 [INFO] -  | db_level: None
2025-12-10 16:16:12,661 [INFO] -  | stats_path: None
2025-12-10 16:16:12,661 [INFO] -  | base: 10
2025-12-10 16:16:12,661 [INFO] -  | hop_length: 256
2025-12-10 16:16:12,661 [INFO] -  | win_length: 1024
2025-12-10 16:16:12,669 [DEBUG] - Executing: ['espeak-ng', '-q', '-b', '1', '--voices']
2025-12-10 16:16:12,677 [DEBUG] - espeak-ng: Pty Language       Age/Gender VoiceName          File                 Other Languages
2025-12-10 16:16:12,677 [DEBUG] - espeak-ng: 5  af              --/M      Afrikaans          gmw/af
2025-12-10 16:16:12,677 [DEBUG] - espeak-ng: 5  am              --/M      Amharic            sem/am
2025-12-10 16:16:12,677 [DEBUG] - espeak-ng: 5  an              --/M      Aragonese          roa/an
2025-12-10 16:16:12,677 [DEBUG] - espeak-ng: 5  ar              --/M      Arabic             sem/ar
2025-12-10 16:16:12,677 [DEBUG] - espeak-ng: 5  as              --/M      Assamese           inc/as
2025-12-10 16:16:12,677 [DEBUG] - espeak-ng: 5  az              --/M      Azerbaijani        trk/az
2025-12-10 16:16:12,677 [DEBUG] - espeak-ng: 5  ba              --/M      Bashkir            trk/ba
2025-12-10 16:16:12,677 [DEBUG] - espeak-ng: 5  bg              --/M      Bulgarian          zls/bg
2025-12-10 16:16:12,677 [DEBUG] - espeak-ng: 5  bn              --/M      Bengali            inc/bn
2025-12-10 16:16:12,677 [DEBUG] - espeak-ng: 5  bpy             --/M      Bishnupriya_Manipuri inc/bpy
2025-12-10 16:16:12,677 [DEBUG] - espeak-ng: 5  bs              --/M      Bosnian            zls/bs
2025-12-10 16:16:12,677 [DEBUG] - espeak-ng: 5  ca              --/M      Catalan            roa/ca
2025-12-10 16:16:12,677 [DEBUG] - espeak-ng: 5  cmn             --/M      Chinese_(Mandarin) sit/cmn              (zh-cmn 5)(zh 5)
2025-12-10 16:16:12,677 [DEBUG] - espeak-ng: 5  cs              --/M      Czech              zlw/cs
2025-12-10 16:16:12,677 [DEBUG] - espeak-ng: 5  cy              --/M      Welsh              cel/cy
2025-12-10 16:16:12,677 [DEBUG] - espeak-ng: 5  da              --/M      Danish             gmq/da
2025-12-10 16:16:12,677 [DEBUG] - espeak-ng: 5  de              --/M      German             gmw/de
2025-12-10 16:16:12,677 [DEBUG] - espeak-ng: 5  el              --/M      Greek              grk/el
2025-12-10 16:16:12,677 [DEBUG] - espeak-ng: 5  en-029          --/M      English_(Caribbean) gmw/en-029           (en 10)
2025-12-10 16:16:12,677 [DEBUG] - espeak-ng: 2  en-gb           --/M      English_(Great_Britain) gmw/en               (en 2)
2025-12-10 16:16:12,677 [DEBUG] - espeak-ng: 5  en-gb-scotland  --/M      English_(Scotland) gmw/en-GB-scotland   (en 4)
2025-12-10 16:16:12,677 [DEBUG] - espeak-ng: 5  en-gb-x-gbclan  --/M      English_(Lancaster) gmw/en-GB-x-gbclan   (en-gb 3)(en 5)
2025-12-10 16:16:12,677 [DEBUG] - espeak-ng: 5  en-gb-x-gbcwmd  --/M      English_(West_Midlands) gmw/en-GB-x-gbcwmd   (en-gb 9)(en 9)
2025-12-10 16:16:12,677 [DEBUG] - espeak-ng: 5  en-gb-x-rp      --/M      English_(Received_Pronunciation) gmw/en-GB-x-rp       (en-gb 4)(en 5)
2025-12-10 16:16:12,677 [DEBUG] - espeak-ng: 2  en-us           --/M      English_(America)  gmw/en-US            (en 3)
2025-12-10 16:16:12,677 [DEBUG] - espeak-ng: 5  eo              --/M      Esperanto          art/eo
2025-12-10 16:16:12,677 [DEBUG] - espeak-ng: 5  es              --/M      Spanish_(Spain)    roa/es
2025-12-10 16:16:12,677 [DEBUG] - espeak-ng: 5  es-419          --/M      Spanish_(Latin_America) roa/es-419           (es-mx 6)(es 6)
2025-12-10 16:16:12,677 [DEBUG] - espeak-ng: 5  et              --/M      Estonian           urj/et
2025-12-10 16:16:12,677 [DEBUG] - espeak-ng: 5  eu              --/M      Basque             eu
2025-12-10 16:16:12,677 [DEBUG] - espeak-ng: 5  fa              --/M      Persian            ira/fa
2025-12-10 16:16:12,677 [DEBUG] - espeak-ng: 5  fa-latn         --/M      Persian_(Pinglish) ira/fa-Latn
2025-12-10 16:16:12,677 [DEBUG] - espeak-ng: 5  fi              --/M      Finnish            urj/fi
2025-12-10 16:16:12,678 [DEBUG] - espeak-ng: 5  fr-be           --/M      French_(Belgium)   roa/fr-BE            (fr 8)
2025-12-10 16:16:12,678 [DEBUG] - espeak-ng: 5  fr-ch           --/M      French_(Switzerland) roa/fr-CH            (fr 8)
2025-12-10 16:16:12,678 [DEBUG] - espeak-ng: 5  fr-fr           --/M      French_(France)    roa/fr               (fr 5)
2025-12-10 16:16:12,678 [DEBUG] - espeak-ng: 5  ga              --/M      Gaelic_(Irish)     cel/ga
2025-12-10 16:16:12,678 [DEBUG] - espeak-ng: 5  gd              --/M      Gaelic_(Scottish)  cel/gd
2025-12-10 16:16:12,678 [DEBUG] - espeak-ng: 5  gn              --/M      Guarani            sai/gn
2025-12-10 16:16:12,678 [DEBUG] - espeak-ng: 5  grc             --/M      Greek_(Ancient)    grk/grc
2025-12-10 16:16:12,678 [DEBUG] - espeak-ng: 5  gu              --/M      Gujarati           inc/gu
2025-12-10 16:16:12,678 [DEBUG] - espeak-ng: 5  hak             --/M      Hakka_Chinese      sit/hak
2025-12-10 16:16:12,678 [DEBUG] - espeak-ng: 5  hi              --/M      Hindi              inc/hi
2025-12-10 16:16:12,678 [DEBUG] - espeak-ng: 5  hr              --/M      Croatian           zls/hr               (hbs 5)
2025-12-10 16:16:12,678 [DEBUG] - espeak-ng: 5  ht              --/M      Haitian_Creole     roa/ht
2025-12-10 16:16:12,678 [DEBUG] - espeak-ng: 5  hu              --/M      Hungarian          urj/hu
2025-12-10 16:16:12,678 [DEBUG] - espeak-ng: 5  hy              --/M      Armenian_(East_Armenia) ine/hy               (hy-arevela 5)
2025-12-10 16:16:12,678 [DEBUG] - espeak-ng: 5  hyw             --/M      Armenian_(West_Armenia) ine/hyw              (hy-arevmda 5)(hy 8)
2025-12-10 16:16:12,678 [DEBUG] - espeak-ng: 5  ia              --/M      Interlingua        art/ia
2025-12-10 16:16:12,678 [DEBUG] - espeak-ng: 5  id              --/M      Indonesian         poz/id
2025-12-10 16:16:12,678 [DEBUG] - espeak-ng: 5  is              --/M      Icelandic          gmq/is
2025-12-10 16:16:12,678 [DEBUG] - espeak-ng: 5  it              --/M      Italian            roa/it
2025-12-10 16:16:12,678 [DEBUG] - espeak-ng: 5  ja              --/M      Japanese           jpx/ja
2025-12-10 16:16:12,678 [DEBUG] - espeak-ng: 5  jbo             --/M      Lojban             art/jbo
2025-12-10 16:16:12,678 [DEBUG] - espeak-ng: 5  ka              --/M      Georgian           ccs/ka
2025-12-10 16:16:12,678 [DEBUG] - espeak-ng: 5  kk              --/M      Kazakh             trk/kk
2025-12-10 16:16:12,678 [DEBUG] - espeak-ng: 5  kl              --/M      Greenlandic        esx/kl
2025-12-10 16:16:12,678 [DEBUG] - espeak-ng: 5  kn              --/M      Kannada            dra/kn
2025-12-10 16:16:12,678 [DEBUG] - espeak-ng: 5  ko              --/M      Korean             ko
2025-12-10 16:16:12,678 [DEBUG] - espeak-ng: 5  kok             --/M      Konkani            inc/kok
2025-12-10 16:16:12,678 [DEBUG] - espeak-ng: 5  ku              --/M      Kurdish            ira/ku
2025-12-10 16:16:12,678 [DEBUG] - espeak-ng: 5  ky              --/M      Kyrgyz             trk/ky
2025-12-10 16:16:12,678 [DEBUG] - espeak-ng: 5  la              --/M      Latin              itc/la
2025-12-10 16:16:12,678 [DEBUG] - espeak-ng: 5  lfn             --/M      Lingua_Franca_Nova art/lfn
2025-12-10 16:16:12,678 [DEBUG] - espeak-ng: 5  lt              --/M      Lithuanian         bat/lt
2025-12-10 16:16:12,678 [DEBUG] - espeak-ng: 5  lv              --/M      Latvian            bat/lv
2025-12-10 16:16:12,678 [DEBUG] - espeak-ng: 5  mi              --/M      Māori             poz/mi
2025-12-10 16:16:12,678 [DEBUG] - espeak-ng: 5  mk              --/M      Macedonian         zls/mk
2025-12-10 16:16:12,678 [DEBUG] - espeak-ng: 5  ml              --/M      Malayalam          dra/ml
2025-12-10 16:16:12,678 [DEBUG] - espeak-ng: 5  mr              --/M      Marathi            inc/mr
2025-12-10 16:16:12,678 [DEBUG] - espeak-ng: 5  ms              --/M      Malay              poz/ms
2025-12-10 16:16:12,678 [DEBUG] - espeak-ng: 5  mt              --/M      Maltese            sem/mt
2025-12-10 16:16:12,678 [DEBUG] - espeak-ng: 5  my              --/M      Myanmar_(Burmese)  sit/my
2025-12-10 16:16:12,678 [DEBUG] - espeak-ng: 5  nb              --/M      Norwegian_Bokmål  gmq/nb               (no 5)
2025-12-10 16:16:12,678 [DEBUG] - espeak-ng: 5  nci             --/M      Nahuatl_(Classical) azc/nci
2025-12-10 16:16:12,678 [DEBUG] - espeak-ng: 5  ne              --/M      Nepali             inc/ne
2025-12-10 16:16:12,678 [DEBUG] - espeak-ng: 5  nl              --/M      Dutch              gmw/nl
2025-12-10 16:16:12,678 [DEBUG] - espeak-ng: 5  om              --/M      Oromo              cus/om
2025-12-10 16:16:12,678 [DEBUG] - espeak-ng: 5  or              --/M      Oriya              inc/or
2025-12-10 16:16:12,678 [DEBUG] - espeak-ng: 5  pa              --/M      Punjabi            inc/pa
2025-12-10 16:16:12,678 [DEBUG] - espeak-ng: 5  pap             --/M      Papiamento         roa/pap
2025-12-10 16:16:12,678 [DEBUG] - espeak-ng: 5  pl              --/M      Polish             zlw/pl
2025-12-10 16:16:12,678 [DEBUG] - espeak-ng: 5  pt              --/M      Portuguese_(Portugal) roa/pt               (pt-pt 5)
2025-12-10 16:16:12,678 [DEBUG] - espeak-ng: 5  pt-br           --/M      Portuguese_(Brazil) roa/pt-BR            (pt 6)
2025-12-10 16:16:12,678 [DEBUG] - espeak-ng: 5  py              --/M      Pyash              art/py
2025-12-10 16:16:12,678 [DEBUG] - espeak-ng: 5  quc             --/M      K'iche'            myn/quc
2025-12-10 16:16:12,678 [DEBUG] - espeak-ng: 5  ro              --/M      Romanian           roa/ro
2025-12-10 16:16:12,678 [DEBUG] - espeak-ng: 5  ru              --/M      Russian            zle/ru
2025-12-10 16:16:12,678 [DEBUG] - espeak-ng: 2  ru-lv           --/M      Russian_(Latvia)   zle/ru-LV
2025-12-10 16:16:12,678 [DEBUG] - espeak-ng: 5  sd              --/M      Sindhi             inc/sd
2025-12-10 16:16:12,678 [DEBUG] - espeak-ng: 5  shn             --/M      Shan_(Tai_Yai)     tai/shn
2025-12-10 16:16:12,678 [DEBUG] - espeak-ng: 5  si              --/M      Sinhala            inc/si
2025-12-10 16:16:12,678 [DEBUG] - espeak-ng: 5  sk              --/M      Slovak             zlw/sk
2025-12-10 16:16:12,678 [DEBUG] - espeak-ng: 5  sl              --/M      Slovenian          zls/sl
2025-12-10 16:16:12,678 [DEBUG] - espeak-ng: 5  sq              --/M      Albanian           ine/sq
2025-12-10 16:16:12,678 [DEBUG] - espeak-ng: 5  sr              --/M      Serbian            zls/sr
2025-12-10 16:16:12,678 [DEBUG] - espeak-ng: 5  sv              --/M      Swedish            gmq/sv
2025-12-10 16:16:12,678 [DEBUG] - espeak-ng: 5  sw              --/M      Swahili            bnt/sw
2025-12-10 16:16:12,678 [DEBUG] - espeak-ng: 5  ta              --/M      Tamil              dra/ta
2025-12-10 16:16:12,678 [DEBUG] - espeak-ng: 5  te              --/M      Telugu             dra/te
2025-12-10 16:16:12,678 [DEBUG] - espeak-ng: 5  tn              --/M      Setswana           bnt/tn
2025-12-10 16:16:12,679 [DEBUG] - espeak-ng: 5  tr              --/M      Turkish            trk/tr
2025-12-10 16:16:12,679 [DEBUG] - espeak-ng: 5  tt              --/M      Tatar              trk/tt
2025-12-10 16:16:12,679 [DEBUG] - espeak-ng: 5  ur              --/M      Urdu               inc/ur
2025-12-10 16:16:12,679 [DEBUG] - espeak-ng: 5  uz              --/M      Uzbek              trk/uz
2025-12-10 16:16:12,679 [DEBUG] - espeak-ng: 5  vi              --/M      Vietnamese_(Northern) aav/vi
2025-12-10 16:16:12,679 [DEBUG] - espeak-ng: 5  vi-vn-x-central --/M      Vietnamese_(Central) aav/vi-VN-x-central
2025-12-10 16:16:12,679 [DEBUG] - espeak-ng: 5  vi-vn-x-south   --/M      Vietnamese_(Southern) aav/vi-VN-x-south
2025-12-10 16:16:12,679 [DEBUG] - espeak-ng: 5  yue             --/M      Chinese_(Cantonese) sit/yue              (zh-yue 5)(zh 8)
2025-12-10 16:16:12,679 [DEBUG] - open file: /home/ken/.local/share/tts/tts_models--en--vctk--vits/speaker_ids.json
2025-12-10 16:16:12,680 [INFO] - Initialization of speaker-embedding layers.
2025-12-10 16:16:12,925 [DEBUG] - open file: /home/ken/.local/share/tts/tts_models--en--vctk--vits/model.pth
2025-12-10 16:16:13,122 [INFO] - Websocket connected
2025-12-10 16:16:14,122 [INFO] - TTSSvc: tts_svc Connected!
2025-12-10 16:16:19,034 [INFO] - STTSvc: Transcribe took 0.41309380531311035, produced ---> 
2025-12-10 16:16:27,822 [INFO] - STTSvc: Transcribe took 0.19708967208862305, produced ---> test.
2025-12-10 16:16:27,832 [INFO] - Text split into sentences.
2025-12-10 16:16:27,832 [INFO] - Input: ['test.']
2025-12-10 16:16:27,833 [DEBUG] - Tokenizer input text: test.
2025-12-10 16:16:27,833 [DEBUG] - Cleaned text: test.
2025-12-10 16:16:27,833 [DEBUG] - Executing: ['espeak-ng', '-q', '-b', '1', '-v', 'en-us', '--ipa=1', '-f', '/tmp/tmpbmat0gy3']
2025-12-10 16:16:27,903 [DEBUG] - espeak-ng: t_ˈɛ_s_t
2025-12-10 16:16:27,903 [DEBUG] - Phonemes: tˈɛst.
2025-12-10 16:16:28,143 [INFO] - Processing time: 0.318
2025-12-10 16:16:28,143 [INFO] - Real-time factor: 0.261
2025-12-10 16:16:28,157 [INFO] - TTSSvc: Transcribe took 0.33264970779418945, Received text ---> test.
2025-12-10 16:16:28,159 [INFO] - HAL: mute mic
2025-12-10 16:16:28,168 [INFO] - HAL: play wav aplay Config/tts_out/junk.wav  >/dev/null 2>&1
2025-12-10 16:16:29,426 [INFO] - HAL: unmute mic
2025-12-10 16:16:29,474 [INFO] - STTSvc: Transcribe took 1.0876202583312988, produced ---> Going the first thing I'm going to do.
2025-12-10 16:16:29,478 [INFO] - Text split into sentences.
2025-12-10 16:16:29,478 [INFO] - Input: ["Going the first thing I'm going to do."]
2025-12-10 16:16:29,478 [DEBUG] - Tokenizer input text: Going the first thing I'm going to do.
2025-12-10 16:16:29,478 [DEBUG] - Cleaned text: Going the first thing I'm going to do.
2025-12-10 16:16:29,478 [DEBUG] - Executing: ['espeak-ng', '-q', '-b', '1', '-v', 'en-us', '--ipa=1', '-f', '/tmp/tmp47p8si8_']
2025-12-10 16:16:29,489 [DEBUG] - espeak-ng: ɡ_ˌoʊ_ɪ_ŋ ð_ə f_ˈɜː_s_t θ_ˈɪ_ŋ aɪ_m ɡ_ˌoʊ_ɪ_ŋ t_ə d_ˈuː
2025-12-10 16:16:29,490 [DEBUG] - Phonemes: ɡˌoʊɪŋ ðə fˈɜːst θˈɪŋ aɪm ɡˌoʊɪŋ tə dˈuː.
2025-12-10 16:16:29,867 [INFO] - Processing time: 0.390
2025-12-10 16:16:29,867 [INFO] - Real-time factor: 0.185
2025-12-10 16:16:29,871 [INFO] - TTSSvc: Transcribe took 0.39469408988952637, Received text ---> Going the first thing I'm going to do.
2025-12-10 16:16:29,873 [INFO] - HAL: mute mic
2025-12-10 16:16:29,882 [INFO] - HAL: play wav aplay Config/tts_out/junk.wav  >/dev/null 2>&1
2025-12-10 16:16:32,015 [INFO] - HAL: unmute mic
2025-12-10 16:16:34,786 [INFO] - STTSvc: Transcribe took 0.24670004844665527, produced ---> Testing 1, 2, 3.
2025-12-10 16:16:34,789 [INFO] - Text split into sentences.
2025-12-10 16:16:34,789 [INFO] - Input: ['Testing 1, 2, 3.']
2025-12-10 16:16:34,789 [DEBUG] - Tokenizer input text: Testing 1, 2, 3.
2025-12-10 16:16:34,790 [DEBUG] - Cleaned text: Testing one, two, three.
2025-12-10 16:16:34,790 [DEBUG] - Executing: ['espeak-ng', '-q', '-b', '1', '-v', 'en-us', '--ipa=1', '-f', '/tmp/tmpm5osejlm']
2025-12-10 16:16:34,800 [DEBUG] - espeak-ng: t_ˈɛ_s_t_ɪ_ŋ w_ˌʌ_n
2025-12-10 16:16:34,801 [DEBUG] - Executing: ['espeak-ng', '-q', '-b', '1', '-v', 'en-us', '--ipa=1', '-f', '/tmp/tmp1xi71h34']
2025-12-10 16:16:34,810 [DEBUG] - espeak-ng: t_ˈuː
2025-12-10 16:16:34,810 [DEBUG] - Executing: ['espeak-ng', '-q', '-b', '1', '-v', 'en-us', '--ipa=1', '-f', '/tmp/tmp90kqms0l']
2025-12-10 16:16:34,819 [DEBUG] - espeak-ng: θ_ɹ_ˈiː
2025-12-10 16:16:34,820 [DEBUG] - Phonemes: tˈɛstɪŋ wˌʌn, tˈuː, θɹˈiː.
2025-12-10 16:16:35,180 [INFO] - Processing time: 0.392
2025-12-10 16:16:35,181 [INFO] - Real-time factor: 0.187
2025-12-10 16:16:35,185 [INFO] - TTSSvc: Transcribe took 0.396376371383667, Received text ---> Testing 1, 2, 3.
2025-12-10 16:16:35,186 [INFO] - HAL: mute mic
2025-12-10 16:16:35,195 [INFO] - HAL: play wav aplay Config/tts_out/junk.wav  >/dev/null 2>&1
2025-12-10 16:16:37,328 [INFO] - HAL: unmute mic
2025-12-10 16:16:39,873 [INFO] - STTSvc: Transcribe took 0.2444605827331543, produced ---> testing 1, 2, 3.
2025-12-10 16:16:39,876 [INFO] - Text split into sentences.
2025-12-10 16:16:39,876 [INFO] - Input: ['testing 1, 2, 3.']
2025-12-10 16:16:39,876 [DEBUG] - Tokenizer input text: testing 1, 2, 3.
2025-12-10 16:16:39,876 [DEBUG] - Cleaned text: testing one, two, three.
2025-12-10 16:16:39,877 [DEBUG] - Executing: ['espeak-ng', '-q', '-b', '1', '-v', 'en-us', '--ipa=1', '-f', '/tmp/tmpsqpkuww_']
2025-12-10 16:16:39,887 [DEBUG] - espeak-ng: t_ˈɛ_s_t_ɪ_ŋ w_ˌʌ_n
2025-12-10 16:16:39,887 [DEBUG] - Executing: ['espeak-ng', '-q', '-b', '1', '-v', 'en-us', '--ipa=1', '-f', '/tmp/tmpb13nhc1w']
2025-12-10 16:16:39,896 [DEBUG] - espeak-ng: t_ˈuː
2025-12-10 16:16:39,896 [DEBUG] - Executing: ['espeak-ng', '-q', '-b', '1', '-v', 'en-us', '--ipa=1', '-f', '/tmp/tmppva5c_k7']
2025-12-10 16:16:39,905 [DEBUG] - espeak-ng: θ_ɹ_ˈiː
2025-12-10 16:16:39,905 [DEBUG] - Phonemes: tˈɛstɪŋ wˌʌn, tˈuː, θɹˈiː.
2025-12-10 16:16:40,222 [INFO] - Processing time: 0.347
2025-12-10 16:16:40,222 [INFO] - Real-time factor: 0.181
2025-12-10 16:16:40,226 [INFO] - TTSSvc: Transcribe took 0.3512420654296875, Received text ---> testing 1, 2, 3.
2025-12-10 16:16:40,229 [INFO] - HAL: mute mic
2025-12-10 16:16:40,238 [INFO] - HAL: play wav aplay Config/tts_out/junk.wav  >/dev/null 2>&1
2025-12-10 16:16:42,246 [INFO] - HAL: unmute mic
2025-12-10 16:16:43,915 [INFO] - STTSvc: Transcribe took 0.2417447566986084, produced ---> testing 1, 2, 3.
2025-12-10 16:16:43,918 [INFO] - Text split into sentences.
2025-12-10 16:16:43,918 [INFO] - Input: ['testing 1, 2, 3.']
2025-12-10 16:16:43,918 [DEBUG] - Tokenizer input text: testing 1, 2, 3.
2025-12-10 16:16:43,918 [DEBUG] - Cleaned text: testing one, two, three.
2025-12-10 16:16:43,919 [DEBUG] - Executing: ['espeak-ng', '-q', '-b', '1', '-v', 'en-us', '--ipa=1', '-f', '/tmp/tmp9837wo1k']
2025-12-10 16:16:43,929 [DEBUG] - espeak-ng: t_ˈɛ_s_t_ɪ_ŋ w_ˌʌ_n
2025-12-10 16:16:43,929 [DEBUG] - Executing: ['espeak-ng', '-q', '-b', '1', '-v', 'en-us', '--ipa=1', '-f', '/tmp/tmp1348rpy3']
2025-12-10 16:16:43,938 [DEBUG] - espeak-ng: t_ˈuː
2025-12-10 16:16:43,938 [DEBUG] - Executing: ['espeak-ng', '-q', '-b', '1', '-v', 'en-us', '--ipa=1', '-f', '/tmp/tmpw2d_3lkl']
2025-12-10 16:16:43,948 [DEBUG] - espeak-ng: θ_ɹ_ˈiː
2025-12-10 16:16:43,948 [DEBUG] - Phonemes: tˈɛstɪŋ wˌʌn, tˈuː, θɹˈiː.
2025-12-10 16:16:44,271 [INFO] - Processing time: 0.354
2025-12-10 16:16:44,271 [INFO] - Real-time factor: 0.184
2025-12-10 16:16:44,275 [INFO] - TTSSvc: Transcribe took 0.3584268093109131, Received text ---> testing 1, 2, 3.
2025-12-10 16:16:44,277 [INFO] - HAL: mute mic
2025-12-10 16:16:44,287 [INFO] - HAL: play wav aplay Config/tts_out/junk.wav  >/dev/null 2>&1
2025-12-10 16:16:46,295 [INFO] - HAL: unmute mic
2025-12-10 16:16:47,015 [INFO] - STTSvc: Transcribe took 0.18658900260925293, produced ---> 
2025-12-10 16:16:47,474 [INFO] - STTSvc: Transcribe took 0.18837642669677734, produced ---> 
2025-12-10 16:17:20,180 [INFO] - STTSvc: Transcribe took 0.18851804733276367, produced ---> 
2025-12-10 16:17:22,439 [INFO] - STTSvc: Transcribe took 0.18362116813659668, produced ---> 
2025-12-10 16:17:22,630 [INFO] - STTSvc: Transcribe took 0.18951749801635742, produced ---> 
2025-12-10 16:17:27,681 [INFO] - STTSvc: Transcribe took 0.18646001815795898, produced ---> 
2025-12-10 16:22:07,479 [INFO] - STTSvc: model:tiny.en, useGPU:False, keyFile:/home/ken/YAVA/Keys/open-ai-key.txt
2025-12-10 16:22:07,488 [INFO] - MediaSvc: bargeIn: False, localEnabled: True, remotePort: None
2025-12-10 16:22:07,488 [DEBUG] - MediaSvc: Remote audio output is disabled
2025-12-10 16:22:07,488 [INFO] - MediaSvc: attempt to connect to main message bus
2025-12-10 16:22:07,489 [DEBUG] - ** media_svc - Not Connected **
2025-12-10 16:22:07,491 [INFO] - Websocket connected
2025-12-10 16:22:08,490 [INFO] - MediaSvc: connected to main message bus. ID is media_svc.
2025-12-10 16:22:08,492 [INFO] - HAL: Activated. Volume command is amixer -D pulse sset Master %s, Mic command is pactl set-source-volume $(pactl info | grep "Default Source" | cut -d " " -f3) %s
2025-12-10 16:22:08,548 [DEBUG] - Loading FFmpeg6
2025-12-10 16:22:08,549 [DEBUG] - Failed to load FFmpeg6 extension.
Traceback (most recent call last):
  File "/home/ken/YAVOS/venv_yavos/lib/python3.10/site-packages/torio/_extension/utils.py", line 116, in _find_ffmpeg_extension
    ext = _find_versionsed_ffmpeg_extension(ffmpeg_ver)
  File "/home/ken/YAVOS/venv_yavos/lib/python3.10/site-packages/torio/_extension/utils.py", line 108, in _find_versionsed_ffmpeg_extension
    _load_lib(lib)
  File "/home/ken/YAVOS/venv_yavos/lib/python3.10/site-packages/torio/_extension/utils.py", line 94, in _load_lib
    torch.ops.load_library(path)
  File "/home/ken/YAVOS/venv_yavos/lib/python3.10/site-packages/torch/_ops.py", line 1478, in load_library
    ctypes.CDLL(path)
  File "/usr/lib/python3.10/ctypes/__init__.py", line 374, in __init__
    self._handle = _dlopen(self._name, mode)
OSError: libavutil.so.58: cannot open shared object file: No such file or directory
2025-12-10 16:22:08,550 [DEBUG] - Loading FFmpeg5
2025-12-10 16:22:08,550 [DEBUG] - Failed to load FFmpeg5 extension.
Traceback (most recent call last):
  File "/home/ken/YAVOS/venv_yavos/lib/python3.10/site-packages/torio/_extension/utils.py", line 116, in _find_ffmpeg_extension
    ext = _find_versionsed_ffmpeg_extension(ffmpeg_ver)
  File "/home/ken/YAVOS/venv_yavos/lib/python3.10/site-packages/torio/_extension/utils.py", line 108, in _find_versionsed_ffmpeg_extension
    _load_lib(lib)
  File "/home/ken/YAVOS/venv_yavos/lib/python3.10/site-packages/torio/_extension/utils.py", line 94, in _load_lib
    torch.ops.load_library(path)
  File "/home/ken/YAVOS/venv_yavos/lib/python3.10/site-packages/torch/_ops.py", line 1478, in load_library
    ctypes.CDLL(path)
  File "/usr/lib/python3.10/ctypes/__init__.py", line 374, in __init__
    self._handle = _dlopen(self._name, mode)
OSError: libavutil.so.57: cannot open shared object file: No such file or directory
2025-12-10 16:22:08,550 [DEBUG] - Loading FFmpeg4
2025-12-10 16:22:08,586 [DEBUG] - Successfully loaded FFmpeg4
2025-12-10 16:22:09,002 [INFO] - Websocket connected
2025-12-10 16:22:09,467 [DEBUG] - bytecode dump:
>          0	NOP(arg=None, lineno=1137)
           2	LOAD_FAST(arg=0, lineno=1140)
           4	LOAD_CONST(arg=1, lineno=1140)
           6	BINARY_SUBSCR(arg=None, lineno=1140)
           8	STORE_FAST(arg=3, lineno=1140)
          10	LOAD_FAST(arg=1, lineno=1141)
          12	UNARY_NEGATIVE(arg=None, lineno=1141)
          14	LOAD_FAST(arg=3, lineno=1141)
          16	DUP_TOP(arg=None, lineno=1141)
          18	ROT_THREE(arg=None, lineno=1141)
          20	COMPARE_OP(arg=1, lineno=1141)
          22	POP_JUMP_IF_FALSE(arg=17, lineno=1141)
          24	LOAD_FAST(arg=1, lineno=1141)
          26	COMPARE_OP(arg=1, lineno=1141)
          28	POP_JUMP_IF_FALSE(arg=21, lineno=1141)
          30	JUMP_FORWARD(arg=2, lineno=1141)
>         32	POP_TOP(arg=None, lineno=1141)
          34	JUMP_FORWARD(arg=2, lineno=1141)
>         36	LOAD_CONST(arg=1, lineno=1142)
          38	STORE_FAST(arg=3, lineno=1142)
>         40	LOAD_FAST(arg=0, lineno=1144)
          42	LOAD_CONST(arg=2, lineno=1144)
          44	BINARY_SUBSCR(arg=None, lineno=1144)
          46	STORE_FAST(arg=4, lineno=1144)
          48	LOAD_FAST(arg=1, lineno=1145)
          50	UNARY_NEGATIVE(arg=None, lineno=1145)
          52	LOAD_FAST(arg=4, lineno=1145)
          54	DUP_TOP(arg=None, lineno=1145)
          56	ROT_THREE(arg=None, lineno=1145)
          58	COMPARE_OP(arg=1, lineno=1145)
          60	POP_JUMP_IF_FALSE(arg=36, lineno=1145)
          62	LOAD_FAST(arg=1, lineno=1145)
          64	COMPARE_OP(arg=1, lineno=1145)
          66	POP_JUMP_IF_FALSE(arg=40, lineno=1145)
          68	JUMP_FORWARD(arg=2, lineno=1145)
>         70	POP_TOP(arg=None, lineno=1145)
          72	JUMP_FORWARD(arg=2, lineno=1145)
>         74	LOAD_CONST(arg=1, lineno=1146)
          76	STORE_FAST(arg=4, lineno=1146)
>         78	LOAD_FAST(arg=2, lineno=1148)
          80	POP_JUMP_IF_FALSE(arg=52, lineno=1148)
          82	LOAD_GLOBAL(arg=0, lineno=1149)
          84	LOAD_METHOD(arg=1, lineno=1149)
          86	LOAD_FAST(arg=3, lineno=1149)
          88	CALL_METHOD(arg=1, lineno=1149)
          90	LOAD_GLOBAL(arg=0, lineno=1149)
          92	LOAD_METHOD(arg=1, lineno=1149)
          94	LOAD_FAST(arg=4, lineno=1149)
          96	CALL_METHOD(arg=1, lineno=1149)
          98	COMPARE_OP(arg=3, lineno=1149)
         100	RETURN_VALUE(arg=None, lineno=1149)
>        102	LOAD_GLOBAL(arg=0, lineno=1151)
         104	LOAD_METHOD(arg=2, lineno=1151)
         106	LOAD_FAST(arg=3, lineno=1151)
         108	CALL_METHOD(arg=1, lineno=1151)
         110	LOAD_GLOBAL(arg=0, lineno=1151)
         112	LOAD_METHOD(arg=2, lineno=1151)
         114	LOAD_FAST(arg=4, lineno=1151)
         116	CALL_METHOD(arg=1, lineno=1151)
         118	COMPARE_OP(arg=3, lineno=1151)
         120	RETURN_VALUE(arg=None, lineno=1151)
2025-12-10 16:22:09,467 [DEBUG] - pending: deque([State(pc_initial=0 nstack_initial=0)])
2025-12-10 16:22:09,467 [DEBUG] - stack: []
2025-12-10 16:22:09,467 [DEBUG] - state.pc_initial: State(pc_initial=0 nstack_initial=0)
2025-12-10 16:22:09,467 [DEBUG] - dispatch pc=0, inst=NOP(arg=None, lineno=1137)
2025-12-10 16:22:09,467 [DEBUG] - stack []
2025-12-10 16:22:09,467 [DEBUG] - dispatch pc=2, inst=LOAD_FAST(arg=0, lineno=1140)
2025-12-10 16:22:09,467 [DEBUG] - stack []
2025-12-10 16:22:09,467 [DEBUG] - dispatch pc=4, inst=LOAD_CONST(arg=1, lineno=1140)
2025-12-10 16:22:09,467 [DEBUG] - stack ['$x2.0']
2025-12-10 16:22:09,467 [DEBUG] - dispatch pc=6, inst=BINARY_SUBSCR(arg=None, lineno=1140)
2025-12-10 16:22:09,467 [DEBUG] - stack ['$x2.0', '$const4.1.1']
2025-12-10 16:22:09,468 [DEBUG] - dispatch pc=8, inst=STORE_FAST(arg=3, lineno=1140)
2025-12-10 16:22:09,468 [DEBUG] - stack ['$6binary_subscr.2']
2025-12-10 16:22:09,468 [DEBUG] - dispatch pc=10, inst=LOAD_FAST(arg=1, lineno=1141)
2025-12-10 16:22:09,468 [DEBUG] - stack []
2025-12-10 16:22:09,468 [DEBUG] - dispatch pc=12, inst=UNARY_NEGATIVE(arg=None, lineno=1141)
2025-12-10 16:22:09,468 [DEBUG] - stack ['$threshold10.3']
2025-12-10 16:22:09,468 [DEBUG] - dispatch pc=14, inst=LOAD_FAST(arg=3, lineno=1141)
2025-12-10 16:22:09,468 [DEBUG] - stack ['$12unary_negative.4']
2025-12-10 16:22:09,468 [DEBUG] - dispatch pc=16, inst=DUP_TOP(arg=None, lineno=1141)
2025-12-10 16:22:09,468 [DEBUG] - stack ['$12unary_negative.4', '$x014.5']
2025-12-10 16:22:09,469 [DEBUG] - dispatch pc=18, inst=ROT_THREE(arg=None, lineno=1141)
2025-12-10 16:22:09,469 [DEBUG] - stack ['$12unary_negative.4', '$x014.5', '$16dup_top.6']
2025-12-10 16:22:09,469 [DEBUG] - dispatch pc=20, inst=COMPARE_OP(arg=1, lineno=1141)
2025-12-10 16:22:09,469 [DEBUG] - stack ['$16dup_top.6', '$12unary_negative.4', '$x014.5']
2025-12-10 16:22:09,469 [DEBUG] - dispatch pc=22, inst=POP_JUMP_IF_FALSE(arg=17, lineno=1141)
2025-12-10 16:22:09,469 [DEBUG] - stack ['$16dup_top.6', '$20compare_op.7']
2025-12-10 16:22:09,469 [DEBUG] - end state. edges=[Edge(pc=24, stack=('$16dup_top.6',), blockstack=(), npush=0), Edge(pc=32, stack=('$16dup_top.6',), blockstack=(), npush=0)]
2025-12-10 16:22:09,469 [DEBUG] - pending: deque([State(pc_initial=24 nstack_initial=1), State(pc_initial=32 nstack_initial=1)])
2025-12-10 16:22:09,469 [DEBUG] - stack: ['$phi24.0']
2025-12-10 16:22:09,469 [DEBUG] - state.pc_initial: State(pc_initial=24 nstack_initial=1)
2025-12-10 16:22:09,469 [DEBUG] - dispatch pc=24, inst=LOAD_FAST(arg=1, lineno=1141)
2025-12-10 16:22:09,469 [DEBUG] - stack ['$phi24.0']
2025-12-10 16:22:09,469 [DEBUG] - dispatch pc=26, inst=COMPARE_OP(arg=1, lineno=1141)
2025-12-10 16:22:09,469 [DEBUG] - stack ['$phi24.0', '$threshold24.1']
2025-12-10 16:22:09,469 [DEBUG] - dispatch pc=28, inst=POP_JUMP_IF_FALSE(arg=21, lineno=1141)
2025-12-10 16:22:09,469 [DEBUG] - stack ['$26compare_op.2']
2025-12-10 16:22:09,469 [DEBUG] - end state. edges=[Edge(pc=30, stack=(), blockstack=(), npush=0), Edge(pc=40, stack=(), blockstack=(), npush=0)]
2025-12-10 16:22:09,469 [DEBUG] - pending: deque([State(pc_initial=32 nstack_initial=1), State(pc_initial=30 nstack_initial=0), State(pc_initial=40 nstack_initial=0)])
2025-12-10 16:22:09,469 [DEBUG] - stack: ['$phi32.0']
2025-12-10 16:22:09,469 [DEBUG] - state.pc_initial: State(pc_initial=32 nstack_initial=1)
2025-12-10 16:22:09,469 [DEBUG] - dispatch pc=32, inst=POP_TOP(arg=None, lineno=1141)
2025-12-10 16:22:09,470 [DEBUG] - stack ['$phi32.0']
2025-12-10 16:22:09,470 [DEBUG] - dispatch pc=34, inst=JUMP_FORWARD(arg=2, lineno=1141)
2025-12-10 16:22:09,470 [DEBUG] - stack []
2025-12-10 16:22:09,470 [DEBUG] - end state. edges=[Edge(pc=40, stack=(), blockstack=(), npush=0)]
2025-12-10 16:22:09,470 [DEBUG] - pending: deque([State(pc_initial=30 nstack_initial=0), State(pc_initial=40 nstack_initial=0), State(pc_initial=40 nstack_initial=0)])
2025-12-10 16:22:09,470 [DEBUG] - stack: []
2025-12-10 16:22:09,470 [DEBUG] - state.pc_initial: State(pc_initial=30 nstack_initial=0)
2025-12-10 16:22:09,470 [DEBUG] - dispatch pc=30, inst=JUMP_FORWARD(arg=2, lineno=1141)
2025-12-10 16:22:09,470 [DEBUG] - stack []
2025-12-10 16:22:09,470 [DEBUG] - end state. edges=[Edge(pc=36, stack=(), blockstack=(), npush=0)]
2025-12-10 16:22:09,470 [DEBUG] - pending: deque([State(pc_initial=40 nstack_initial=0), State(pc_initial=40 nstack_initial=0), State(pc_initial=36 nstack_initial=0)])
2025-12-10 16:22:09,470 [DEBUG] - stack: []
2025-12-10 16:22:09,470 [DEBUG] - state.pc_initial: State(pc_initial=40 nstack_initial=0)
2025-12-10 16:22:09,470 [DEBUG] - dispatch pc=40, inst=LOAD_FAST(arg=0, lineno=1144)
2025-12-10 16:22:09,470 [DEBUG] - stack []
2025-12-10 16:22:09,470 [DEBUG] - dispatch pc=42, inst=LOAD_CONST(arg=2, lineno=1144)
2025-12-10 16:22:09,470 [DEBUG] - stack ['$x40.0']
2025-12-10 16:22:09,470 [DEBUG] - dispatch pc=44, inst=BINARY_SUBSCR(arg=None, lineno=1144)
2025-12-10 16:22:09,470 [DEBUG] - stack ['$x40.0', '$const42.1.2']
2025-12-10 16:22:09,470 [DEBUG] - dispatch pc=46, inst=STORE_FAST(arg=4, lineno=1144)
2025-12-10 16:22:09,470 [DEBUG] - stack ['$44binary_subscr.2']
2025-12-10 16:22:09,470 [DEBUG] - dispatch pc=48, inst=LOAD_FAST(arg=1, lineno=1145)
2025-12-10 16:22:09,470 [DEBUG] - stack []
2025-12-10 16:22:09,470 [DEBUG] - dispatch pc=50, inst=UNARY_NEGATIVE(arg=None, lineno=1145)
2025-12-10 16:22:09,470 [DEBUG] - stack ['$threshold48.3']
2025-12-10 16:22:09,470 [DEBUG] - dispatch pc=52, inst=LOAD_FAST(arg=4, lineno=1145)
2025-12-10 16:22:09,470 [DEBUG] - stack ['$50unary_negative.4']
2025-12-10 16:22:09,470 [DEBUG] - dispatch pc=54, inst=DUP_TOP(arg=None, lineno=1145)
2025-12-10 16:22:09,471 [DEBUG] - stack ['$50unary_negative.4', '$x152.5']
2025-12-10 16:22:09,471 [DEBUG] - dispatch pc=56, inst=ROT_THREE(arg=None, lineno=1145)
2025-12-10 16:22:09,471 [DEBUG] - stack ['$50unary_negative.4', '$x152.5', '$54dup_top.6']
2025-12-10 16:22:09,471 [DEBUG] - dispatch pc=58, inst=COMPARE_OP(arg=1, lineno=1145)
2025-12-10 16:22:09,471 [DEBUG] - stack ['$54dup_top.6', '$50unary_negative.4', '$x152.5']
2025-12-10 16:22:09,471 [DEBUG] - dispatch pc=60, inst=POP_JUMP_IF_FALSE(arg=36, lineno=1145)
2025-12-10 16:22:09,471 [DEBUG] - stack ['$54dup_top.6', '$58compare_op.7']
2025-12-10 16:22:09,471 [DEBUG] - end state. edges=[Edge(pc=62, stack=('$54dup_top.6',), blockstack=(), npush=0), Edge(pc=70, stack=('$54dup_top.6',), blockstack=(), npush=0)]
2025-12-10 16:22:09,471 [DEBUG] - pending: deque([State(pc_initial=40 nstack_initial=0), State(pc_initial=36 nstack_initial=0), State(pc_initial=62 nstack_initial=1), State(pc_initial=70 nstack_initial=1)])
2025-12-10 16:22:09,471 [DEBUG] - pending: deque([State(pc_initial=36 nstack_initial=0), State(pc_initial=62 nstack_initial=1), State(pc_initial=70 nstack_initial=1)])
2025-12-10 16:22:09,471 [DEBUG] - stack: []
2025-12-10 16:22:09,471 [DEBUG] - state.pc_initial: State(pc_initial=36 nstack_initial=0)
2025-12-10 16:22:09,471 [DEBUG] - dispatch pc=36, inst=LOAD_CONST(arg=1, lineno=1142)
2025-12-10 16:22:09,471 [DEBUG] - stack []
2025-12-10 16:22:09,471 [DEBUG] - dispatch pc=38, inst=STORE_FAST(arg=3, lineno=1142)
2025-12-10 16:22:09,471 [DEBUG] - stack ['$const36.0.1']
2025-12-10 16:22:09,471 [DEBUG] - end state. edges=[Edge(pc=40, stack=(), blockstack=(), npush=0)]
2025-12-10 16:22:09,471 [DEBUG] - pending: deque([State(pc_initial=62 nstack_initial=1), State(pc_initial=70 nstack_initial=1), State(pc_initial=40 nstack_initial=0)])
2025-12-10 16:22:09,471 [DEBUG] - stack: ['$phi62.0']
2025-12-10 16:22:09,471 [DEBUG] - state.pc_initial: State(pc_initial=62 nstack_initial=1)
2025-12-10 16:22:09,471 [DEBUG] - dispatch pc=62, inst=LOAD_FAST(arg=1, lineno=1145)
2025-12-10 16:22:09,471 [DEBUG] - stack ['$phi62.0']
2025-12-10 16:22:09,471 [DEBUG] - dispatch pc=64, inst=COMPARE_OP(arg=1, lineno=1145)
2025-12-10 16:22:09,471 [DEBUG] - stack ['$phi62.0', '$threshold62.1']
2025-12-10 16:22:09,471 [DEBUG] - dispatch pc=66, inst=POP_JUMP_IF_FALSE(arg=40, lineno=1145)
2025-12-10 16:22:09,471 [DEBUG] - stack ['$64compare_op.2']
2025-12-10 16:22:09,471 [DEBUG] - end state. edges=[Edge(pc=68, stack=(), blockstack=(), npush=0), Edge(pc=78, stack=(), blockstack=(), npush=0)]
2025-12-10 16:22:09,472 [DEBUG] - pending: deque([State(pc_initial=70 nstack_initial=1), State(pc_initial=40 nstack_initial=0), State(pc_initial=68 nstack_initial=0), State(pc_initial=78 nstack_initial=0)])
2025-12-10 16:22:09,472 [DEBUG] - stack: ['$phi70.0']
2025-12-10 16:22:09,472 [DEBUG] - state.pc_initial: State(pc_initial=70 nstack_initial=1)
2025-12-10 16:22:09,472 [DEBUG] - dispatch pc=70, inst=POP_TOP(arg=None, lineno=1145)
2025-12-10 16:22:09,472 [DEBUG] - stack ['$phi70.0']
2025-12-10 16:22:09,472 [DEBUG] - dispatch pc=72, inst=JUMP_FORWARD(arg=2, lineno=1145)
2025-12-10 16:22:09,472 [DEBUG] - stack []
2025-12-10 16:22:09,472 [DEBUG] - end state. edges=[Edge(pc=78, stack=(), blockstack=(), npush=0)]
2025-12-10 16:22:09,472 [DEBUG] - pending: deque([State(pc_initial=40 nstack_initial=0), State(pc_initial=68 nstack_initial=0), State(pc_initial=78 nstack_initial=0), State(pc_initial=78 nstack_initial=0)])
2025-12-10 16:22:09,472 [DEBUG] - pending: deque([State(pc_initial=68 nstack_initial=0), State(pc_initial=78 nstack_initial=0), State(pc_initial=78 nstack_initial=0)])
2025-12-10 16:22:09,472 [DEBUG] - stack: []
2025-12-10 16:22:09,472 [DEBUG] - state.pc_initial: State(pc_initial=68 nstack_initial=0)
2025-12-10 16:22:09,472 [DEBUG] - dispatch pc=68, inst=JUMP_FORWARD(arg=2, lineno=1145)
2025-12-10 16:22:09,472 [DEBUG] - stack []
2025-12-10 16:22:09,472 [DEBUG] - end state. edges=[Edge(pc=74, stack=(), blockstack=(), npush=0)]
2025-12-10 16:22:09,472 [DEBUG] - pending: deque([State(pc_initial=78 nstack_initial=0), State(pc_initial=78 nstack_initial=0), State(pc_initial=74 nstack_initial=0)])
2025-12-10 16:22:09,472 [DEBUG] - stack: []
2025-12-10 16:22:09,472 [DEBUG] - state.pc_initial: State(pc_initial=78 nstack_initial=0)
2025-12-10 16:22:09,472 [DEBUG] - dispatch pc=78, inst=LOAD_FAST(arg=2, lineno=1148)
2025-12-10 16:22:09,472 [DEBUG] - stack []
2025-12-10 16:22:09,472 [DEBUG] - dispatch pc=80, inst=POP_JUMP_IF_FALSE(arg=52, lineno=1148)
2025-12-10 16:22:09,472 [DEBUG] - stack ['$zero_pos78.0']
2025-12-10 16:22:09,472 [DEBUG] - end state. edges=[Edge(pc=82, stack=(), blockstack=(), npush=0), Edge(pc=102, stack=(), blockstack=(), npush=0)]
2025-12-10 16:22:09,472 [DEBUG] - pending: deque([State(pc_initial=78 nstack_initial=0), State(pc_initial=74 nstack_initial=0), State(pc_initial=82 nstack_initial=0), State(pc_initial=102 nstack_initial=0)])
2025-12-10 16:22:09,472 [DEBUG] - pending: deque([State(pc_initial=74 nstack_initial=0), State(pc_initial=82 nstack_initial=0), State(pc_initial=102 nstack_initial=0)])
2025-12-10 16:22:09,472 [DEBUG] - stack: []
2025-12-10 16:22:09,472 [DEBUG] - state.pc_initial: State(pc_initial=74 nstack_initial=0)
2025-12-10 16:22:09,472 [DEBUG] - dispatch pc=74, inst=LOAD_CONST(arg=1, lineno=1146)
2025-12-10 16:22:09,473 [DEBUG] - stack []
2025-12-10 16:22:09,473 [DEBUG] - dispatch pc=76, inst=STORE_FAST(arg=4, lineno=1146)
2025-12-10 16:22:09,473 [DEBUG] - stack ['$const74.0.1']
2025-12-10 16:22:09,473 [DEBUG] - end state. edges=[Edge(pc=78, stack=(), blockstack=(), npush=0)]
2025-12-10 16:22:09,473 [DEBUG] - pending: deque([State(pc_initial=82 nstack_initial=0), State(pc_initial=102 nstack_initial=0), State(pc_initial=78 nstack_initial=0)])
2025-12-10 16:22:09,473 [DEBUG] - stack: []
2025-12-10 16:22:09,473 [DEBUG] - state.pc_initial: State(pc_initial=82 nstack_initial=0)
2025-12-10 16:22:09,473 [DEBUG] - dispatch pc=82, inst=LOAD_GLOBAL(arg=0, lineno=1149)
2025-12-10 16:22:09,473 [DEBUG] - stack []
2025-12-10 16:22:09,473 [DEBUG] - dispatch pc=84, inst=LOAD_METHOD(arg=1, lineno=1149)
2025-12-10 16:22:09,473 [DEBUG] - stack ['$82load_global.0']
2025-12-10 16:22:09,473 [DEBUG] - dispatch pc=86, inst=LOAD_FAST(arg=3, lineno=1149)
2025-12-10 16:22:09,473 [DEBUG] - stack ['$84load_method.1']
2025-12-10 16:22:09,473 [DEBUG] - dispatch pc=88, inst=CALL_METHOD(arg=1, lineno=1149)
2025-12-10 16:22:09,473 [DEBUG] - stack ['$84load_method.1', '$x086.2']
2025-12-10 16:22:09,473 [DEBUG] - dispatch pc=90, inst=LOAD_GLOBAL(arg=0, lineno=1149)
2025-12-10 16:22:09,473 [DEBUG] - stack ['$88call_method.3']
2025-12-10 16:22:09,473 [DEBUG] - dispatch pc=92, inst=LOAD_METHOD(arg=1, lineno=1149)
2025-12-10 16:22:09,473 [DEBUG] - stack ['$88call_method.3', '$90load_global.4']
2025-12-10 16:22:09,473 [DEBUG] - dispatch pc=94, inst=LOAD_FAST(arg=4, lineno=1149)
2025-12-10 16:22:09,473 [DEBUG] - stack ['$88call_method.3', '$92load_method.5']
2025-12-10 16:22:09,473 [DEBUG] - dispatch pc=96, inst=CALL_METHOD(arg=1, lineno=1149)
2025-12-10 16:22:09,473 [DEBUG] - stack ['$88call_method.3', '$92load_method.5', '$x194.6']
2025-12-10 16:22:09,473 [DEBUG] - dispatch pc=98, inst=COMPARE_OP(arg=3, lineno=1149)
2025-12-10 16:22:09,473 [DEBUG] - stack ['$88call_method.3', '$96call_method.7']
2025-12-10 16:22:09,473 [DEBUG] - dispatch pc=100, inst=RETURN_VALUE(arg=None, lineno=1149)
2025-12-10 16:22:09,473 [DEBUG] - stack ['$98compare_op.8']
2025-12-10 16:22:09,473 [DEBUG] - end state. edges=[]
2025-12-10 16:22:09,474 [DEBUG] - pending: deque([State(pc_initial=102 nstack_initial=0), State(pc_initial=78 nstack_initial=0)])
2025-12-10 16:22:09,474 [DEBUG] - stack: []
2025-12-10 16:22:09,474 [DEBUG] - state.pc_initial: State(pc_initial=102 nstack_initial=0)
2025-12-10 16:22:09,474 [DEBUG] - dispatch pc=102, inst=LOAD_GLOBAL(arg=0, lineno=1151)
2025-12-10 16:22:09,474 [DEBUG] - stack []
2025-12-10 16:22:09,474 [DEBUG] - dispatch pc=104, inst=LOAD_METHOD(arg=2, lineno=1151)
2025-12-10 16:22:09,474 [DEBUG] - stack ['$102load_global.0']
2025-12-10 16:22:09,474 [DEBUG] - dispatch pc=106, inst=LOAD_FAST(arg=3, lineno=1151)
2025-12-10 16:22:09,474 [DEBUG] - stack ['$104load_method.1']
2025-12-10 16:22:09,474 [DEBUG] - dispatch pc=108, inst=CALL_METHOD(arg=1, lineno=1151)
2025-12-10 16:22:09,474 [DEBUG] - stack ['$104load_method.1', '$x0106.2']
2025-12-10 16:22:09,474 [DEBUG] - dispatch pc=110, inst=LOAD_GLOBAL(arg=0, lineno=1151)
2025-12-10 16:22:09,474 [DEBUG] - stack ['$108call_method.3']
2025-12-10 16:22:09,474 [DEBUG] - dispatch pc=112, inst=LOAD_METHOD(arg=2, lineno=1151)
2025-12-10 16:22:09,474 [DEBUG] - stack ['$108call_method.3', '$110load_global.4']
2025-12-10 16:22:09,474 [DEBUG] - dispatch pc=114, inst=LOAD_FAST(arg=4, lineno=1151)
2025-12-10 16:22:09,474 [DEBUG] - stack ['$108call_method.3', '$112load_method.5']
2025-12-10 16:22:09,474 [DEBUG] - dispatch pc=116, inst=CALL_METHOD(arg=1, lineno=1151)
2025-12-10 16:22:09,474 [DEBUG] - stack ['$108call_method.3', '$112load_method.5', '$x1114.6']
2025-12-10 16:22:09,474 [DEBUG] - dispatch pc=118, inst=COMPARE_OP(arg=3, lineno=1151)
2025-12-10 16:22:09,474 [DEBUG] - stack ['$108call_method.3', '$116call_method.7']
2025-12-10 16:22:09,474 [DEBUG] - dispatch pc=120, inst=RETURN_VALUE(arg=None, lineno=1151)
2025-12-10 16:22:09,474 [DEBUG] - stack ['$118compare_op.8']
2025-12-10 16:22:09,474 [DEBUG] - end state. edges=[]
2025-12-10 16:22:09,474 [DEBUG] - pending: deque([State(pc_initial=78 nstack_initial=0)])
2025-12-10 16:22:09,474 [DEBUG] - -------------------------Prune PHIs-------------------------
2025-12-10 16:22:09,475 [DEBUG] - Used_phis: defaultdict(<class 'set'>,
            {State(pc_initial=0 nstack_initial=0): set(),
             State(pc_initial=24 nstack_initial=1): {'$phi24.0'},
             State(pc_initial=30 nstack_initial=0): set(),
             State(pc_initial=32 nstack_initial=1): set(),
             State(pc_initial=36 nstack_initial=0): set(),
             State(pc_initial=40 nstack_initial=0): set(),
             State(pc_initial=62 nstack_initial=1): {'$phi62.0'},
             State(pc_initial=68 nstack_initial=0): set(),
             State(pc_initial=70 nstack_initial=1): set(),
             State(pc_initial=74 nstack_initial=0): set(),
             State(pc_initial=78 nstack_initial=0): set(),
             State(pc_initial=82 nstack_initial=0): set(),
             State(pc_initial=102 nstack_initial=0): set()})
2025-12-10 16:22:09,475 [DEBUG] - defmap: {'$phi24.0': State(pc_initial=0 nstack_initial=0),
 '$phi32.0': State(pc_initial=0 nstack_initial=0),
 '$phi62.0': State(pc_initial=40 nstack_initial=0),
 '$phi70.0': State(pc_initial=40 nstack_initial=0)}
2025-12-10 16:22:09,475 [DEBUG] - phismap: defaultdict(<class 'set'>,
            {'$phi24.0': {('$16dup_top.6',
                           State(pc_initial=0 nstack_initial=0))},
             '$phi32.0': {('$16dup_top.6',
                           State(pc_initial=0 nstack_initial=0))},
             '$phi62.0': {('$54dup_top.6',
                           State(pc_initial=40 nstack_initial=0))},
             '$phi70.0': {('$54dup_top.6',
                           State(pc_initial=40 nstack_initial=0))}})
2025-12-10 16:22:09,475 [DEBUG] - changing phismap: defaultdict(<class 'set'>,
            {'$phi24.0': {('$16dup_top.6',
                           State(pc_initial=0 nstack_initial=0))},
             '$phi32.0': {('$16dup_top.6',
                           State(pc_initial=0 nstack_initial=0))},
             '$phi62.0': {('$54dup_top.6',
                           State(pc_initial=40 nstack_initial=0))},
             '$phi70.0': {('$54dup_top.6',
                           State(pc_initial=40 nstack_initial=0))}})
2025-12-10 16:22:09,475 [DEBUG] - keep phismap: {'$phi24.0': {('$16dup_top.6', State(pc_initial=0 nstack_initial=0))},
 '$phi62.0': {('$54dup_top.6', State(pc_initial=40 nstack_initial=0))}}
2025-12-10 16:22:09,475 [DEBUG] - new_out: defaultdict(<class 'dict'>,
            {State(pc_initial=0 nstack_initial=0): {'$phi24.0': '$16dup_top.6'},
             State(pc_initial=40 nstack_initial=0): {'$phi62.0': '$54dup_top.6'}})
2025-12-10 16:22:09,475 [DEBUG] - ----------------------DONE Prune PHIs-----------------------
2025-12-10 16:22:09,475 [DEBUG] - block_infos State(pc_initial=0 nstack_initial=0):
AdaptBlockInfo(insts=((0, {}), (2, {'res': '$x2.0'}), (4, {'res': '$const4.1.1'}), (6, {'index': '$const4.1.1', 'target': '$x2.0', 'res': '$6binary_subscr.2'}), (8, {'value': '$6binary_subscr.2'}), (10, {'res': '$threshold10.3'}), (12, {'value': '$threshold10.3', 'res': '$12unary_negative.4'}), (14, {'res': '$x014.5'}), (16, {'orig': ['$x014.5'], 'duped': ['$16dup_top.6']}), (20, {'lhs': '$12unary_negative.4', 'rhs': '$x014.5', 'res': '$20compare_op.7'}), (22, {'pred': '$20compare_op.7'})), outgoing_phis={'$phi24.0': '$16dup_top.6'}, blockstack=(), active_try_block=None, outgoing_edgepushed={24: ('$16dup_top.6',), 32: ('$16dup_top.6',)})
2025-12-10 16:22:09,475 [DEBUG] - block_infos State(pc_initial=24 nstack_initial=1):
AdaptBlockInfo(insts=((24, {'res': '$threshold24.1'}), (26, {'lhs': '$phi24.0', 'rhs': '$threshold24.1', 'res': '$26compare_op.2'}), (28, {'pred': '$26compare_op.2'})), outgoing_phis={}, blockstack=(), active_try_block=None, outgoing_edgepushed={30: (), 40: ()})
2025-12-10 16:22:09,475 [DEBUG] - block_infos State(pc_initial=30 nstack_initial=0):
AdaptBlockInfo(insts=((30, {}),), outgoing_phis={}, blockstack=(), active_try_block=None, outgoing_edgepushed={36: ()})
2025-12-10 16:22:09,475 [DEBUG] - block_infos State(pc_initial=32 nstack_initial=1):
AdaptBlockInfo(insts=((34, {}),), outgoing_phis={}, blockstack=(), active_try_block=None, outgoing_edgepushed={40: ()})
2025-12-10 16:22:09,476 [DEBUG] - block_infos State(pc_initial=36 nstack_initial=0):
AdaptBlockInfo(insts=((36, {'res': '$const36.0.1'}), (38, {'value': '$const36.0.1'})), outgoing_phis={}, blockstack=(), active_try_block=None, outgoing_edgepushed={40: ()})
2025-12-10 16:22:09,476 [DEBUG] - block_infos State(pc_initial=40 nstack_initial=0):
AdaptBlockInfo(insts=((40, {'res': '$x40.0'}), (42, {'res': '$const42.1.2'}), (44, {'index': '$const42.1.2', 'target': '$x40.0', 'res': '$44binary_subscr.2'}), (46, {'value': '$44binary_subscr.2'}), (48, {'res': '$threshold48.3'}), (50, {'value': '$threshold48.3', 'res': '$50unary_negative.4'}), (52, {'res': '$x152.5'}), (54, {'orig': ['$x152.5'], 'duped': ['$54dup_top.6']}), (58, {'lhs': '$50unary_negative.4', 'rhs': '$x152.5', 'res': '$58compare_op.7'}), (60, {'pred': '$58compare_op.7'})), outgoing_phis={'$phi62.0': '$54dup_top.6'}, blockstack=(), active_try_block=None, outgoing_edgepushed={62: ('$54dup_top.6',), 70: ('$54dup_top.6',)})
2025-12-10 16:22:09,476 [DEBUG] - block_infos State(pc_initial=62 nstack_initial=1):
AdaptBlockInfo(insts=((62, {'res': '$threshold62.1'}), (64, {'lhs': '$phi62.0', 'rhs': '$threshold62.1', 'res': '$64compare_op.2'}), (66, {'pred': '$64compare_op.2'})), outgoing_phis={}, blockstack=(), active_try_block=None, outgoing_edgepushed={68: (), 78: ()})
2025-12-10 16:22:09,476 [DEBUG] - block_infos State(pc_initial=68 nstack_initial=0):
AdaptBlockInfo(insts=((68, {}),), outgoing_phis={}, blockstack=(), active_try_block=None, outgoing_edgepushed={74: ()})
2025-12-10 16:22:09,476 [DEBUG] - block_infos State(pc_initial=70 nstack_initial=1):
AdaptBlockInfo(insts=((72, {}),), outgoing_phis={}, blockstack=(), active_try_block=None, outgoing_edgepushed={78: ()})
2025-12-10 16:22:09,476 [DEBUG] - block_infos State(pc_initial=74 nstack_initial=0):
AdaptBlockInfo(insts=((74, {'res': '$const74.0.1'}), (76, {'value': '$const74.0.1'})), outgoing_phis={}, blockstack=(), active_try_block=None, outgoing_edgepushed={78: ()})
2025-12-10 16:22:09,476 [DEBUG] - block_infos State(pc_initial=78 nstack_initial=0):
AdaptBlockInfo(insts=((78, {'res': '$zero_pos78.0'}), (80, {'pred': '$zero_pos78.0'})), outgoing_phis={}, blockstack=(), active_try_block=None, outgoing_edgepushed={82: (), 102: ()})
2025-12-10 16:22:09,476 [DEBUG] - block_infos State(pc_initial=82 nstack_initial=0):
AdaptBlockInfo(insts=((82, {'res': '$82load_global.0'}), (84, {'item': '$82load_global.0', 'res': '$84load_method.1'}), (86, {'res': '$x086.2'}), (88, {'func': '$84load_method.1', 'args': ['$x086.2'], 'res': '$88call_method.3'}), (90, {'res': '$90load_global.4'}), (92, {'item': '$90load_global.4', 'res': '$92load_method.5'}), (94, {'res': '$x194.6'}), (96, {'func': '$92load_method.5', 'args': ['$x194.6'], 'res': '$96call_method.7'}), (98, {'lhs': '$88call_method.3', 'rhs': '$96call_method.7', 'res': '$98compare_op.8'}), (100, {'retval': '$98compare_op.8', 'castval': '$100return_value.9'})), outgoing_phis={}, blockstack=(), active_try_block=None, outgoing_edgepushed={})
2025-12-10 16:22:09,476 [DEBUG] - block_infos State(pc_initial=102 nstack_initial=0):
AdaptBlockInfo(insts=((102, {'res': '$102load_global.0'}), (104, {'item': '$102load_global.0', 'res': '$104load_method.1'}), (106, {'res': '$x0106.2'}), (108, {'func': '$104load_method.1', 'args': ['$x0106.2'], 'res': '$108call_method.3'}), (110, {'res': '$110load_global.4'}), (112, {'item': '$110load_global.4', 'res': '$112load_method.5'}), (114, {'res': '$x1114.6'}), (116, {'func': '$112load_method.5', 'args': ['$x1114.6'], 'res': '$116call_method.7'}), (118, {'lhs': '$108call_method.3', 'rhs': '$116call_method.7', 'res': '$118compare_op.8'}), (120, {'retval': '$118compare_op.8', 'castval': '$120return_value.9'})), outgoing_phis={}, blockstack=(), active_try_block=None, outgoing_edgepushed={})
2025-12-10 16:22:09,477 [DEBUG] - label 0:
    x = arg(0, name=x)                       ['x']
    threshold = arg(1, name=threshold)       ['threshold']
    zero_pos = arg(2, name=zero_pos)         ['zero_pos']
    $const4.1.1 = const(int, 0)              ['$const4.1.1']
    x0 = getitem(value=x, index=$const4.1.1, fn=<built-in function getitem>) ['$const4.1.1', 'x', 'x0']
    $12unary_negative.4 = unary(fn=<built-in function neg>, value=threshold) ['$12unary_negative.4', 'threshold']
    $20compare_op.7 = $12unary_negative.4 <= x0 ['$12unary_negative.4', '$20compare_op.7', 'x0']
    $bool22 = global(bool: <class 'bool'>)   ['$bool22']
    $22pred = call $bool22($20compare_op.7, func=$bool22, args=(Var($20compare_op.7, audio.py:1141),), kws=(), vararg=None, varkwarg=None, target=None) ['$20compare_op.7', '$22pred', '$bool22']
    $phi24.0 = x0                            ['$phi24.0', 'x0']
    branch $22pred, 24, 32                   ['$22pred']
label 24:
    $26compare_op.2 = $phi24.0 <= threshold  ['$26compare_op.2', '$phi24.0', 'threshold']
    $bool28 = global(bool: <class 'bool'>)   ['$bool28']
    $28pred = call $bool28($26compare_op.2, func=$bool28, args=(Var($26compare_op.2, audio.py:1141),), kws=(), vararg=None, varkwarg=None, target=None) ['$26compare_op.2', '$28pred', '$bool28']
    branch $28pred, 30, 40                   ['$28pred']
label 30:
    jump 36                                  []
label 32:
    jump 40                                  []
label 36:
    x0 = const(int, 0)                       ['x0']
    jump 40                                  []
label 40:
    $const42.1.2 = const(int, -1)            ['$const42.1.2']
    x1 = getitem(value=x, index=$const42.1.2, fn=<built-in function getitem>) ['$const42.1.2', 'x', 'x1']
    $50unary_negative.4 = unary(fn=<built-in function neg>, value=threshold) ['$50unary_negative.4', 'threshold']
    $58compare_op.7 = $50unary_negative.4 <= x1 ['$50unary_negative.4', '$58compare_op.7', 'x1']
    $bool60 = global(bool: <class 'bool'>)   ['$bool60']
    $60pred = call $bool60($58compare_op.7, func=$bool60, args=(Var($58compare_op.7, audio.py:1145),), kws=(), vararg=None, varkwarg=None, target=None) ['$58compare_op.7', '$60pred', '$bool60']
    $phi62.0 = x1                            ['$phi62.0', 'x1']
    branch $60pred, 62, 70                   ['$60pred']
label 62:
    $64compare_op.2 = $phi62.0 <= threshold  ['$64compare_op.2', '$phi62.0', 'threshold']
    $bool66 = global(bool: <class 'bool'>)   ['$bool66']
    $66pred = call $bool66($64compare_op.2, func=$bool66, args=(Var($64compare_op.2, audio.py:1145),), kws=(), vararg=None, varkwarg=None, target=None) ['$64compare_op.2', '$66pred', '$bool66']
    branch $66pred, 68, 78                   ['$66pred']
label 68:
    jump 74                                  []
label 70:
    jump 78                                  []
label 74:
    x1 = const(int, 0)                       ['x1']
    jump 78                                  []
label 78:
    $bool80 = global(bool: <class 'bool'>)   ['$bool80']
    $80pred = call $bool80(zero_pos, func=$bool80, args=(Var(zero_pos, audio.py:1137),), kws=(), vararg=None, varkwarg=None, target=None) ['$80pred', '$bool80', 'zero_pos']
    branch $80pred, 82, 102                  ['$80pred']
label 82:
    $82load_global.0 = global(np: <module 'numpy' from '/home/ken/YAVOS/venv_yavos/lib/python3.10/site-packages/numpy/__init__.py'>) ['$82load_global.0']
    $84load_method.1 = getattr(value=$82load_global.0, attr=signbit) ['$82load_global.0', '$84load_method.1']
    $88call_method.3 = call $84load_method.1(x0, func=$84load_method.1, args=[Var(x0, audio.py:1140)], kws=(), vararg=None, varkwarg=None, target=None) ['$84load_method.1', '$88call_method.3', 'x0']
    $90load_global.4 = global(np: <module 'numpy' from '/home/ken/YAVOS/venv_yavos/lib/python3.10/site-packages/numpy/__init__.py'>) ['$90load_global.4']
    $92load_method.5 = getattr(value=$90load_global.4, attr=signbit) ['$90load_global.4', '$92load_method.5']
    $96call_method.7 = call $92load_method.5(x1, func=$92load_method.5, args=[Var(x1, audio.py:1144)], kws=(), vararg=None, varkwarg=None, target=None) ['$92load_method.5', '$96call_method.7', 'x1']
    $98compare_op.8 = $88call_method.3 != $96call_method.7 ['$88call_method.3', '$96call_method.7', '$98compare_op.8']
    $100return_value.9 = cast(value=$98compare_op.8) ['$100return_value.9', '$98compare_op.8']
    return $100return_value.9                ['$100return_value.9']
label 102:
    $102load_global.0 = global(np: <module 'numpy' from '/home/ken/YAVOS/venv_yavos/lib/python3.10/site-packages/numpy/__init__.py'>) ['$102load_global.0']
    $104load_method.1 = getattr(value=$102load_global.0, attr=sign) ['$102load_global.0', '$104load_method.1']
    $108call_method.3 = call $104load_method.1(x0, func=$104load_method.1, args=[Var(x0, audio.py:1140)], kws=(), vararg=None, varkwarg=None, target=None) ['$104load_method.1', '$108call_method.3', 'x0']
    $110load_global.4 = global(np: <module 'numpy' from '/home/ken/YAVOS/venv_yavos/lib/python3.10/site-packages/numpy/__init__.py'>) ['$110load_global.4']
    $112load_method.5 = getattr(value=$110load_global.4, attr=sign) ['$110load_global.4', '$112load_method.5']
    $116call_method.7 = call $112load_method.5(x1, func=$112load_method.5, args=[Var(x1, audio.py:1144)], kws=(), vararg=None, varkwarg=None, target=None) ['$112load_method.5', '$116call_method.7', 'x1']
    $118compare_op.8 = $108call_method.3 != $116call_method.7 ['$108call_method.3', '$116call_method.7', '$118compare_op.8']
    $120return_value.9 = cast(value=$118compare_op.8) ['$118compare_op.8', '$120return_value.9']
    return $120return_value.9                ['$120return_value.9']

2025-12-10 16:22:09,685 [DEBUG] - bytecode dump:
>          0	NOP(arg=None, lineno=1023)
           2	LOAD_FAST(arg=0, lineno=1026)
           4	LOAD_CONST(arg=1, lineno=1026)
           6	BINARY_SUBSCR(arg=None, lineno=1026)
           8	LOAD_FAST(arg=0, lineno=1026)
          10	LOAD_CONST(arg=2, lineno=1026)
          12	BINARY_SUBSCR(arg=None, lineno=1026)
          14	COMPARE_OP(arg=4, lineno=1026)
          16	LOAD_FAST(arg=0, lineno=1026)
          18	LOAD_CONST(arg=1, lineno=1026)
          20	BINARY_SUBSCR(arg=None, lineno=1026)
          22	LOAD_FAST(arg=0, lineno=1026)
          24	LOAD_CONST(arg=3, lineno=1026)
          26	BINARY_SUBSCR(arg=None, lineno=1026)
          28	COMPARE_OP(arg=5, lineno=1026)
          30	BINARY_AND(arg=None, lineno=1026)
          32	RETURN_VALUE(arg=None, lineno=1026)
2025-12-10 16:22:09,686 [DEBUG] - pending: deque([State(pc_initial=0 nstack_initial=0)])
2025-12-10 16:22:09,686 [DEBUG] - stack: []
2025-12-10 16:22:09,686 [DEBUG] - state.pc_initial: State(pc_initial=0 nstack_initial=0)
2025-12-10 16:22:09,686 [DEBUG] - dispatch pc=0, inst=NOP(arg=None, lineno=1023)
2025-12-10 16:22:09,686 [DEBUG] - stack []
2025-12-10 16:22:09,686 [DEBUG] - dispatch pc=2, inst=LOAD_FAST(arg=0, lineno=1026)
2025-12-10 16:22:09,686 [DEBUG] - stack []
2025-12-10 16:22:09,686 [DEBUG] - dispatch pc=4, inst=LOAD_CONST(arg=1, lineno=1026)
2025-12-10 16:22:09,686 [DEBUG] - stack ['$x2.0']
2025-12-10 16:22:09,686 [DEBUG] - dispatch pc=6, inst=BINARY_SUBSCR(arg=None, lineno=1026)
2025-12-10 16:22:09,686 [DEBUG] - stack ['$x2.0', '$const4.1.1']
2025-12-10 16:22:09,686 [DEBUG] - dispatch pc=8, inst=LOAD_FAST(arg=0, lineno=1026)
2025-12-10 16:22:09,686 [DEBUG] - stack ['$6binary_subscr.2']
2025-12-10 16:22:09,686 [DEBUG] - dispatch pc=10, inst=LOAD_CONST(arg=2, lineno=1026)
2025-12-10 16:22:09,686 [DEBUG] - stack ['$6binary_subscr.2', '$x8.3']
2025-12-10 16:22:09,686 [DEBUG] - dispatch pc=12, inst=BINARY_SUBSCR(arg=None, lineno=1026)
2025-12-10 16:22:09,686 [DEBUG] - stack ['$6binary_subscr.2', '$x8.3', '$const10.4.2']
2025-12-10 16:22:09,686 [DEBUG] - dispatch pc=14, inst=COMPARE_OP(arg=4, lineno=1026)
2025-12-10 16:22:09,686 [DEBUG] - stack ['$6binary_subscr.2', '$12binary_subscr.5']
2025-12-10 16:22:09,686 [DEBUG] - dispatch pc=16, inst=LOAD_FAST(arg=0, lineno=1026)
2025-12-10 16:22:09,686 [DEBUG] - stack ['$14compare_op.6']
2025-12-10 16:22:09,686 [DEBUG] - dispatch pc=18, inst=LOAD_CONST(arg=1, lineno=1026)
2025-12-10 16:22:09,686 [DEBUG] - stack ['$14compare_op.6', '$x16.7']
2025-12-10 16:22:09,686 [DEBUG] - dispatch pc=20, inst=BINARY_SUBSCR(arg=None, lineno=1026)
2025-12-10 16:22:09,686 [DEBUG] - stack ['$14compare_op.6', '$x16.7', '$const18.8.1']
2025-12-10 16:22:09,686 [DEBUG] - dispatch pc=22, inst=LOAD_FAST(arg=0, lineno=1026)
2025-12-10 16:22:09,687 [DEBUG] - stack ['$14compare_op.6', '$20binary_subscr.9']
2025-12-10 16:22:09,687 [DEBUG] - dispatch pc=24, inst=LOAD_CONST(arg=3, lineno=1026)
2025-12-10 16:22:09,687 [DEBUG] - stack ['$14compare_op.6', '$20binary_subscr.9', '$x22.10']
2025-12-10 16:22:09,687 [DEBUG] - dispatch pc=26, inst=BINARY_SUBSCR(arg=None, lineno=1026)
2025-12-10 16:22:09,687 [DEBUG] - stack ['$14compare_op.6', '$20binary_subscr.9', '$x22.10', '$const24.11.3']
2025-12-10 16:22:09,687 [DEBUG] - dispatch pc=28, inst=COMPARE_OP(arg=5, lineno=1026)
2025-12-10 16:22:09,687 [DEBUG] - stack ['$14compare_op.6', '$20binary_subscr.9', '$26binary_subscr.12']
2025-12-10 16:22:09,687 [DEBUG] - dispatch pc=30, inst=BINARY_AND(arg=None, lineno=1026)
2025-12-10 16:22:09,687 [DEBUG] - stack ['$14compare_op.6', '$28compare_op.13']
2025-12-10 16:22:09,687 [DEBUG] - dispatch pc=32, inst=RETURN_VALUE(arg=None, lineno=1026)
2025-12-10 16:22:09,687 [DEBUG] - stack ['$30binary_and.14']
2025-12-10 16:22:09,687 [DEBUG] - end state. edges=[]
2025-12-10 16:22:09,687 [DEBUG] - -------------------------Prune PHIs-------------------------
2025-12-10 16:22:09,687 [DEBUG] - Used_phis: defaultdict(<class 'set'>, {State(pc_initial=0 nstack_initial=0): set()})
2025-12-10 16:22:09,687 [DEBUG] - defmap: {}
2025-12-10 16:22:09,687 [DEBUG] - phismap: defaultdict(<class 'set'>, {})
2025-12-10 16:22:09,687 [DEBUG] - changing phismap: defaultdict(<class 'set'>, {})
2025-12-10 16:22:09,687 [DEBUG] - keep phismap: {}
2025-12-10 16:22:09,687 [DEBUG] - new_out: defaultdict(<class 'dict'>, {})
2025-12-10 16:22:09,687 [DEBUG] - ----------------------DONE Prune PHIs-----------------------
2025-12-10 16:22:09,687 [DEBUG] - block_infos State(pc_initial=0 nstack_initial=0):
AdaptBlockInfo(insts=((0, {}), (2, {'res': '$x2.0'}), (4, {'res': '$const4.1.1'}), (6, {'index': '$const4.1.1', 'target': '$x2.0', 'res': '$6binary_subscr.2'}), (8, {'res': '$x8.3'}), (10, {'res': '$const10.4.2'}), (12, {'index': '$const10.4.2', 'target': '$x8.3', 'res': '$12binary_subscr.5'}), (14, {'lhs': '$6binary_subscr.2', 'rhs': '$12binary_subscr.5', 'res': '$14compare_op.6'}), (16, {'res': '$x16.7'}), (18, {'res': '$const18.8.1'}), (20, {'index': '$const18.8.1', 'target': '$x16.7', 'res': '$20binary_subscr.9'}), (22, {'res': '$x22.10'}), (24, {'res': '$const24.11.3'}), (26, {'index': '$const24.11.3', 'target': '$x22.10', 'res': '$26binary_subscr.12'}), (28, {'lhs': '$20binary_subscr.9', 'rhs': '$26binary_subscr.12', 'res': '$28compare_op.13'}), (30, {'lhs': '$14compare_op.6', 'rhs': '$28compare_op.13', 'res': '$30binary_and.14'}), (32, {'retval': '$30binary_and.14', 'castval': '$32return_value.15'})), outgoing_phis={}, blockstack=(), active_try_block=None, outgoing_edgepushed={})
2025-12-10 16:22:09,688 [DEBUG] - label 0:
    x = arg(0, name=x)                       ['x']
    $const4.1.1 = const(int, 0)              ['$const4.1.1']
    $6binary_subscr.2 = getitem(value=x, index=$const4.1.1, fn=<built-in function getitem>) ['$6binary_subscr.2', '$const4.1.1', 'x']
    $const10.4.2 = const(int, -1)            ['$const10.4.2']
    $12binary_subscr.5 = getitem(value=x, index=$const10.4.2, fn=<built-in function getitem>) ['$12binary_subscr.5', '$const10.4.2', 'x']
    $14compare_op.6 = $6binary_subscr.2 > $12binary_subscr.5 ['$12binary_subscr.5', '$14compare_op.6', '$6binary_subscr.2']
    $const18.8.1 = const(int, 0)             ['$const18.8.1']
    $20binary_subscr.9 = getitem(value=x, index=$const18.8.1, fn=<built-in function getitem>) ['$20binary_subscr.9', '$const18.8.1', 'x']
    $const24.11.3 = const(int, 1)            ['$const24.11.3']
    $26binary_subscr.12 = getitem(value=x, index=$const24.11.3, fn=<built-in function getitem>) ['$26binary_subscr.12', '$const24.11.3', 'x']
    $28compare_op.13 = $20binary_subscr.9 >= $26binary_subscr.12 ['$20binary_subscr.9', '$26binary_subscr.12', '$28compare_op.13']
    $30binary_and.14 = $14compare_op.6 & $28compare_op.13 ['$14compare_op.6', '$28compare_op.13', '$30binary_and.14']
    $32return_value.15 = cast(value=$30binary_and.14) ['$30binary_and.14', '$32return_value.15']
    return $32return_value.15                ['$32return_value.15']

2025-12-10 16:22:09,688 [DEBUG] - bytecode dump:
>          0	NOP(arg=None, lineno=1029)
           2	LOAD_FAST(arg=0, lineno=1032)
           4	LOAD_CONST(arg=1, lineno=1032)
           6	BINARY_SUBSCR(arg=None, lineno=1032)
           8	LOAD_FAST(arg=0, lineno=1032)
          10	LOAD_CONST(arg=2, lineno=1032)
          12	BINARY_SUBSCR(arg=None, lineno=1032)
          14	COMPARE_OP(arg=0, lineno=1032)
          16	LOAD_FAST(arg=0, lineno=1032)
          18	LOAD_CONST(arg=1, lineno=1032)
          20	BINARY_SUBSCR(arg=None, lineno=1032)
          22	LOAD_FAST(arg=0, lineno=1032)
          24	LOAD_CONST(arg=3, lineno=1032)
          26	BINARY_SUBSCR(arg=None, lineno=1032)
          28	COMPARE_OP(arg=1, lineno=1032)
          30	BINARY_AND(arg=None, lineno=1032)
          32	RETURN_VALUE(arg=None, lineno=1032)
2025-12-10 16:22:09,688 [DEBUG] - pending: deque([State(pc_initial=0 nstack_initial=0)])
2025-12-10 16:22:09,688 [DEBUG] - stack: []
2025-12-10 16:22:09,688 [DEBUG] - state.pc_initial: State(pc_initial=0 nstack_initial=0)
2025-12-10 16:22:09,688 [DEBUG] - dispatch pc=0, inst=NOP(arg=None, lineno=1029)
2025-12-10 16:22:09,688 [DEBUG] - stack []
2025-12-10 16:22:09,689 [DEBUG] - dispatch pc=2, inst=LOAD_FAST(arg=0, lineno=1032)
2025-12-10 16:22:09,689 [DEBUG] - stack []
2025-12-10 16:22:09,689 [DEBUG] - dispatch pc=4, inst=LOAD_CONST(arg=1, lineno=1032)
2025-12-10 16:22:09,689 [DEBUG] - stack ['$x2.0']
2025-12-10 16:22:09,689 [DEBUG] - dispatch pc=6, inst=BINARY_SUBSCR(arg=None, lineno=1032)
2025-12-10 16:22:09,689 [DEBUG] - stack ['$x2.0', '$const4.1.1']
2025-12-10 16:22:09,689 [DEBUG] - dispatch pc=8, inst=LOAD_FAST(arg=0, lineno=1032)
2025-12-10 16:22:09,689 [DEBUG] - stack ['$6binary_subscr.2']
2025-12-10 16:22:09,689 [DEBUG] - dispatch pc=10, inst=LOAD_CONST(arg=2, lineno=1032)
2025-12-10 16:22:09,689 [DEBUG] - stack ['$6binary_subscr.2', '$x8.3']
2025-12-10 16:22:09,689 [DEBUG] - dispatch pc=12, inst=BINARY_SUBSCR(arg=None, lineno=1032)
2025-12-10 16:22:09,689 [DEBUG] - stack ['$6binary_subscr.2', '$x8.3', '$const10.4.2']
2025-12-10 16:22:09,689 [DEBUG] - dispatch pc=14, inst=COMPARE_OP(arg=0, lineno=1032)
2025-12-10 16:22:09,689 [DEBUG] - stack ['$6binary_subscr.2', '$12binary_subscr.5']
2025-12-10 16:22:09,689 [DEBUG] - dispatch pc=16, inst=LOAD_FAST(arg=0, lineno=1032)
2025-12-10 16:22:09,689 [DEBUG] - stack ['$14compare_op.6']
2025-12-10 16:22:09,689 [DEBUG] - dispatch pc=18, inst=LOAD_CONST(arg=1, lineno=1032)
2025-12-10 16:22:09,689 [DEBUG] - stack ['$14compare_op.6', '$x16.7']
2025-12-10 16:22:09,689 [DEBUG] - dispatch pc=20, inst=BINARY_SUBSCR(arg=None, lineno=1032)
2025-12-10 16:22:09,689 [DEBUG] - stack ['$14compare_op.6', '$x16.7', '$const18.8.1']
2025-12-10 16:22:09,689 [DEBUG] - dispatch pc=22, inst=LOAD_FAST(arg=0, lineno=1032)
2025-12-10 16:22:09,689 [DEBUG] - stack ['$14compare_op.6', '$20binary_subscr.9']
2025-12-10 16:22:09,689 [DEBUG] - dispatch pc=24, inst=LOAD_CONST(arg=3, lineno=1032)
2025-12-10 16:22:09,689 [DEBUG] - stack ['$14compare_op.6', '$20binary_subscr.9', '$x22.10']
2025-12-10 16:22:09,689 [DEBUG] - dispatch pc=26, inst=BINARY_SUBSCR(arg=None, lineno=1032)
2025-12-10 16:22:09,689 [DEBUG] - stack ['$14compare_op.6', '$20binary_subscr.9', '$x22.10', '$const24.11.3']
2025-12-10 16:22:09,689 [DEBUG] - dispatch pc=28, inst=COMPARE_OP(arg=1, lineno=1032)
2025-12-10 16:22:09,689 [DEBUG] - stack ['$14compare_op.6', '$20binary_subscr.9', '$26binary_subscr.12']
2025-12-10 16:22:09,689 [DEBUG] - dispatch pc=30, inst=BINARY_AND(arg=None, lineno=1032)
2025-12-10 16:22:09,690 [DEBUG] - stack ['$14compare_op.6', '$28compare_op.13']
2025-12-10 16:22:09,690 [DEBUG] - dispatch pc=32, inst=RETURN_VALUE(arg=None, lineno=1032)
2025-12-10 16:22:09,690 [DEBUG] - stack ['$30binary_and.14']
2025-12-10 16:22:09,690 [DEBUG] - end state. edges=[]
2025-12-10 16:22:09,690 [DEBUG] - -------------------------Prune PHIs-------------------------
2025-12-10 16:22:09,690 [DEBUG] - Used_phis: defaultdict(<class 'set'>, {State(pc_initial=0 nstack_initial=0): set()})
2025-12-10 16:22:09,690 [DEBUG] - defmap: {}
2025-12-10 16:22:09,690 [DEBUG] - phismap: defaultdict(<class 'set'>, {})
2025-12-10 16:22:09,690 [DEBUG] - changing phismap: defaultdict(<class 'set'>, {})
2025-12-10 16:22:09,690 [DEBUG] - keep phismap: {}
2025-12-10 16:22:09,690 [DEBUG] - new_out: defaultdict(<class 'dict'>, {})
2025-12-10 16:22:09,690 [DEBUG] - ----------------------DONE Prune PHIs-----------------------
2025-12-10 16:22:09,690 [DEBUG] - block_infos State(pc_initial=0 nstack_initial=0):
AdaptBlockInfo(insts=((0, {}), (2, {'res': '$x2.0'}), (4, {'res': '$const4.1.1'}), (6, {'index': '$const4.1.1', 'target': '$x2.0', 'res': '$6binary_subscr.2'}), (8, {'res': '$x8.3'}), (10, {'res': '$const10.4.2'}), (12, {'index': '$const10.4.2', 'target': '$x8.3', 'res': '$12binary_subscr.5'}), (14, {'lhs': '$6binary_subscr.2', 'rhs': '$12binary_subscr.5', 'res': '$14compare_op.6'}), (16, {'res': '$x16.7'}), (18, {'res': '$const18.8.1'}), (20, {'index': '$const18.8.1', 'target': '$x16.7', 'res': '$20binary_subscr.9'}), (22, {'res': '$x22.10'}), (24, {'res': '$const24.11.3'}), (26, {'index': '$const24.11.3', 'target': '$x22.10', 'res': '$26binary_subscr.12'}), (28, {'lhs': '$20binary_subscr.9', 'rhs': '$26binary_subscr.12', 'res': '$28compare_op.13'}), (30, {'lhs': '$14compare_op.6', 'rhs': '$28compare_op.13', 'res': '$30binary_and.14'}), (32, {'retval': '$30binary_and.14', 'castval': '$32return_value.15'})), outgoing_phis={}, blockstack=(), active_try_block=None, outgoing_edgepushed={})
2025-12-10 16:22:09,690 [DEBUG] - label 0:
    x = arg(0, name=x)                       ['x']
    $const4.1.1 = const(int, 0)              ['$const4.1.1']
    $6binary_subscr.2 = getitem(value=x, index=$const4.1.1, fn=<built-in function getitem>) ['$6binary_subscr.2', '$const4.1.1', 'x']
    $const10.4.2 = const(int, -1)            ['$const10.4.2']
    $12binary_subscr.5 = getitem(value=x, index=$const10.4.2, fn=<built-in function getitem>) ['$12binary_subscr.5', '$const10.4.2', 'x']
    $14compare_op.6 = $6binary_subscr.2 < $12binary_subscr.5 ['$12binary_subscr.5', '$14compare_op.6', '$6binary_subscr.2']
    $const18.8.1 = const(int, 0)             ['$const18.8.1']
    $20binary_subscr.9 = getitem(value=x, index=$const18.8.1, fn=<built-in function getitem>) ['$20binary_subscr.9', '$const18.8.1', 'x']
    $const24.11.3 = const(int, 1)            ['$const24.11.3']
    $26binary_subscr.12 = getitem(value=x, index=$const24.11.3, fn=<built-in function getitem>) ['$26binary_subscr.12', '$const24.11.3', 'x']
    $28compare_op.13 = $20binary_subscr.9 <= $26binary_subscr.12 ['$20binary_subscr.9', '$26binary_subscr.12', '$28compare_op.13']
    $30binary_and.14 = $14compare_op.6 & $28compare_op.13 ['$14compare_op.6', '$28compare_op.13', '$30binary_and.14']
    $32return_value.15 = cast(value=$30binary_and.14) ['$30binary_and.14', '$32return_value.15']
    return $32return_value.15                ['$32return_value.15']

2025-12-10 16:22:09,940 [DEBUG] - bytecode dump:
>          0	NOP(arg=None, lineno=416)
           2	LOAD_FAST(arg=0, lineno=419)
           4	LOAD_CONST(arg=1, lineno=419)
           6	BINARY_SUBSCR(arg=None, lineno=419)
           8	LOAD_FAST(arg=0, lineno=419)
          10	LOAD_CONST(arg=2, lineno=419)
          12	BINARY_SUBSCR(arg=None, lineno=419)
          14	BINARY_ADD(arg=None, lineno=419)
          16	LOAD_CONST(arg=3, lineno=419)
          18	LOAD_FAST(arg=0, lineno=419)
          20	LOAD_CONST(arg=4, lineno=419)
          22	BINARY_SUBSCR(arg=None, lineno=419)
          24	BINARY_MULTIPLY(arg=None, lineno=419)
          26	BINARY_SUBTRACT(arg=None, lineno=419)
          28	STORE_FAST(arg=1, lineno=419)
          30	LOAD_FAST(arg=0, lineno=420)
          32	LOAD_CONST(arg=1, lineno=420)
          34	BINARY_SUBSCR(arg=None, lineno=420)
          36	LOAD_FAST(arg=0, lineno=420)
          38	LOAD_CONST(arg=2, lineno=420)
          40	BINARY_SUBSCR(arg=None, lineno=420)
          42	BINARY_SUBTRACT(arg=None, lineno=420)
          44	LOAD_CONST(arg=3, lineno=420)
          46	BINARY_TRUE_DIVIDE(arg=None, lineno=420)
          48	STORE_FAST(arg=2, lineno=420)
          50	LOAD_GLOBAL(arg=0, lineno=422)
          52	LOAD_METHOD(arg=1, lineno=422)
          54	LOAD_FAST(arg=2, lineno=422)
          56	CALL_METHOD(arg=1, lineno=422)
          58	LOAD_GLOBAL(arg=0, lineno=422)
          60	LOAD_METHOD(arg=1, lineno=422)
          62	LOAD_FAST(arg=1, lineno=422)
          64	CALL_METHOD(arg=1, lineno=422)
          66	COMPARE_OP(arg=5, lineno=422)
          68	POP_JUMP_IF_FALSE(arg=38, lineno=422)
          70	LOAD_CONST(arg=4, lineno=425)
          72	RETURN_VALUE(arg=None, lineno=425)
>         74	LOAD_FAST(arg=2, lineno=427)
          76	UNARY_NEGATIVE(arg=None, lineno=427)
          78	LOAD_FAST(arg=1, lineno=427)
          80	BINARY_TRUE_DIVIDE(arg=None, lineno=427)
          82	RETURN_VALUE(arg=None, lineno=427)
2025-12-10 16:22:09,940 [DEBUG] - pending: deque([State(pc_initial=0 nstack_initial=0)])
2025-12-10 16:22:09,940 [DEBUG] - stack: []
2025-12-10 16:22:09,940 [DEBUG] - state.pc_initial: State(pc_initial=0 nstack_initial=0)
2025-12-10 16:22:09,940 [DEBUG] - dispatch pc=0, inst=NOP(arg=None, lineno=416)
2025-12-10 16:22:09,940 [DEBUG] - stack []
2025-12-10 16:22:09,940 [DEBUG] - dispatch pc=2, inst=LOAD_FAST(arg=0, lineno=419)
2025-12-10 16:22:09,940 [DEBUG] - stack []
2025-12-10 16:22:09,940 [DEBUG] - dispatch pc=4, inst=LOAD_CONST(arg=1, lineno=419)
2025-12-10 16:22:09,940 [DEBUG] - stack ['$x2.0']
2025-12-10 16:22:09,940 [DEBUG] - dispatch pc=6, inst=BINARY_SUBSCR(arg=None, lineno=419)
2025-12-10 16:22:09,940 [DEBUG] - stack ['$x2.0', '$const4.1.1']
2025-12-10 16:22:09,940 [DEBUG] - dispatch pc=8, inst=LOAD_FAST(arg=0, lineno=419)
2025-12-10 16:22:09,940 [DEBUG] - stack ['$6binary_subscr.2']
2025-12-10 16:22:09,940 [DEBUG] - dispatch pc=10, inst=LOAD_CONST(arg=2, lineno=419)
2025-12-10 16:22:09,940 [DEBUG] - stack ['$6binary_subscr.2', '$x8.3']
2025-12-10 16:22:09,940 [DEBUG] - dispatch pc=12, inst=BINARY_SUBSCR(arg=None, lineno=419)
2025-12-10 16:22:09,940 [DEBUG] - stack ['$6binary_subscr.2', '$x8.3', '$const10.4.2']
2025-12-10 16:22:09,940 [DEBUG] - dispatch pc=14, inst=BINARY_ADD(arg=None, lineno=419)
2025-12-10 16:22:09,941 [DEBUG] - stack ['$6binary_subscr.2', '$12binary_subscr.5']
2025-12-10 16:22:09,941 [DEBUG] - dispatch pc=16, inst=LOAD_CONST(arg=3, lineno=419)
2025-12-10 16:22:09,941 [DEBUG] - stack ['$14binary_add.6']
2025-12-10 16:22:09,941 [DEBUG] - dispatch pc=18, inst=LOAD_FAST(arg=0, lineno=419)
2025-12-10 16:22:09,941 [DEBUG] - stack ['$14binary_add.6', '$const16.7.3']
2025-12-10 16:22:09,941 [DEBUG] - dispatch pc=20, inst=LOAD_CONST(arg=4, lineno=419)
2025-12-10 16:22:09,941 [DEBUG] - stack ['$14binary_add.6', '$const16.7.3', '$x18.8']
2025-12-10 16:22:09,941 [DEBUG] - dispatch pc=22, inst=BINARY_SUBSCR(arg=None, lineno=419)
2025-12-10 16:22:09,941 [DEBUG] - stack ['$14binary_add.6', '$const16.7.3', '$x18.8', '$const20.9.4']
2025-12-10 16:22:09,941 [DEBUG] - dispatch pc=24, inst=BINARY_MULTIPLY(arg=None, lineno=419)
2025-12-10 16:22:09,941 [DEBUG] - stack ['$14binary_add.6', '$const16.7.3', '$22binary_subscr.10']
2025-12-10 16:22:09,941 [DEBUG] - dispatch pc=26, inst=BINARY_SUBTRACT(arg=None, lineno=419)
2025-12-10 16:22:09,941 [DEBUG] - stack ['$14binary_add.6', '$24binary_multiply.11']
2025-12-10 16:22:09,941 [DEBUG] - dispatch pc=28, inst=STORE_FAST(arg=1, lineno=419)
2025-12-10 16:22:09,941 [DEBUG] - stack ['$26binary_subtract.12']
2025-12-10 16:22:09,941 [DEBUG] - dispatch pc=30, inst=LOAD_FAST(arg=0, lineno=420)
2025-12-10 16:22:09,941 [DEBUG] - stack []
2025-12-10 16:22:09,941 [DEBUG] - dispatch pc=32, inst=LOAD_CONST(arg=1, lineno=420)
2025-12-10 16:22:09,941 [DEBUG] - stack ['$x30.13']
2025-12-10 16:22:09,941 [DEBUG] - dispatch pc=34, inst=BINARY_SUBSCR(arg=None, lineno=420)
2025-12-10 16:22:09,941 [DEBUG] - stack ['$x30.13', '$const32.14.1']
2025-12-10 16:22:09,941 [DEBUG] - dispatch pc=36, inst=LOAD_FAST(arg=0, lineno=420)
2025-12-10 16:22:09,941 [DEBUG] - stack ['$34binary_subscr.15']
2025-12-10 16:22:09,941 [DEBUG] - dispatch pc=38, inst=LOAD_CONST(arg=2, lineno=420)
2025-12-10 16:22:09,941 [DEBUG] - stack ['$34binary_subscr.15', '$x36.16']
2025-12-10 16:22:09,941 [DEBUG] - dispatch pc=40, inst=BINARY_SUBSCR(arg=None, lineno=420)
2025-12-10 16:22:09,941 [DEBUG] - stack ['$34binary_subscr.15', '$x36.16', '$const38.17.2']
2025-12-10 16:22:09,941 [DEBUG] - dispatch pc=42, inst=BINARY_SUBTRACT(arg=None, lineno=420)
2025-12-10 16:22:09,941 [DEBUG] - stack ['$34binary_subscr.15', '$40binary_subscr.18']
2025-12-10 16:22:09,941 [DEBUG] - dispatch pc=44, inst=LOAD_CONST(arg=3, lineno=420)
2025-12-10 16:22:09,941 [DEBUG] - stack ['$42binary_subtract.19']
2025-12-10 16:22:09,941 [DEBUG] - dispatch pc=46, inst=BINARY_TRUE_DIVIDE(arg=None, lineno=420)
2025-12-10 16:22:09,941 [DEBUG] - stack ['$42binary_subtract.19', '$const44.20.3']
2025-12-10 16:22:09,941 [DEBUG] - dispatch pc=48, inst=STORE_FAST(arg=2, lineno=420)
2025-12-10 16:22:09,941 [DEBUG] - stack ['$46binary_true_divide.21']
2025-12-10 16:22:09,941 [DEBUG] - dispatch pc=50, inst=LOAD_GLOBAL(arg=0, lineno=422)
2025-12-10 16:22:09,941 [DEBUG] - stack []
2025-12-10 16:22:09,941 [DEBUG] - dispatch pc=52, inst=LOAD_METHOD(arg=1, lineno=422)
2025-12-10 16:22:09,941 [DEBUG] - stack ['$50load_global.22']
2025-12-10 16:22:09,941 [DEBUG] - dispatch pc=54, inst=LOAD_FAST(arg=2, lineno=422)
2025-12-10 16:22:09,942 [DEBUG] - stack ['$52load_method.23']
2025-12-10 16:22:09,942 [DEBUG] - dispatch pc=56, inst=CALL_METHOD(arg=1, lineno=422)
2025-12-10 16:22:09,942 [DEBUG] - stack ['$52load_method.23', '$b54.24']
2025-12-10 16:22:09,942 [DEBUG] - dispatch pc=58, inst=LOAD_GLOBAL(arg=0, lineno=422)
2025-12-10 16:22:09,942 [DEBUG] - stack ['$56call_method.25']
2025-12-10 16:22:09,942 [DEBUG] - dispatch pc=60, inst=LOAD_METHOD(arg=1, lineno=422)
2025-12-10 16:22:09,942 [DEBUG] - stack ['$56call_method.25', '$58load_global.26']
2025-12-10 16:22:09,942 [DEBUG] - dispatch pc=62, inst=LOAD_FAST(arg=1, lineno=422)
2025-12-10 16:22:09,942 [DEBUG] - stack ['$56call_method.25', '$60load_method.27']
2025-12-10 16:22:09,942 [DEBUG] - dispatch pc=64, inst=CALL_METHOD(arg=1, lineno=422)
2025-12-10 16:22:09,942 [DEBUG] - stack ['$56call_method.25', '$60load_method.27', '$a62.28']
2025-12-10 16:22:09,942 [DEBUG] - dispatch pc=66, inst=COMPARE_OP(arg=5, lineno=422)
2025-12-10 16:22:09,942 [DEBUG] - stack ['$56call_method.25', '$64call_method.29']
2025-12-10 16:22:09,942 [DEBUG] - dispatch pc=68, inst=POP_JUMP_IF_FALSE(arg=38, lineno=422)
2025-12-10 16:22:09,942 [DEBUG] - stack ['$66compare_op.30']
2025-12-10 16:22:09,942 [DEBUG] - end state. edges=[Edge(pc=70, stack=(), blockstack=(), npush=0), Edge(pc=74, stack=(), blockstack=(), npush=0)]
2025-12-10 16:22:09,942 [DEBUG] - pending: deque([State(pc_initial=70 nstack_initial=0), State(pc_initial=74 nstack_initial=0)])
2025-12-10 16:22:09,942 [DEBUG] - stack: []
2025-12-10 16:22:09,942 [DEBUG] - state.pc_initial: State(pc_initial=70 nstack_initial=0)
2025-12-10 16:22:09,942 [DEBUG] - dispatch pc=70, inst=LOAD_CONST(arg=4, lineno=425)
2025-12-10 16:22:09,942 [DEBUG] - stack []
2025-12-10 16:22:09,942 [DEBUG] - dispatch pc=72, inst=RETURN_VALUE(arg=None, lineno=425)
2025-12-10 16:22:09,942 [DEBUG] - stack ['$const70.0.4']
2025-12-10 16:22:09,942 [DEBUG] - end state. edges=[]
2025-12-10 16:22:09,942 [DEBUG] - pending: deque([State(pc_initial=74 nstack_initial=0)])
2025-12-10 16:22:09,942 [DEBUG] - stack: []
2025-12-10 16:22:09,942 [DEBUG] - state.pc_initial: State(pc_initial=74 nstack_initial=0)
2025-12-10 16:22:09,942 [DEBUG] - dispatch pc=74, inst=LOAD_FAST(arg=2, lineno=427)
2025-12-10 16:22:09,942 [DEBUG] - stack []
2025-12-10 16:22:09,942 [DEBUG] - dispatch pc=76, inst=UNARY_NEGATIVE(arg=None, lineno=427)
2025-12-10 16:22:09,942 [DEBUG] - stack ['$b74.0']
2025-12-10 16:22:09,942 [DEBUG] - dispatch pc=78, inst=LOAD_FAST(arg=1, lineno=427)
2025-12-10 16:22:09,942 [DEBUG] - stack ['$76unary_negative.1']
2025-12-10 16:22:09,942 [DEBUG] - dispatch pc=80, inst=BINARY_TRUE_DIVIDE(arg=None, lineno=427)
2025-12-10 16:22:09,942 [DEBUG] - stack ['$76unary_negative.1', '$a78.2']
2025-12-10 16:22:09,942 [DEBUG] - dispatch pc=82, inst=RETURN_VALUE(arg=None, lineno=427)
2025-12-10 16:22:09,942 [DEBUG] - stack ['$80binary_true_divide.3']
2025-12-10 16:22:09,942 [DEBUG] - end state. edges=[]
2025-12-10 16:22:09,942 [DEBUG] - -------------------------Prune PHIs-------------------------
2025-12-10 16:22:09,943 [DEBUG] - Used_phis: defaultdict(<class 'set'>,
            {State(pc_initial=0 nstack_initial=0): set(),
             State(pc_initial=70 nstack_initial=0): set(),
             State(pc_initial=74 nstack_initial=0): set()})
2025-12-10 16:22:09,943 [DEBUG] - defmap: {}
2025-12-10 16:22:09,943 [DEBUG] - phismap: defaultdict(<class 'set'>, {})
2025-12-10 16:22:09,943 [DEBUG] - changing phismap: defaultdict(<class 'set'>, {})
2025-12-10 16:22:09,943 [DEBUG] - keep phismap: {}
2025-12-10 16:22:09,943 [DEBUG] - new_out: defaultdict(<class 'dict'>, {})
2025-12-10 16:22:09,943 [DEBUG] - ----------------------DONE Prune PHIs-----------------------
2025-12-10 16:22:09,943 [DEBUG] - block_infos State(pc_initial=0 nstack_initial=0):
AdaptBlockInfo(insts=((0, {}), (2, {'res': '$x2.0'}), (4, {'res': '$const4.1.1'}), (6, {'index': '$const4.1.1', 'target': '$x2.0', 'res': '$6binary_subscr.2'}), (8, {'res': '$x8.3'}), (10, {'res': '$const10.4.2'}), (12, {'index': '$const10.4.2', 'target': '$x8.3', 'res': '$12binary_subscr.5'}), (14, {'lhs': '$6binary_subscr.2', 'rhs': '$12binary_subscr.5', 'res': '$14binary_add.6'}), (16, {'res': '$const16.7.3'}), (18, {'res': '$x18.8'}), (20, {'res': '$const20.9.4'}), (22, {'index': '$const20.9.4', 'target': '$x18.8', 'res': '$22binary_subscr.10'}), (24, {'lhs': '$const16.7.3', 'rhs': '$22binary_subscr.10', 'res': '$24binary_multiply.11'}), (26, {'lhs': '$14binary_add.6', 'rhs': '$24binary_multiply.11', 'res': '$26binary_subtract.12'}), (28, {'value': '$26binary_subtract.12'}), (30, {'res': '$x30.13'}), (32, {'res': '$const32.14.1'}), (34, {'index': '$const32.14.1', 'target': '$x30.13', 'res': '$34binary_subscr.15'}), (36, {'res': '$x36.16'}), (38, {'res': '$const38.17.2'}), (40, {'index': '$const38.17.2', 'target': '$x36.16', 'res': '$40binary_subscr.18'}), (42, {'lhs': '$34binary_subscr.15', 'rhs': '$40binary_subscr.18', 'res': '$42binary_subtract.19'}), (44, {'res': '$const44.20.3'}), (46, {'lhs': '$42binary_subtract.19', 'rhs': '$const44.20.3', 'res': '$46binary_true_divide.21'}), (48, {'value': '$46binary_true_divide.21'}), (50, {'res': '$50load_global.22'}), (52, {'item': '$50load_global.22', 'res': '$52load_method.23'}), (54, {'res': '$b54.24'}), (56, {'func': '$52load_method.23', 'args': ['$b54.24'], 'res': '$56call_method.25'}), (58, {'res': '$58load_global.26'}), (60, {'item': '$58load_global.26', 'res': '$60load_method.27'}), (62, {'res': '$a62.28'}), (64, {'func': '$60load_method.27', 'args': ['$a62.28'], 'res': '$64call_method.29'}), (66, {'lhs': '$56call_method.25', 'rhs': '$64call_method.29', 'res': '$66compare_op.30'}), (68, {'pred': '$66compare_op.30'})), outgoing_phis={}, blockstack=(), active_try_block=None, outgoing_edgepushed={70: (), 74: ()})
2025-12-10 16:22:09,943 [DEBUG] - block_infos State(pc_initial=70 nstack_initial=0):
AdaptBlockInfo(insts=((70, {'res': '$const70.0.4'}), (72, {'retval': '$const70.0.4', 'castval': '$72return_value.1'})), outgoing_phis={}, blockstack=(), active_try_block=None, outgoing_edgepushed={})
2025-12-10 16:22:09,943 [DEBUG] - block_infos State(pc_initial=74 nstack_initial=0):
AdaptBlockInfo(insts=((74, {'res': '$b74.0'}), (76, {'value': '$b74.0', 'res': '$76unary_negative.1'}), (78, {'res': '$a78.2'}), (80, {'lhs': '$76unary_negative.1', 'rhs': '$a78.2', 'res': '$80binary_true_divide.3'}), (82, {'retval': '$80binary_true_divide.3', 'castval': '$82return_value.4'})), outgoing_phis={}, blockstack=(), active_try_block=None, outgoing_edgepushed={})
2025-12-10 16:22:09,943 [DEBUG] - label 0:
    x = arg(0, name=x)                       ['x']
    $const4.1.1 = const(int, 1)              ['$const4.1.1']
    $6binary_subscr.2 = getitem(value=x, index=$const4.1.1, fn=<built-in function getitem>) ['$6binary_subscr.2', '$const4.1.1', 'x']
    $const10.4.2 = const(int, -1)            ['$const10.4.2']
    $12binary_subscr.5 = getitem(value=x, index=$const10.4.2, fn=<built-in function getitem>) ['$12binary_subscr.5', '$const10.4.2', 'x']
    $14binary_add.6 = $6binary_subscr.2 + $12binary_subscr.5 ['$12binary_subscr.5', '$14binary_add.6', '$6binary_subscr.2']
    $const16.7.3 = const(int, 2)             ['$const16.7.3']
    $const20.9.4 = const(int, 0)             ['$const20.9.4']
    $22binary_subscr.10 = getitem(value=x, index=$const20.9.4, fn=<built-in function getitem>) ['$22binary_subscr.10', '$const20.9.4', 'x']
    $24binary_multiply.11 = $const16.7.3 * $22binary_subscr.10 ['$22binary_subscr.10', '$24binary_multiply.11', '$const16.7.3']
    a = $14binary_add.6 - $24binary_multiply.11 ['$14binary_add.6', '$24binary_multiply.11', 'a']
    $const32.14.1 = const(int, 1)            ['$const32.14.1']
    $34binary_subscr.15 = getitem(value=x, index=$const32.14.1, fn=<built-in function getitem>) ['$34binary_subscr.15', '$const32.14.1', 'x']
    $const38.17.2 = const(int, -1)           ['$const38.17.2']
    $40binary_subscr.18 = getitem(value=x, index=$const38.17.2, fn=<built-in function getitem>) ['$40binary_subscr.18', '$const38.17.2', 'x']
    $42binary_subtract.19 = $34binary_subscr.15 - $40binary_subscr.18 ['$34binary_subscr.15', '$40binary_subscr.18', '$42binary_subtract.19']
    $const44.20.3 = const(int, 2)            ['$const44.20.3']
    b = $42binary_subtract.19 / $const44.20.3 ['$42binary_subtract.19', '$const44.20.3', 'b']
    $50load_global.22 = global(np: <module 'numpy' from '/home/ken/YAVOS/venv_yavos/lib/python3.10/site-packages/numpy/__init__.py'>) ['$50load_global.22']
    $52load_method.23 = getattr(value=$50load_global.22, attr=abs) ['$50load_global.22', '$52load_method.23']
    $56call_method.25 = call $52load_method.23(b, func=$52load_method.23, args=[Var(b, pitch.py:420)], kws=(), vararg=None, varkwarg=None, target=None) ['$52load_method.23', '$56call_method.25', 'b']
    $58load_global.26 = global(np: <module 'numpy' from '/home/ken/YAVOS/venv_yavos/lib/python3.10/site-packages/numpy/__init__.py'>) ['$58load_global.26']
    $60load_method.27 = getattr(value=$58load_global.26, attr=abs) ['$58load_global.26', '$60load_method.27']
    $64call_method.29 = call $60load_method.27(a, func=$60load_method.27, args=[Var(a, pitch.py:419)], kws=(), vararg=None, varkwarg=None, target=None) ['$60load_method.27', '$64call_method.29', 'a']
    $66compare_op.30 = $56call_method.25 >= $64call_method.29 ['$56call_method.25', '$64call_method.29', '$66compare_op.30']
    $bool68 = global(bool: <class 'bool'>)   ['$bool68']
    $68pred = call $bool68($66compare_op.30, func=$bool68, args=(Var($66compare_op.30, pitch.py:422),), kws=(), vararg=None, varkwarg=None, target=None) ['$66compare_op.30', '$68pred', '$bool68']
    branch $68pred, 70, 74                   ['$68pred']
label 70:
    $const70.0.4 = const(int, 0)             ['$const70.0.4']
    $72return_value.1 = cast(value=$const70.0.4) ['$72return_value.1', '$const70.0.4']
    return $72return_value.1                 ['$72return_value.1']
label 74:
    $76unary_negative.1 = unary(fn=<built-in function neg>, value=b) ['$76unary_negative.1', 'b']
    $80binary_true_divide.3 = $76unary_negative.1 / a ['$76unary_negative.1', '$80binary_true_divide.3', 'a']
    $82return_value.4 = cast(value=$80binary_true_divide.3) ['$80binary_true_divide.3', '$82return_value.4']
    return $82return_value.4                 ['$82return_value.4']

2025-12-10 16:22:11,585 [DEBUG] - matplotlib data path: /home/ken/YAVOS/venv_yavos/lib/python3.10/site-packages/matplotlib/mpl-data
2025-12-10 16:22:11,589 [DEBUG] - CONFIGDIR=/home/ken/.config/matplotlib
2025-12-10 16:22:11,590 [DEBUG] - interactive is False
2025-12-10 16:22:11,590 [DEBUG] - platform is linux
2025-12-10 16:22:11,605 [DEBUG] - CACHEDIR=/home/ken/.cache/matplotlib
2025-12-10 16:22:11,607 [DEBUG] - Using fontManager instance from /home/ken/.cache/matplotlib/fontlist-v390.json
2025-12-10 16:22:11,763 [DEBUG] - Loaded backend Agg version v2.2.
2025-12-10 16:22:13,911 [DEBUG] - Executing: ['espeak-ng', '-q', '-b', '1', '--voices']
2025-12-10 16:22:13,920 [DEBUG] - espeak-ng: Pty Language       Age/Gender VoiceName          File                 Other Languages
2025-12-10 16:22:13,920 [DEBUG] - espeak-ng: 5  af              --/M      Afrikaans          gmw/af
2025-12-10 16:22:13,920 [DEBUG] - espeak-ng: 5  am              --/M      Amharic            sem/am
2025-12-10 16:22:13,920 [DEBUG] - espeak-ng: 5  an              --/M      Aragonese          roa/an
2025-12-10 16:22:13,920 [DEBUG] - espeak-ng: 5  ar              --/M      Arabic             sem/ar
2025-12-10 16:22:13,920 [DEBUG] - espeak-ng: 5  as              --/M      Assamese           inc/as
2025-12-10 16:22:13,920 [DEBUG] - espeak-ng: 5  az              --/M      Azerbaijani        trk/az
2025-12-10 16:22:13,920 [DEBUG] - espeak-ng: 5  ba              --/M      Bashkir            trk/ba
2025-12-10 16:22:13,920 [DEBUG] - espeak-ng: 5  bg              --/M      Bulgarian          zls/bg
2025-12-10 16:22:13,920 [DEBUG] - espeak-ng: 5  bn              --/M      Bengali            inc/bn
2025-12-10 16:22:13,920 [DEBUG] - espeak-ng: 5  bpy             --/M      Bishnupriya_Manipuri inc/bpy
2025-12-10 16:22:13,921 [DEBUG] - espeak-ng: 5  bs              --/M      Bosnian            zls/bs
2025-12-10 16:22:13,921 [DEBUG] - espeak-ng: 5  ca              --/M      Catalan            roa/ca
2025-12-10 16:22:13,921 [DEBUG] - espeak-ng: 5  cmn             --/M      Chinese_(Mandarin) sit/cmn              (zh-cmn 5)(zh 5)
2025-12-10 16:22:13,921 [DEBUG] - espeak-ng: 5  cs              --/M      Czech              zlw/cs
2025-12-10 16:22:13,921 [DEBUG] - espeak-ng: 5  cy              --/M      Welsh              cel/cy
2025-12-10 16:22:13,921 [DEBUG] - espeak-ng: 5  da              --/M      Danish             gmq/da
2025-12-10 16:22:13,921 [DEBUG] - espeak-ng: 5  de              --/M      German             gmw/de
2025-12-10 16:22:13,921 [DEBUG] - espeak-ng: 5  el              --/M      Greek              grk/el
2025-12-10 16:22:13,921 [DEBUG] - espeak-ng: 5  en-029          --/M      English_(Caribbean) gmw/en-029           (en 10)
2025-12-10 16:22:13,921 [DEBUG] - espeak-ng: 2  en-gb           --/M      English_(Great_Britain) gmw/en               (en 2)
2025-12-10 16:22:13,921 [DEBUG] - espeak-ng: 5  en-gb-scotland  --/M      English_(Scotland) gmw/en-GB-scotland   (en 4)
2025-12-10 16:22:13,921 [DEBUG] - espeak-ng: 5  en-gb-x-gbclan  --/M      English_(Lancaster) gmw/en-GB-x-gbclan   (en-gb 3)(en 5)
2025-12-10 16:22:13,921 [DEBUG] - espeak-ng: 5  en-gb-x-gbcwmd  --/M      English_(West_Midlands) gmw/en-GB-x-gbcwmd   (en-gb 9)(en 9)
2025-12-10 16:22:13,921 [DEBUG] - espeak-ng: 5  en-gb-x-rp      --/M      English_(Received_Pronunciation) gmw/en-GB-x-rp       (en-gb 4)(en 5)
2025-12-10 16:22:13,921 [DEBUG] - espeak-ng: 2  en-us           --/M      English_(America)  gmw/en-US            (en 3)
2025-12-10 16:22:13,921 [DEBUG] - espeak-ng: 5  eo              --/M      Esperanto          art/eo
2025-12-10 16:22:13,921 [DEBUG] - espeak-ng: 5  es              --/M      Spanish_(Spain)    roa/es
2025-12-10 16:22:13,921 [DEBUG] - espeak-ng: 5  es-419          --/M      Spanish_(Latin_America) roa/es-419           (es-mx 6)(es 6)
2025-12-10 16:22:13,921 [DEBUG] - espeak-ng: 5  et              --/M      Estonian           urj/et
2025-12-10 16:22:13,921 [DEBUG] - espeak-ng: 5  eu              --/M      Basque             eu
2025-12-10 16:22:13,921 [DEBUG] - espeak-ng: 5  fa              --/M      Persian            ira/fa
2025-12-10 16:22:13,921 [DEBUG] - espeak-ng: 5  fa-latn         --/M      Persian_(Pinglish) ira/fa-Latn
2025-12-10 16:22:13,921 [DEBUG] - espeak-ng: 5  fi              --/M      Finnish            urj/fi
2025-12-10 16:22:13,921 [DEBUG] - espeak-ng: 5  fr-be           --/M      French_(Belgium)   roa/fr-BE            (fr 8)
2025-12-10 16:22:13,921 [DEBUG] - espeak-ng: 5  fr-ch           --/M      French_(Switzerland) roa/fr-CH            (fr 8)
2025-12-10 16:22:13,921 [DEBUG] - espeak-ng: 5  fr-fr           --/M      French_(France)    roa/fr               (fr 5)
2025-12-10 16:22:13,921 [DEBUG] - espeak-ng: 5  ga              --/M      Gaelic_(Irish)     cel/ga
2025-12-10 16:22:13,921 [DEBUG] - espeak-ng: 5  gd              --/M      Gaelic_(Scottish)  cel/gd
2025-12-10 16:22:13,921 [DEBUG] - espeak-ng: 5  gn              --/M      Guarani            sai/gn
2025-12-10 16:22:13,921 [DEBUG] - espeak-ng: 5  grc             --/M      Greek_(Ancient)    grk/grc
2025-12-10 16:22:13,921 [DEBUG] - espeak-ng: 5  gu              --/M      Gujarati           inc/gu
2025-12-10 16:22:13,921 [DEBUG] - espeak-ng: 5  hak             --/M      Hakka_Chinese      sit/hak
2025-12-10 16:22:13,921 [DEBUG] - espeak-ng: 5  hi              --/M      Hindi              inc/hi
2025-12-10 16:22:13,921 [DEBUG] - espeak-ng: 5  hr              --/M      Croatian           zls/hr               (hbs 5)
2025-12-10 16:22:13,921 [DEBUG] - espeak-ng: 5  ht              --/M      Haitian_Creole     roa/ht
2025-12-10 16:22:13,921 [DEBUG] - espeak-ng: 5  hu              --/M      Hungarian          urj/hu
2025-12-10 16:22:13,921 [DEBUG] - espeak-ng: 5  hy              --/M      Armenian_(East_Armenia) ine/hy               (hy-arevela 5)
2025-12-10 16:22:13,921 [DEBUG] - espeak-ng: 5  hyw             --/M      Armenian_(West_Armenia) ine/hyw              (hy-arevmda 5)(hy 8)
2025-12-10 16:22:13,921 [DEBUG] - espeak-ng: 5  ia              --/M      Interlingua        art/ia
2025-12-10 16:22:13,921 [DEBUG] - espeak-ng: 5  id              --/M      Indonesian         poz/id
2025-12-10 16:22:13,921 [DEBUG] - espeak-ng: 5  is              --/M      Icelandic          gmq/is
2025-12-10 16:22:13,921 [DEBUG] - espeak-ng: 5  it              --/M      Italian            roa/it
2025-12-10 16:22:13,921 [DEBUG] - espeak-ng: 5  ja              --/M      Japanese           jpx/ja
2025-12-10 16:22:13,921 [DEBUG] - espeak-ng: 5  jbo             --/M      Lojban             art/jbo
2025-12-10 16:22:13,921 [DEBUG] - espeak-ng: 5  ka              --/M      Georgian           ccs/ka
2025-12-10 16:22:13,921 [DEBUG] - espeak-ng: 5  kk              --/M      Kazakh             trk/kk
2025-12-10 16:22:13,921 [DEBUG] - espeak-ng: 5  kl              --/M      Greenlandic        esx/kl
2025-12-10 16:22:13,921 [DEBUG] - espeak-ng: 5  kn              --/M      Kannada            dra/kn
2025-12-10 16:22:13,921 [DEBUG] - espeak-ng: 5  ko              --/M      Korean             ko
2025-12-10 16:22:13,921 [DEBUG] - espeak-ng: 5  kok             --/M      Konkani            inc/kok
2025-12-10 16:22:13,921 [DEBUG] - espeak-ng: 5  ku              --/M      Kurdish            ira/ku
2025-12-10 16:22:13,922 [DEBUG] - espeak-ng: 5  ky              --/M      Kyrgyz             trk/ky
2025-12-10 16:22:13,922 [DEBUG] - espeak-ng: 5  la              --/M      Latin              itc/la
2025-12-10 16:22:13,922 [DEBUG] - espeak-ng: 5  lfn             --/M      Lingua_Franca_Nova art/lfn
2025-12-10 16:22:13,922 [DEBUG] - espeak-ng: 5  lt              --/M      Lithuanian         bat/lt
2025-12-10 16:22:13,922 [DEBUG] - espeak-ng: 5  lv              --/M      Latvian            bat/lv
2025-12-10 16:22:13,922 [DEBUG] - espeak-ng: 5  mi              --/M      Māori             poz/mi
2025-12-10 16:22:13,922 [DEBUG] - espeak-ng: 5  mk              --/M      Macedonian         zls/mk
2025-12-10 16:22:13,922 [DEBUG] - espeak-ng: 5  ml              --/M      Malayalam          dra/ml
2025-12-10 16:22:13,922 [DEBUG] - espeak-ng: 5  mr              --/M      Marathi            inc/mr
2025-12-10 16:22:13,922 [DEBUG] - espeak-ng: 5  ms              --/M      Malay              poz/ms
2025-12-10 16:22:13,922 [DEBUG] - espeak-ng: 5  mt              --/M      Maltese            sem/mt
2025-12-10 16:22:13,922 [DEBUG] - espeak-ng: 5  my              --/M      Myanmar_(Burmese)  sit/my
2025-12-10 16:22:13,922 [DEBUG] - espeak-ng: 5  nb              --/M      Norwegian_Bokmål  gmq/nb               (no 5)
2025-12-10 16:22:13,922 [DEBUG] - espeak-ng: 5  nci             --/M      Nahuatl_(Classical) azc/nci
2025-12-10 16:22:13,922 [DEBUG] - espeak-ng: 5  ne              --/M      Nepali             inc/ne
2025-12-10 16:22:13,922 [DEBUG] - espeak-ng: 5  nl              --/M      Dutch              gmw/nl
2025-12-10 16:22:13,922 [DEBUG] - espeak-ng: 5  om              --/M      Oromo              cus/om
2025-12-10 16:22:13,922 [DEBUG] - espeak-ng: 5  or              --/M      Oriya              inc/or
2025-12-10 16:22:13,922 [DEBUG] - espeak-ng: 5  pa              --/M      Punjabi            inc/pa
2025-12-10 16:22:13,922 [DEBUG] - espeak-ng: 5  pap             --/M      Papiamento         roa/pap
2025-12-10 16:22:13,922 [DEBUG] - espeak-ng: 5  pl              --/M      Polish             zlw/pl
2025-12-10 16:22:13,922 [DEBUG] - espeak-ng: 5  pt              --/M      Portuguese_(Portugal) roa/pt               (pt-pt 5)
2025-12-10 16:22:13,922 [DEBUG] - espeak-ng: 5  pt-br           --/M      Portuguese_(Brazil) roa/pt-BR            (pt 6)
2025-12-10 16:22:13,922 [DEBUG] - espeak-ng: 5  py              --/M      Pyash              art/py
2025-12-10 16:22:13,922 [DEBUG] - espeak-ng: 5  quc             --/M      K'iche'            myn/quc
2025-12-10 16:22:13,922 [DEBUG] - espeak-ng: 5  ro              --/M      Romanian           roa/ro
2025-12-10 16:22:13,922 [DEBUG] - espeak-ng: 5  ru              --/M      Russian            zle/ru
2025-12-10 16:22:13,922 [DEBUG] - espeak-ng: 2  ru-lv           --/M      Russian_(Latvia)   zle/ru-LV
2025-12-10 16:22:13,922 [DEBUG] - espeak-ng: 5  sd              --/M      Sindhi             inc/sd
2025-12-10 16:22:13,922 [DEBUG] - espeak-ng: 5  shn             --/M      Shan_(Tai_Yai)     tai/shn
2025-12-10 16:22:13,922 [DEBUG] - espeak-ng: 5  si              --/M      Sinhala            inc/si
2025-12-10 16:22:13,922 [DEBUG] - espeak-ng: 5  sk              --/M      Slovak             zlw/sk
2025-12-10 16:22:13,922 [DEBUG] - espeak-ng: 5  sl              --/M      Slovenian          zls/sl
2025-12-10 16:22:13,922 [DEBUG] - espeak-ng: 5  sq              --/M      Albanian           ine/sq
2025-12-10 16:22:13,922 [DEBUG] - espeak-ng: 5  sr              --/M      Serbian            zls/sr
2025-12-10 16:22:13,922 [DEBUG] - espeak-ng: 5  sv              --/M      Swedish            gmq/sv
2025-12-10 16:22:13,922 [DEBUG] - espeak-ng: 5  sw              --/M      Swahili            bnt/sw
2025-12-10 16:22:13,922 [DEBUG] - espeak-ng: 5  ta              --/M      Tamil              dra/ta
2025-12-10 16:22:13,922 [DEBUG] - espeak-ng: 5  te              --/M      Telugu             dra/te
2025-12-10 16:22:13,922 [DEBUG] - espeak-ng: 5  tn              --/M      Setswana           bnt/tn
2025-12-10 16:22:13,922 [DEBUG] - espeak-ng: 5  tr              --/M      Turkish            trk/tr
2025-12-10 16:22:13,922 [DEBUG] - espeak-ng: 5  tt              --/M      Tatar              trk/tt
2025-12-10 16:22:13,922 [DEBUG] - espeak-ng: 5  ur              --/M      Urdu               inc/ur
2025-12-10 16:22:13,922 [DEBUG] - espeak-ng: 5  uz              --/M      Uzbek              trk/uz
2025-12-10 16:22:13,922 [DEBUG] - espeak-ng: 5  vi              --/M      Vietnamese_(Northern) aav/vi
2025-12-10 16:22:13,922 [DEBUG] - espeak-ng: 5  vi-vn-x-central --/M      Vietnamese_(Central) aav/vi-VN-x-central
2025-12-10 16:22:13,922 [DEBUG] - espeak-ng: 5  vi-vn-x-south   --/M      Vietnamese_(Southern) aav/vi-VN-x-south
2025-12-10 16:22:13,922 [DEBUG] - espeak-ng: 5  yue             --/M      Chinese_(Cantonese) sit/yue              (zh-yue 5)(zh 8)
2025-12-10 16:22:13,973 [DEBUG] - open file: /home/ken/YAVOS/venv_yavos/lib/python3.10/site-packages/TTS/.models.json
2025-12-10 16:22:13,976 [INFO] - tts_models/en/vctk/vits is already downloaded.
2025-12-10 16:22:13,977 [DEBUG] - open file: /home/ken/.local/share/tts/tts_models--en--vctk--vits/config.json
2025-12-10 16:22:13,981 [DEBUG] - open file: /home/ken/.local/share/tts/tts_models--en--vctk--vits/config.json
2025-12-10 16:22:13,990 [DEBUG] - open file: /home/ken/.local/share/tts/tts_models--en--vctk--vits/config.json
2025-12-10 16:22:13,993 [INFO] - Using model: vits
2025-12-10 16:22:13,994 [INFO] - Setting up Audio Processor...
2025-12-10 16:22:13,994 [INFO] -  | sample_rate: 22050
2025-12-10 16:22:13,994 [INFO] -  | resample: False
2025-12-10 16:22:13,994 [INFO] -  | num_mels: 80
2025-12-10 16:22:13,994 [INFO] -  | log_func: np.log10
2025-12-10 16:22:13,994 [INFO] -  | min_level_db: 0
2025-12-10 16:22:13,994 [INFO] -  | frame_shift_ms: None
2025-12-10 16:22:13,994 [INFO] -  | frame_length_ms: None
2025-12-10 16:22:13,994 [INFO] -  | ref_level_db: None
2025-12-10 16:22:13,994 [INFO] -  | fft_size: 1024
2025-12-10 16:22:13,994 [INFO] -  | power: None
2025-12-10 16:22:13,994 [INFO] -  | preemphasis: 0.0
2025-12-10 16:22:13,994 [INFO] -  | griffin_lim_iters: None
2025-12-10 16:22:13,994 [INFO] -  | signal_norm: None
2025-12-10 16:22:13,994 [INFO] -  | symmetric_norm: None
2025-12-10 16:22:13,994 [INFO] -  | mel_fmin: 0
2025-12-10 16:22:13,994 [INFO] -  | mel_fmax: None
2025-12-10 16:22:13,994 [INFO] -  | pitch_fmin: None
2025-12-10 16:22:13,994 [INFO] -  | pitch_fmax: None
2025-12-10 16:22:13,994 [INFO] -  | spec_gain: 20.0
2025-12-10 16:22:13,994 [INFO] -  | stft_pad_mode: reflect
2025-12-10 16:22:13,994 [INFO] -  | max_norm: 1.0
2025-12-10 16:22:13,994 [INFO] -  | clip_norm: True
2025-12-10 16:22:13,994 [INFO] -  | do_trim_silence: False
2025-12-10 16:22:13,994 [INFO] -  | trim_db: 60
2025-12-10 16:22:13,994 [INFO] -  | do_sound_norm: False
2025-12-10 16:22:13,994 [INFO] -  | do_amp_to_db_linear: True
2025-12-10 16:22:13,994 [INFO] -  | do_amp_to_db_mel: True
2025-12-10 16:22:13,994 [INFO] -  | do_rms_norm: False
2025-12-10 16:22:13,995 [INFO] -  | db_level: None
2025-12-10 16:22:13,995 [INFO] -  | stats_path: None
2025-12-10 16:22:13,995 [INFO] -  | base: 10
2025-12-10 16:22:13,995 [INFO] -  | hop_length: 256
2025-12-10 16:22:13,995 [INFO] -  | win_length: 1024
2025-12-10 16:22:14,002 [DEBUG] - Executing: ['espeak-ng', '-q', '-b', '1', '--voices']
2025-12-10 16:22:14,011 [DEBUG] - espeak-ng: Pty Language       Age/Gender VoiceName          File                 Other Languages
2025-12-10 16:22:14,011 [DEBUG] - espeak-ng: 5  af              --/M      Afrikaans          gmw/af
2025-12-10 16:22:14,011 [DEBUG] - espeak-ng: 5  am              --/M      Amharic            sem/am
2025-12-10 16:22:14,011 [DEBUG] - espeak-ng: 5  an              --/M      Aragonese          roa/an
2025-12-10 16:22:14,011 [DEBUG] - espeak-ng: 5  ar              --/M      Arabic             sem/ar
2025-12-10 16:22:14,011 [DEBUG] - espeak-ng: 5  as              --/M      Assamese           inc/as
2025-12-10 16:22:14,011 [DEBUG] - espeak-ng: 5  az              --/M      Azerbaijani        trk/az
2025-12-10 16:22:14,011 [DEBUG] - espeak-ng: 5  ba              --/M      Bashkir            trk/ba
2025-12-10 16:22:14,011 [DEBUG] - espeak-ng: 5  bg              --/M      Bulgarian          zls/bg
2025-12-10 16:22:14,011 [DEBUG] - espeak-ng: 5  bn              --/M      Bengali            inc/bn
2025-12-10 16:22:14,011 [DEBUG] - espeak-ng: 5  bpy             --/M      Bishnupriya_Manipuri inc/bpy
2025-12-10 16:22:14,011 [DEBUG] - espeak-ng: 5  bs              --/M      Bosnian            zls/bs
2025-12-10 16:22:14,011 [DEBUG] - espeak-ng: 5  ca              --/M      Catalan            roa/ca
2025-12-10 16:22:14,011 [DEBUG] - espeak-ng: 5  cmn             --/M      Chinese_(Mandarin) sit/cmn              (zh-cmn 5)(zh 5)
2025-12-10 16:22:14,011 [DEBUG] - espeak-ng: 5  cs              --/M      Czech              zlw/cs
2025-12-10 16:22:14,011 [DEBUG] - espeak-ng: 5  cy              --/M      Welsh              cel/cy
2025-12-10 16:22:14,011 [DEBUG] - espeak-ng: 5  da              --/M      Danish             gmq/da
2025-12-10 16:22:14,011 [DEBUG] - espeak-ng: 5  de              --/M      German             gmw/de
2025-12-10 16:22:14,011 [DEBUG] - espeak-ng: 5  el              --/M      Greek              grk/el
2025-12-10 16:22:14,011 [DEBUG] - espeak-ng: 5  en-029          --/M      English_(Caribbean) gmw/en-029           (en 10)
2025-12-10 16:22:14,011 [DEBUG] - espeak-ng: 2  en-gb           --/M      English_(Great_Britain) gmw/en               (en 2)
2025-12-10 16:22:14,011 [DEBUG] - espeak-ng: 5  en-gb-scotland  --/M      English_(Scotland) gmw/en-GB-scotland   (en 4)
2025-12-10 16:22:14,011 [DEBUG] - espeak-ng: 5  en-gb-x-gbclan  --/M      English_(Lancaster) gmw/en-GB-x-gbclan   (en-gb 3)(en 5)
2025-12-10 16:22:14,012 [DEBUG] - espeak-ng: 5  en-gb-x-gbcwmd  --/M      English_(West_Midlands) gmw/en-GB-x-gbcwmd   (en-gb 9)(en 9)
2025-12-10 16:22:14,012 [DEBUG] - espeak-ng: 5  en-gb-x-rp      --/M      English_(Received_Pronunciation) gmw/en-GB-x-rp       (en-gb 4)(en 5)
2025-12-10 16:22:14,012 [DEBUG] - espeak-ng: 2  en-us           --/M      English_(America)  gmw/en-US            (en 3)
2025-12-10 16:22:14,012 [DEBUG] - espeak-ng: 5  eo              --/M      Esperanto          art/eo
2025-12-10 16:22:14,012 [DEBUG] - espeak-ng: 5  es              --/M      Spanish_(Spain)    roa/es
2025-12-10 16:22:14,012 [DEBUG] - espeak-ng: 5  es-419          --/M      Spanish_(Latin_America) roa/es-419           (es-mx 6)(es 6)
2025-12-10 16:22:14,012 [DEBUG] - espeak-ng: 5  et              --/M      Estonian           urj/et
2025-12-10 16:22:14,012 [DEBUG] - espeak-ng: 5  eu              --/M      Basque             eu
2025-12-10 16:22:14,012 [DEBUG] - espeak-ng: 5  fa              --/M      Persian            ira/fa
2025-12-10 16:22:14,012 [DEBUG] - espeak-ng: 5  fa-latn         --/M      Persian_(Pinglish) ira/fa-Latn
2025-12-10 16:22:14,012 [DEBUG] - espeak-ng: 5  fi              --/M      Finnish            urj/fi
2025-12-10 16:22:14,012 [DEBUG] - espeak-ng: 5  fr-be           --/M      French_(Belgium)   roa/fr-BE            (fr 8)
2025-12-10 16:22:14,012 [DEBUG] - espeak-ng: 5  fr-ch           --/M      French_(Switzerland) roa/fr-CH            (fr 8)
2025-12-10 16:22:14,012 [DEBUG] - espeak-ng: 5  fr-fr           --/M      French_(France)    roa/fr               (fr 5)
2025-12-10 16:22:14,012 [DEBUG] - espeak-ng: 5  ga              --/M      Gaelic_(Irish)     cel/ga
2025-12-10 16:22:14,012 [DEBUG] - espeak-ng: 5  gd              --/M      Gaelic_(Scottish)  cel/gd
2025-12-10 16:22:14,012 [DEBUG] - espeak-ng: 5  gn              --/M      Guarani            sai/gn
2025-12-10 16:22:14,012 [DEBUG] - espeak-ng: 5  grc             --/M      Greek_(Ancient)    grk/grc
2025-12-10 16:22:14,012 [DEBUG] - espeak-ng: 5  gu              --/M      Gujarati           inc/gu
2025-12-10 16:22:14,012 [DEBUG] - espeak-ng: 5  hak             --/M      Hakka_Chinese      sit/hak
2025-12-10 16:22:14,012 [DEBUG] - espeak-ng: 5  hi              --/M      Hindi              inc/hi
2025-12-10 16:22:14,012 [DEBUG] - espeak-ng: 5  hr              --/M      Croatian           zls/hr               (hbs 5)
2025-12-10 16:22:14,012 [DEBUG] - espeak-ng: 5  ht              --/M      Haitian_Creole     roa/ht
2025-12-10 16:22:14,012 [DEBUG] - espeak-ng: 5  hu              --/M      Hungarian          urj/hu
2025-12-10 16:22:14,012 [DEBUG] - espeak-ng: 5  hy              --/M      Armenian_(East_Armenia) ine/hy               (hy-arevela 5)
2025-12-10 16:22:14,012 [DEBUG] - espeak-ng: 5  hyw             --/M      Armenian_(West_Armenia) ine/hyw              (hy-arevmda 5)(hy 8)
2025-12-10 16:22:14,012 [DEBUG] - espeak-ng: 5  ia              --/M      Interlingua        art/ia
2025-12-10 16:22:14,012 [DEBUG] - espeak-ng: 5  id              --/M      Indonesian         poz/id
2025-12-10 16:22:14,012 [DEBUG] - espeak-ng: 5  is              --/M      Icelandic          gmq/is
2025-12-10 16:22:14,012 [DEBUG] - espeak-ng: 5  it              --/M      Italian            roa/it
2025-12-10 16:22:14,012 [DEBUG] - espeak-ng: 5  ja              --/M      Japanese           jpx/ja
2025-12-10 16:22:14,012 [DEBUG] - espeak-ng: 5  jbo             --/M      Lojban             art/jbo
2025-12-10 16:22:14,012 [DEBUG] - espeak-ng: 5  ka              --/M      Georgian           ccs/ka
2025-12-10 16:22:14,012 [DEBUG] - espeak-ng: 5  kk              --/M      Kazakh             trk/kk
2025-12-10 16:22:14,012 [DEBUG] - espeak-ng: 5  kl              --/M      Greenlandic        esx/kl
2025-12-10 16:22:14,012 [DEBUG] - espeak-ng: 5  kn              --/M      Kannada            dra/kn
2025-12-10 16:22:14,012 [DEBUG] - espeak-ng: 5  ko              --/M      Korean             ko
2025-12-10 16:22:14,012 [DEBUG] - espeak-ng: 5  kok             --/M      Konkani            inc/kok
2025-12-10 16:22:14,012 [DEBUG] - espeak-ng: 5  ku              --/M      Kurdish            ira/ku
2025-12-10 16:22:14,012 [DEBUG] - espeak-ng: 5  ky              --/M      Kyrgyz             trk/ky
2025-12-10 16:22:14,012 [DEBUG] - espeak-ng: 5  la              --/M      Latin              itc/la
2025-12-10 16:22:14,012 [DEBUG] - espeak-ng: 5  lfn             --/M      Lingua_Franca_Nova art/lfn
2025-12-10 16:22:14,012 [DEBUG] - espeak-ng: 5  lt              --/M      Lithuanian         bat/lt
2025-12-10 16:22:14,012 [DEBUG] - espeak-ng: 5  lv              --/M      Latvian            bat/lv
2025-12-10 16:22:14,012 [DEBUG] - espeak-ng: 5  mi              --/M      Māori             poz/mi
2025-12-10 16:22:14,012 [DEBUG] - espeak-ng: 5  mk              --/M      Macedonian         zls/mk
2025-12-10 16:22:14,012 [DEBUG] - espeak-ng: 5  ml              --/M      Malayalam          dra/ml
2025-12-10 16:22:14,012 [DEBUG] - espeak-ng: 5  mr              --/M      Marathi            inc/mr
2025-12-10 16:22:14,012 [DEBUG] - espeak-ng: 5  ms              --/M      Malay              poz/ms
2025-12-10 16:22:14,012 [DEBUG] - espeak-ng: 5  mt              --/M      Maltese            sem/mt
2025-12-10 16:22:14,012 [DEBUG] - espeak-ng: 5  my              --/M      Myanmar_(Burmese)  sit/my
2025-12-10 16:22:14,012 [DEBUG] - espeak-ng: 5  nb              --/M      Norwegian_Bokmål  gmq/nb               (no 5)
2025-12-10 16:22:14,012 [DEBUG] - espeak-ng: 5  nci             --/M      Nahuatl_(Classical) azc/nci
2025-12-10 16:22:14,012 [DEBUG] - espeak-ng: 5  ne              --/M      Nepali             inc/ne
2025-12-10 16:22:14,013 [DEBUG] - espeak-ng: 5  nl              --/M      Dutch              gmw/nl
2025-12-10 16:22:14,013 [DEBUG] - espeak-ng: 5  om              --/M      Oromo              cus/om
2025-12-10 16:22:14,013 [DEBUG] - espeak-ng: 5  or              --/M      Oriya              inc/or
2025-12-10 16:22:14,013 [DEBUG] - espeak-ng: 5  pa              --/M      Punjabi            inc/pa
2025-12-10 16:22:14,013 [DEBUG] - espeak-ng: 5  pap             --/M      Papiamento         roa/pap
2025-12-10 16:22:14,013 [DEBUG] - espeak-ng: 5  pl              --/M      Polish             zlw/pl
2025-12-10 16:22:14,013 [DEBUG] - espeak-ng: 5  pt              --/M      Portuguese_(Portugal) roa/pt               (pt-pt 5)
2025-12-10 16:22:14,013 [DEBUG] - espeak-ng: 5  pt-br           --/M      Portuguese_(Brazil) roa/pt-BR            (pt 6)
2025-12-10 16:22:14,013 [DEBUG] - espeak-ng: 5  py              --/M      Pyash              art/py
2025-12-10 16:22:14,013 [DEBUG] - espeak-ng: 5  quc             --/M      K'iche'            myn/quc
2025-12-10 16:22:14,013 [DEBUG] - espeak-ng: 5  ro              --/M      Romanian           roa/ro
2025-12-10 16:22:14,013 [DEBUG] - espeak-ng: 5  ru              --/M      Russian            zle/ru
2025-12-10 16:22:14,013 [DEBUG] - espeak-ng: 2  ru-lv           --/M      Russian_(Latvia)   zle/ru-LV
2025-12-10 16:22:14,013 [DEBUG] - espeak-ng: 5  sd              --/M      Sindhi             inc/sd
2025-12-10 16:22:14,013 [DEBUG] - espeak-ng: 5  shn             --/M      Shan_(Tai_Yai)     tai/shn
2025-12-10 16:22:14,013 [DEBUG] - espeak-ng: 5  si              --/M      Sinhala            inc/si
2025-12-10 16:22:14,013 [DEBUG] - espeak-ng: 5  sk              --/M      Slovak             zlw/sk
2025-12-10 16:22:14,013 [DEBUG] - espeak-ng: 5  sl              --/M      Slovenian          zls/sl
2025-12-10 16:22:14,013 [DEBUG] - espeak-ng: 5  sq              --/M      Albanian           ine/sq
2025-12-10 16:22:14,013 [DEBUG] - espeak-ng: 5  sr              --/M      Serbian            zls/sr
2025-12-10 16:22:14,013 [DEBUG] - espeak-ng: 5  sv              --/M      Swedish            gmq/sv
2025-12-10 16:22:14,013 [DEBUG] - espeak-ng: 5  sw              --/M      Swahili            bnt/sw
2025-12-10 16:22:14,013 [DEBUG] - espeak-ng: 5  ta              --/M      Tamil              dra/ta
2025-12-10 16:22:14,013 [DEBUG] - espeak-ng: 5  te              --/M      Telugu             dra/te
2025-12-10 16:22:14,013 [DEBUG] - espeak-ng: 5  tn              --/M      Setswana           bnt/tn
2025-12-10 16:22:14,013 [DEBUG] - espeak-ng: 5  tr              --/M      Turkish            trk/tr
2025-12-10 16:22:14,013 [DEBUG] - espeak-ng: 5  tt              --/M      Tatar              trk/tt
2025-12-10 16:22:14,013 [DEBUG] - espeak-ng: 5  ur              --/M      Urdu               inc/ur
2025-12-10 16:22:14,013 [DEBUG] - espeak-ng: 5  uz              --/M      Uzbek              trk/uz
2025-12-10 16:22:14,013 [DEBUG] - espeak-ng: 5  vi              --/M      Vietnamese_(Northern) aav/vi
2025-12-10 16:22:14,013 [DEBUG] - espeak-ng: 5  vi-vn-x-central --/M      Vietnamese_(Central) aav/vi-VN-x-central
2025-12-10 16:22:14,013 [DEBUG] - espeak-ng: 5  vi-vn-x-south   --/M      Vietnamese_(Southern) aav/vi-VN-x-south
2025-12-10 16:22:14,013 [DEBUG] - espeak-ng: 5  yue             --/M      Chinese_(Cantonese) sit/yue              (zh-yue 5)(zh 8)
2025-12-10 16:22:14,014 [DEBUG] - open file: /home/ken/.local/share/tts/tts_models--en--vctk--vits/speaker_ids.json
2025-12-10 16:22:14,015 [INFO] - Initialization of speaker-embedding layers.
2025-12-10 16:22:14,309 [DEBUG] - open file: /home/ken/.local/share/tts/tts_models--en--vctk--vits/model.pth
2025-12-10 16:22:14,455 [INFO] - STTSvc: Transcribe took 0.48697733879089355, produced ---> 
2025-12-10 16:22:14,529 [INFO] - Websocket connected
2025-12-10 16:22:15,529 [INFO] - TTSSvc: tts_svc Connected!
2025-12-10 16:22:44,181 [INFO] - STTSvc: Transcribe took 0.19184541702270508, produced ---> 
2025-12-10 16:24:23,095 [INFO] - STTSvc: model:tiny.en, useGPU:False, keyFile:/home/ken/YAVA/Keys/open-ai-key.txt
2025-12-10 16:24:23,104 [INFO] - MediaSvc: bargeIn: False, localEnabled: True, remotePort: None
2025-12-10 16:24:23,104 [DEBUG] - MediaSvc: Remote audio output is disabled
2025-12-10 16:24:23,104 [INFO] - MediaSvc: attempt to connect to main message bus
2025-12-10 16:24:23,105 [DEBUG] - ** media_svc - Not Connected **
2025-12-10 16:24:23,107 [INFO] - Websocket connected
2025-12-10 16:24:24,106 [INFO] - MediaSvc: connected to main message bus. ID is media_svc.
2025-12-10 16:24:24,108 [INFO] - HAL: Activated. Volume command is amixer -D pulse sset Master %s, Mic command is pactl set-source-volume $(pactl info | grep "Default Source" | cut -d " " -f3) %s
2025-12-10 16:24:24,618 [INFO] - Websocket connected
2025-12-10 16:24:41,130 [INFO] - STTSvc: Transcribe took 0.41736817359924316, produced ---> 
2025-12-10 16:24:42,840 [INFO] - STTSvc: Transcribe took 0.19318079948425293, produced ---> 
2025-12-10 16:24:49,146 [INFO] - STTSvc: Transcribe took 0.19273042678833008, produced ---> 
2025-12-10 16:24:53,843 [INFO] - STTSvc: Transcribe took 0.20065069198608398, produced ---> 
2025-12-10 16:24:54,893 [INFO] - STTSvc: Transcribe took 0.24215006828308105, produced ---> 1, 2, 3.
2025-12-10 16:24:55,307 [INFO] - HAL: mute mic
2025-12-10 16:24:55,316 [INFO] - HAL: play wav aplay Config/tts_out/junk.wav  >/dev/null 2>&1
2025-12-10 16:24:56,949 [INFO] - HAL: unmute mic
2025-12-10 16:24:58,860 [INFO] - STTSvc: Transcribe took 0.2254486083984375, produced ---> testing one tooth.
2025-12-10 16:24:59,248 [INFO] - STTSvc: Transcribe took 0.3091270923614502, produced ---> 
2025-12-10 16:24:59,258 [INFO] - HAL: mute mic
2025-12-10 16:24:59,267 [INFO] - HAL: play wav aplay Config/tts_out/junk.wav  >/dev/null 2>&1
2025-12-10 16:25:00,900 [INFO] - HAL: unmute mic
2025-12-10 16:25:03,965 [INFO] - STTSvc: Transcribe took 0.23529052734375, produced ---> testing 1 2 3.
2025-12-10 16:25:04,277 [INFO] - HAL: mute mic
2025-12-10 16:25:04,287 [INFO] - HAL: play wav aplay Config/tts_out/junk.wav  >/dev/null 2>&1
2025-12-10 16:25:06,170 [INFO] - HAL: unmute mic
2025-12-10 16:25:07,100 [INFO] - STTSvc: Transcribe took 0.21759343147277832, produced ---> That's good.
2025-12-10 16:25:07,328 [INFO] - HAL: mute mic
2025-12-10 16:25:07,337 [INFO] - HAL: play wav aplay Config/tts_out/junk.wav  >/dev/null 2>&1
2025-12-10 16:25:08,845 [INFO] - HAL: unmute mic
2025-12-10 16:25:10,301 [INFO] - STTSvc: Transcribe took 1.155189037322998, produced ---> .
2025-12-10 16:25:10,461 [INFO] - HAL: mute mic
2025-12-10 16:25:10,473 [INFO] - HAL: play wav aplay Config/tts_out/junk.wav  >/dev/null 2>&1
2025-12-10 16:25:10,572 [INFO] - STTSvc: Transcribe took 0.26847267150878906, produced ---> best.
2025-12-10 16:25:11,233 [INFO] - HAL: unmute mic
2025-12-10 16:25:11,241 [INFO] - HAL: mute mic
2025-12-10 16:25:11,249 [INFO] - HAL: play wav aplay Config/tts_out/junk.wav  >/dev/null 2>&1
2025-12-10 16:25:12,631 [INFO] - HAL: unmute mic
2025-12-10 16:25:13,236 [INFO] - STTSvc: Transcribe took 0.1981339454650879, produced ---> 
2025-12-10 16:25:13,993 [INFO] - STTSvc: Transcribe took 0.1927025318145752, produced ---> 
2025-12-10 16:25:15,342 [INFO] - STTSvc: Transcribe took 0.19378209114074707, produced ---> 
2025-12-10 16:25:46,103 [INFO] - STTSvc: Transcribe took 0.20414185523986816, produced ---> 
2025-12-10 16:25:47,746 [INFO] - STTSvc: Transcribe took 0.19379019737243652, produced ---> 
2025-12-10 16:25:49,091 [INFO] - STTSvc: Transcribe took 0.19089293479919434, produced ---> 
2025-12-10 16:25:49,550 [INFO] - STTSvc: Transcribe took 0.19319605827331543, produced ---> 
2025-12-10 16:25:49,749 [INFO] - STTSvc: Transcribe took 0.19720888137817383, produced ---> 
2025-12-10 16:25:51,054 [INFO] - STTSvc: Transcribe took 0.19701290130615234, produced ---> 
2025-12-10 16:26:36,984 [INFO] - STTSvc: model:tiny.en, useGPU:False, keyFile:/home/ken/YAVA/Keys/open-ai-key.txt
2025-12-10 16:26:36,993 [INFO] - MediaSvc: bargeIn: False, localEnabled: True, remotePort: None
2025-12-10 16:26:36,994 [DEBUG] - MediaSvc: Remote audio output is disabled
2025-12-10 16:26:36,994 [INFO] - MediaSvc: attempt to connect to main message bus
2025-12-10 16:26:36,994 [DEBUG] - ** media_svc - Not Connected **
2025-12-10 16:26:36,997 [INFO] - Websocket connected
2025-12-10 16:26:37,996 [INFO] - MediaSvc: connected to main message bus. ID is media_svc.
2025-12-10 16:26:37,998 [INFO] - HAL: Activated. Volume command is amixer -D pulse sset Master %s, Mic command is pactl set-source-volume $(pactl info | grep "Default Source" | cut -d " " -f3) %s
2025-12-10 16:26:38,412 [INFO] - Websocket connected
2025-12-10 16:26:48,399 [INFO] - STTSvc: Transcribe took 0.41587114334106445, produced ---> 
2025-12-10 16:26:49,824 [INFO] - STTSvc: Transcribe took 0.1885521411895752, produced ---> 
2025-12-10 16:27:30,374 [INFO] - STTSvc: model:tiny.en, useGPU:False, keyFile:/home/ken/YAVA/Keys/open-ai-key.txt
2025-12-10 16:27:30,384 [INFO] - MediaSvc: bargeIn: False, localEnabled: True, remotePort: None
2025-12-10 16:27:30,384 [DEBUG] - MediaSvc: Remote audio output is disabled
2025-12-10 16:27:30,384 [INFO] - MediaSvc: attempt to connect to main message bus
2025-12-10 16:27:30,385 [DEBUG] - ** media_svc - Not Connected **
2025-12-10 16:27:30,387 [INFO] - Websocket connected
2025-12-10 16:27:31,386 [INFO] - MediaSvc: connected to main message bus. ID is media_svc.
2025-12-10 16:27:31,388 [INFO] - HAL: Activated. Volume command is amixer -D pulse sset Master %s, Mic command is pactl set-source-volume $(pactl info | grep "Default Source" | cut -d " " -f3) %s
2025-12-10 16:27:31,888 [INFO] - Websocket connected
2025-12-10 16:27:41,478 [INFO] - STTSvc: Transcribe took 0.41388440132141113, produced ---> 
2025-12-10 16:27:45,762 [INFO] - STTSvc: Transcribe took 0.19624924659729004, produced ---> 
2025-12-10 16:27:52,684 [INFO] - STTSvc: Transcribe took 0.20186424255371094, produced ---> test.
2025-12-10 16:27:53,013 [WARNING] - TTSSvc: Transcribe took 0.32651591300964355, Received text ---> test.
2025-12-10 16:27:53,015 [INFO] - HAL: mute mic
2025-12-10 16:27:53,025 [INFO] - HAL: play wav aplay Config/tts_out/junk.wav  >/dev/null 2>&1
2025-12-10 16:27:53,432 [INFO] - STTSvc: Transcribe took 0.2106633186340332, produced ---> one two
2025-12-10 16:27:53,633 [WARNING] - TTSSvc: Transcribe took 0.19964265823364258, Received text ---> one two
2025-12-10 16:27:54,407 [INFO] - HAL: unmute mic
2025-12-10 16:27:54,416 [INFO] - HAL: mute mic
2025-12-10 16:27:54,424 [INFO] - HAL: play wav aplay Config/tts_out/junk.wav  >/dev/null 2>&1
2025-12-10 16:27:55,682 [INFO] - HAL: unmute mic
2025-12-10 16:27:57,489 [INFO] - STTSvc: Transcribe took 0.20138931274414062, produced ---> testing.
2025-12-10 16:27:57,738 [WARNING] - TTSSvc: Transcribe took 0.24725031852722168, Received text ---> testing.
2025-12-10 16:27:57,740 [INFO] - HAL: mute mic
2025-12-10 16:27:57,750 [INFO] - HAL: play wav aplay Config/tts_out/junk.wav  >/dev/null 2>&1
2025-12-10 16:27:59,132 [INFO] - HAL: unmute mic
2025-12-10 16:28:01,541 [INFO] - STTSvc: Transcribe took 0.20764827728271484, produced ---> testing 123.
2025-12-10 16:28:01,992 [WARNING] - TTSSvc: Transcribe took 0.44944119453430176, Received text ---> testing 123.
2025-12-10 16:28:01,994 [INFO] - HAL: mute mic
2025-12-10 16:28:02,003 [INFO] - HAL: play wav aplay Config/tts_out/junk.wav  >/dev/null 2>&1
2025-12-10 16:28:04,261 [INFO] - HAL: unmute mic
2025-12-10 16:28:08,600 [INFO] - STTSvc: Transcribe took 0.21998810768127441, produced ---> Testing 123.
2025-12-10 16:28:08,995 [WARNING] - TTSSvc: Transcribe took 0.39235591888427734, Received text ---> Testing 123.
2025-12-10 16:28:08,997 [INFO] - HAL: mute mic
2025-12-10 16:28:09,005 [INFO] - HAL: play wav aplay Config/tts_out/junk.wav  >/dev/null 2>&1
2025-12-10 16:28:11,263 [INFO] - HAL: unmute mic
2025-12-10 16:28:28,459 [INFO] - STTSvc: Transcribe took 0.1929941177368164, produced ---> 
2025-12-10 16:28:29,190 [INFO] - STTSvc: Transcribe took 0.18451333045959473, produced ---> 
2025-12-10 16:28:29,658 [INFO] - STTSvc: Transcribe took 0.19598674774169922, produced ---> 
2025-12-10 16:28:29,861 [INFO] - STTSvc: Transcribe took 0.20102477073669434, produced ---> 
2025-12-10 16:28:30,055 [INFO] - STTSvc: Transcribe took 0.1925060749053955, produced ---> 
2025-12-10 16:28:31,157 [INFO] - STTSvc: Transcribe took 0.19449114799499512, produced ---> 
2025-12-10 16:28:31,466 [INFO] - STTSvc: Transcribe took 0.19786810874938965, produced ---> 
2025-12-10 16:28:32,198 [INFO] - STTSvc: Transcribe took 0.19228816032409668, produced ---> 
2025-12-10 16:28:32,807 [INFO] - STTSvc: Transcribe took 0.1907956600189209, produced ---> 
2025-12-10 17:50:24,261 [INFO] - STTSvc: model:tiny.en, useGPU:False, keyFile:/home/ken/YAVA/Keys/open-ai-key.txt
2025-12-10 17:50:24,270 [INFO] - MediaSvc: bargeIn: False, localEnabled: True, remotePort: None
2025-12-10 17:50:24,271 [DEBUG] - MediaSvc: Remote audio output is disabled
2025-12-10 17:50:24,271 [INFO] - MediaSvc: attempt to connect to main message bus
2025-12-10 17:50:24,271 [DEBUG] - ** media_svc - Not Connected **
2025-12-10 17:50:24,274 [INFO] - Websocket connected
2025-12-10 17:50:25,272 [INFO] - MediaSvc: connected to main message bus. ID is media_svc.
2025-12-10 17:50:25,275 [INFO] - HAL: Activated. Volume command is amixer -D pulse sset Master %s, Mic command is pactl set-source-volume $(pactl info | grep "Default Source" | cut -d " " -f3) %s
2025-12-10 17:50:25,824 [INFO] - Websocket connected
2025-12-10 17:50:31,027 [INFO] - STTSvc: Transcribe took 0.4724690914154053, produced ---> 
2025-12-10 17:50:32,683 [INFO] - STTSvc: Transcribe took 0.19051527976989746, produced ---> 
2025-12-10 17:50:33,446 [INFO] - STTSvc: Transcribe took 0.19155550003051758, produced ---> 
2025-12-10 17:50:33,878 [INFO] - STTSvc: Transcribe took 0.1901695728302002, produced ---> 
2025-12-10 17:50:34,180 [INFO] - STTSvc: Transcribe took 0.18681001663208008, produced ---> 
2025-12-10 17:50:34,371 [INFO] - STTSvc: Transcribe took 0.18891572952270508, produced ---> 
2025-12-10 17:50:34,564 [INFO] - STTSvc: Transcribe took 0.19139313697814941, produced ---> 
2025-12-10 17:50:34,755 [INFO] - STTSvc: Transcribe took 0.18944215774536133, produced ---> 
2025-12-10 17:50:35,223 [INFO] - STTSvc: Transcribe took 0.18740344047546387, produced ---> 
2025-12-10 17:50:35,415 [INFO] - STTSvc: Transcribe took 0.19024324417114258, produced ---> 
2025-12-10 17:50:35,607 [INFO] - STTSvc: Transcribe took 0.1905193328857422, produced ---> 
2025-12-10 17:50:35,798 [INFO] - STTSvc: Transcribe took 0.18948698043823242, produced ---> 
2025-12-10 17:50:35,988 [INFO] - STTSvc: Transcribe took 0.18865966796875, produced ---> 
2025-12-10 17:50:36,445 [INFO] - STTSvc: Transcribe took 0.18964719772338867, produced ---> 
2025-12-10 17:50:36,726 [INFO] - STTSvc: Transcribe took 0.1888883113861084, produced ---> 
2025-12-10 17:50:37,801 [INFO] - STTSvc: Transcribe took 0.1971299648284912, produced ---> 
2025-12-10 17:50:38,385 [INFO] - STTSvc: Transcribe took 0.19612526893615723, produced ---> 
2025-12-10 17:50:39,746 [INFO] - STTSvc: Transcribe took 0.2093958854675293, produced ---> 
2025-12-10 17:50:42,590 [INFO] - STTSvc: Transcribe took 0.20446562767028809, produced ---> 
2025-12-10 17:50:44,739 [INFO] - STTSvc: Transcribe took 0.9807212352752686, produced ---> parallel to this busted
2025-12-10 17:50:45,194 [WARNING] - TTSSvc: Transcribe took 0.4521446228027344, Received text ---> parallel to this busted
2025-12-10 17:50:45,195 [INFO] - HAL: mute mic
2025-12-10 17:50:45,205 [INFO] - HAL: play wav aplay Config/tts_out/junk.wav  >/dev/null 2>&1
2025-12-10 17:50:47,088 [INFO] - HAL: unmute mic
2025-12-10 17:50:48,277 [INFO] - STTSvc: Transcribe took 0.18860125541687012, produced ---> 
2025-12-10 17:50:49,188 [INFO] - STTSvc: Transcribe took 0.19093775749206543, produced ---> 
2025-12-10 17:50:49,944 [INFO] - STTSvc: Transcribe took 0.1854252815246582, produced ---> 
2025-12-10 17:50:50,226 [INFO] - STTSvc: Transcribe took 0.1865081787109375, produced ---> 
2025-12-10 17:50:51,295 [INFO] - STTSvc: Transcribe took 0.1879405975341797, produced ---> 
2025-12-10 17:50:52,494 [INFO] - STTSvc: Transcribe took 0.19211506843566895, produced ---> 
2025-12-10 17:50:52,950 [INFO] - STTSvc: Transcribe took 0.1902313232421875, produced ---> 
2025-12-10 17:50:53,693 [INFO] - STTSvc: Transcribe took 0.18561029434204102, produced ---> 
2025-12-10 17:50:53,886 [INFO] - STTSvc: Transcribe took 0.19205307960510254, produced ---> 
2025-12-10 17:50:56,688 [INFO] - STTSvc: Transcribe took 0.18808197975158691, produced ---> 
2025-12-10 17:50:58,039 [INFO] - STTSvc: Transcribe took 0.19172072410583496, produced ---> 
2025-12-10 17:50:58,949 [INFO] - STTSvc: Transcribe took 0.1877000331878662, produced ---> 
2025-12-10 17:51:00,167 [INFO] - STTSvc: Transcribe took 0.2084639072418213, produced ---> 
2025-12-10 17:51:00,466 [INFO] - STTSvc: Transcribe took 0.2032778263092041, produced ---> 
2025-12-10 17:51:00,658 [INFO] - STTSvc: Transcribe took 0.19075989723205566, produced ---> 
2025-12-10 17:51:01,036 [INFO] - STTSvc: Transcribe took 0.18745064735412598, produced ---> 
2025-12-10 17:51:01,345 [INFO] - STTSvc: Transcribe took 0.19157099723815918, produced ---> 
2025-12-10 17:51:01,533 [INFO] - STTSvc: Transcribe took 0.18740534782409668, produced ---> 
2025-12-10 17:51:06,030 [INFO] - STTSvc: Transcribe took 1.1373274326324463, produced ---> {\an
2025-12-10 17:51:06,290 [INFO] - STTSvc: Transcribe took 0.25763416290283203, produced ---> 
2025-12-10 17:51:06,488 [WARNING] - TTSSvc: Transcribe took 0.4563746452331543, Received text ---> {\an
2025-12-10 17:51:06,490 [INFO] - HAL: mute mic
2025-12-10 17:51:06,500 [INFO] - HAL: play wav aplay Config/tts_out/junk.wav  >/dev/null 2>&1
2025-12-10 17:51:08,009 [INFO] - HAL: unmute mic
2025-12-10 17:51:10,654 [INFO] - STTSvc: Transcribe took 0.2729053497314453, produced ---> Testing 1, 2, 3.
2025-12-10 17:51:11,020 [WARNING] - TTSSvc: Transcribe took 0.36304807662963867, Received text ---> Testing 1, 2, 3.
2025-12-10 17:51:11,021 [INFO] - HAL: mute mic
2025-12-10 17:51:11,031 [INFO] - HAL: play wav aplay Config/tts_out/junk.wav  >/dev/null 2>&1
2025-12-10 17:51:12,914 [INFO] - HAL: unmute mic
2025-12-10 17:51:14,375 [INFO] - STTSvc: Transcribe took 0.25037121772766113, produced ---> What time is this?
2025-12-10 17:51:14,672 [WARNING] - TTSSvc: Transcribe took 0.29451560974121094, Received text ---> What time is this?
2025-12-10 17:51:14,674 [INFO] - HAL: mute mic
2025-12-10 17:51:14,684 [INFO] - HAL: play wav aplay Config/tts_out/junk.wav  >/dev/null 2>&1
2025-12-10 17:51:16,443 [INFO] - HAL: unmute mic
2025-12-10 17:51:18,291 [INFO] - STTSvc: Transcribe took 0.24971675872802734, produced ---> What time is that?
2025-12-10 17:51:18,572 [WARNING] - TTSSvc: Transcribe took 0.27890801429748535, Received text ---> What time is that?
2025-12-10 17:51:18,573 [INFO] - HAL: mute mic
2025-12-10 17:51:18,583 [INFO] - HAL: play wav aplay Config/tts_out/junk.wav  >/dev/null 2>&1
2025-12-10 17:51:20,216 [INFO] - HAL: unmute mic
2025-12-10 17:51:22,144 [INFO] - STTSvc: Transcribe took 0.21057343482971191, produced ---> 
2025-12-10 17:51:22,611 [INFO] - STTSvc: Transcribe took 0.22121620178222656, produced ---> 
2025-12-10 17:51:25,306 [INFO] - STTSvc: Transcribe took 0.21915388107299805, produced ---> Hello.
2025-12-10 17:51:25,508 [WARNING] - TTSSvc: Transcribe took 0.19970989227294922, Received text ---> Hello.
2025-12-10 17:51:25,510 [INFO] - HAL: mute mic
2025-12-10 17:51:25,521 [INFO] - HAL: play wav aplay Config/tts_out/junk.wav  >/dev/null 2>&1
2025-12-10 17:51:26,654 [INFO] - HAL: unmute mic
2025-12-10 17:51:29,190 [INFO] - STTSvc: Transcribe took 0.2110598087310791, produced ---> 
2025-12-10 17:51:33,747 [INFO] - STTSvc: Transcribe took 0.2674446105957031, produced ---> testing 1, 2, 3,
2025-12-10 17:51:34,182 [WARNING] - TTSSvc: Transcribe took 0.43248414993286133, Received text ---> testing 1, 2, 3,
2025-12-10 17:51:34,184 [INFO] - HAL: mute mic
2025-12-10 17:51:34,193 [INFO] - HAL: play wav aplay Config/tts_out/junk.wav  >/dev/null 2>&1
2025-12-10 17:51:36,202 [INFO] - HAL: unmute mic
2025-12-10 17:51:37,609 [INFO] - STTSvc: Transcribe took 0.2148275375366211, produced ---> 
2025-12-10 17:51:37,919 [INFO] - STTSvc: Transcribe took 0.2186133861541748, produced ---> 
2025-12-10 17:51:38,320 [INFO] - STTSvc: Transcribe took 0.18683147430419922, produced ---> 
2025-12-10 17:51:39,087 [INFO] - STTSvc: Transcribe took 0.1912994384765625, produced ---> 
2025-12-10 17:51:39,821 [INFO] - STTSvc: Transcribe took 0.1882643699645996, produced ---> 
2025-12-10 17:51:41,016 [INFO] - STTSvc: Transcribe took 0.18806743621826172, produced ---> 
2025-12-10 17:51:42,416 [INFO] - STTSvc: Transcribe took 0.21581077575683594, produced ---> 
2025-12-10 17:51:42,610 [INFO] - STTSvc: Transcribe took 0.19321894645690918, produced ---> 
2025-12-10 17:51:46,288 [INFO] - STTSvc: Transcribe took 0.1964740753173828, produced ---> 
2025-12-10 17:51:47,023 [INFO] - STTSvc: Transcribe took 0.19285106658935547, produced ---> 
2025-12-10 17:51:47,780 [INFO] - STTSvc: Transcribe took 0.18716049194335938, produced ---> 
2025-12-10 17:51:50,020 [INFO] - STTSvc: Transcribe took 0.18765735626220703, produced ---> 
2025-12-10 17:51:50,634 [INFO] - STTSvc: Transcribe took 0.19202303886413574, produced ---> 
2025-12-10 17:51:50,960 [INFO] - STTSvc: Transcribe took 0.21316051483154297, produced ---> 
2025-12-10 17:51:51,153 [INFO] - STTSvc: Transcribe took 0.19189453125, produced ---> 
2025-12-10 17:51:51,349 [INFO] - STTSvc: Transcribe took 0.1944267749786377, produced ---> 
2025-12-10 17:51:51,979 [INFO] - STTSvc: Transcribe took 0.18858790397644043, produced ---> 
2025-12-10 17:51:53,022 [INFO] - STTSvc: Transcribe took 0.18823742866516113, produced ---> 
2025-12-10 17:51:53,628 [INFO] - STTSvc: Transcribe took 0.1859283447265625, produced ---> 
2025-12-10 17:51:54,673 [INFO] - STTSvc: Transcribe took 0.18768000602722168, produced ---> 
2025-12-10 17:51:54,976 [INFO] - STTSvc: Transcribe took 0.18517708778381348, produced ---> 
2025-12-10 17:51:55,433 [INFO] - STTSvc: Transcribe took 0.1850590705871582, produced ---> 
2025-12-10 17:51:55,902 [INFO] - STTSvc: Transcribe took 0.18526196479797363, produced ---> 
2025-12-10 17:51:56,171 [INFO] - STTSvc: Transcribe took 0.1859726905822754, produced ---> 
2025-12-10 17:51:56,781 [INFO] - STTSvc: Transcribe took 0.18497657775878906, produced ---> 
2025-12-10 17:51:56,970 [INFO] - STTSvc: Transcribe took 0.1877305507659912, produced ---> 
2025-12-11 17:57:19,593 [INFO] - STTSvc: model:small.en, useGPU:True, keyFile:/home/ken/YAVA/Keys/open-ai-key.txt
2025-12-11 17:57:19,602 [INFO] - MediaSvc: bargeIn: False, localEnabled: True, remotePort: None
2025-12-11 17:57:19,603 [DEBUG] - MediaSvc: Remote audio output is disabled
2025-12-11 17:57:19,603 [INFO] - MediaSvc: attempt to connect to main message bus
2025-12-11 17:57:19,603 [DEBUG] - ** media_svc - Not Connected **
2025-12-11 17:57:19,606 [INFO] - Websocket connected
2025-12-11 17:57:20,604 [INFO] - MediaSvc: connected to main message bus. ID is media_svc.
2025-12-11 17:57:20,606 [INFO] - HAL: Activated. Volume command is amixer -D pulse sset Master %s, Mic command is pactl set-source-volume $(pactl info | grep "Default Source" | cut -d " " -f3) %s
2025-12-11 17:57:23,826 [INFO] - Websocket connected
2025-12-11 17:57:27,104 [INFO] - STTSvc: Transcribe took 1.1362817287445068, produced ---> 
2025-12-11 17:57:27,302 [INFO] - STTSvc: Transcribe took 0.19681572914123535, produced ---> 
2025-12-11 17:57:27,501 [INFO] - STTSvc: Transcribe took 0.1966090202331543, produced ---> 
2025-12-11 17:57:27,700 [INFO] - STTSvc: Transcribe took 0.19710230827331543, produced ---> 
2025-12-11 17:57:27,900 [INFO] - STTSvc: Transcribe took 0.1985311508178711, produced ---> 
2025-12-11 17:57:28,102 [INFO] - STTSvc: Transcribe took 0.20109009742736816, produced ---> 
2025-12-11 17:57:28,591 [INFO] - STTSvc: Transcribe took 0.19535183906555176, produced ---> 
2025-12-11 17:57:29,168 [INFO] - STTSvc: Transcribe took 0.19752812385559082, produced ---> 
2025-12-11 17:57:29,623 [INFO] - STTSvc: Transcribe took 0.1963653564453125, produced ---> 
2025-12-11 17:57:30,364 [INFO] - STTSvc: Transcribe took 0.19737577438354492, produced ---> 
2025-12-11 17:57:31,430 [INFO] - STTSvc: Transcribe took 0.19834637641906738, produced ---> 
2025-12-11 17:57:32,014 [INFO] - STTSvc: Transcribe took 0.19559931755065918, produced ---> 
2025-12-11 17:57:33,240 [INFO] - STTSvc: Transcribe took 0.20171141624450684, produced ---> 
2025-12-11 17:57:33,824 [INFO] - STTSvc: Transcribe took 0.20075106620788574, produced ---> 
2025-12-11 17:57:34,584 [INFO] - STTSvc: Transcribe took 0.19931864738464355, produced ---> 
2025-12-11 17:57:34,784 [INFO] - STTSvc: Transcribe took 0.19823145866394043, produced ---> 
2025-12-11 17:57:35,323 [INFO] - STTSvc: Transcribe took 0.19725608825683594, produced ---> 
2025-12-11 17:57:35,782 [INFO] - STTSvc: Transcribe took 0.20055460929870605, produced ---> 
2025-12-11 17:57:36,086 [INFO] - STTSvc: Transcribe took 0.19913125038146973, produced ---> 
2025-12-11 17:57:36,974 [INFO] - STTSvc: Transcribe took 0.19564056396484375, produced ---> 
2025-12-11 17:57:37,432 [INFO] - STTSvc: Transcribe took 0.19742274284362793, produced ---> 
2025-12-11 17:57:37,734 [INFO] - STTSvc: Transcribe took 0.194746732711792, produced ---> 
2025-12-11 17:57:39,084 [INFO] - STTSvc: Transcribe took 0.19646859169006348, produced ---> 
2025-12-11 17:57:39,825 [INFO] - STTSvc: Transcribe took 0.19881772994995117, produced ---> 
2025-12-11 17:57:40,129 [INFO] - STTSvc: Transcribe took 0.19738030433654785, produced ---> 
2025-12-11 17:57:40,589 [INFO] - STTSvc: Transcribe took 0.2000563144683838, produced ---> 
2025-12-11 17:57:41,022 [INFO] - STTSvc: Transcribe took 0.19781064987182617, produced ---> 
2025-12-11 17:57:42,687 [INFO] - STTSvc: Transcribe took 0.2009427547454834, produced ---> 
2025-12-11 17:57:43,879 [INFO] - STTSvc: Transcribe took 0.20635175704956055, produced ---> 
2025-12-11 17:57:44,324 [INFO] - STTSvc: Transcribe took 0.1952364444732666, produced ---> 
2025-12-11 17:57:44,937 [INFO] - STTSvc: Transcribe took 0.1988692283630371, produced ---> 
2025-12-11 17:57:45,524 [INFO] - STTSvc: Transcribe took 0.19786763191223145, produced ---> 
2025-12-11 17:57:45,979 [INFO] - STTSvc: Transcribe took 0.19603896141052246, produced ---> 
2025-12-11 17:57:49,452 [INFO] - STTSvc: Transcribe took 0.2091689109802246, produced ---> 
2025-12-11 17:57:50,332 [INFO] - STTSvc: Transcribe took 0.19966697692871094, produced ---> 
2025-12-11 17:57:53,339 [INFO] - STTSvc: Transcribe took 0.20608067512512207, produced ---> 
2025-12-11 17:57:56,188 [INFO] - STTSvc: Transcribe took 0.20532631874084473, produced ---> 
2025-12-11 17:57:57,247 [INFO] - STTSvc: Transcribe took 0.19882559776306152, produced ---> 
2025-12-11 17:57:57,681 [INFO] - STTSvc: Transcribe took 0.19663667678833008, produced ---> 
2025-12-11 17:57:59,181 [INFO] - STTSvc: Transcribe took 0.19608640670776367, produced ---> 
2025-12-11 17:57:59,639 [INFO] - STTSvc: Transcribe took 0.19816279411315918, produced ---> 
2025-12-11 17:58:00,250 [INFO] - STTSvc: Transcribe took 0.19939231872558594, produced ---> 
2025-12-11 17:58:00,986 [INFO] - STTSvc: Transcribe took 0.19573450088500977, produced ---> 
2025-12-11 17:58:02,805 [INFO] - STTSvc: Transcribe took 0.21028852462768555, produced ---> 
2025-12-11 17:58:58,350 [INFO] - STTSvc: model:small.en, useGPU:True, keyFile:/home/ken/YAVA/Keys/open-ai-key.txt
2025-12-11 17:58:58,360 [INFO] - MediaSvc: bargeIn: False, localEnabled: True, remotePort: None
2025-12-11 17:58:58,360 [DEBUG] - MediaSvc: Remote audio output is disabled
2025-12-11 17:58:58,360 [INFO] - MediaSvc: attempt to connect to main message bus
2025-12-11 17:58:58,360 [DEBUG] - ** media_svc - Not Connected **
2025-12-11 17:58:58,363 [INFO] - Websocket connected
2025-12-11 17:58:59,362 [INFO] - MediaSvc: connected to main message bus. ID is media_svc.
2025-12-11 17:58:59,364 [INFO] - HAL: Activated. Volume command is amixer -D pulse sset Master %s, Mic command is pactl set-source-volume $(pactl info | grep "Default Source" | cut -d " " -f3) %s
2025-12-11 17:59:02,033 [INFO] - Websocket connected
2025-12-11 17:59:09,315 [INFO] - STTSvc: Transcribe took 0.7095522880554199, produced ---> 
2025-12-11 17:59:10,152 [INFO] - STTSvc: Transcribe took 0.1978588104248047, produced ---> 
2025-12-11 17:59:11,346 [INFO] - STTSvc: Transcribe took 0.19619417190551758, produced ---> 
2025-12-11 17:59:11,651 [INFO] - STTSvc: Transcribe took 0.19540691375732422, produced ---> 
2025-12-11 17:59:12,086 [INFO] - STTSvc: Transcribe took 0.19654297828674316, produced ---> 
2025-12-11 17:59:12,283 [INFO] - STTSvc: Transcribe took 0.19523191452026367, produced ---> 
2025-12-11 17:59:12,542 [INFO] - STTSvc: Transcribe took 0.19597864151000977, produced ---> 
2025-12-11 17:59:12,999 [INFO] - STTSvc: Transcribe took 0.19494199752807617, produced ---> 
2025-12-11 17:59:13,305 [INFO] - STTSvc: Transcribe took 0.1964123249053955, produced ---> 
2025-12-11 17:59:13,586 [INFO] - STTSvc: Transcribe took 0.1957406997680664, produced ---> 
2025-12-11 17:59:14,194 [INFO] - STTSvc: Transcribe took 0.1960294246673584, produced ---> 
2025-12-11 17:59:15,390 [INFO] - STTSvc: Transcribe took 0.19490480422973633, produced ---> 
2025-12-11 17:59:15,999 [INFO] - STTSvc: Transcribe took 0.19506168365478516, produced ---> 
2025-12-11 17:59:16,891 [INFO] - STTSvc: Transcribe took 0.1955738067626953, produced ---> 
2025-12-11 17:59:17,088 [INFO] - STTSvc: Transcribe took 0.19533562660217285, produced ---> 
2025-12-11 17:59:18,393 [INFO] - STTSvc: Transcribe took 0.1967465877532959, produced ---> 
2025-12-11 17:59:19,152 [INFO] - STTSvc: Transcribe took 0.19569158554077148, produced ---> 
2025-12-11 17:59:19,457 [INFO] - STTSvc: Transcribe took 0.19578838348388672, produced ---> 
2025-12-11 17:59:20,656 [INFO] - STTSvc: Transcribe took 0.19852900505065918, produced ---> 
2025-12-11 17:59:21,851 [INFO] - STTSvc: Transcribe took 0.19812369346618652, produced ---> 
2025-12-11 17:59:22,053 [INFO] - STTSvc: Transcribe took 0.1998460292816162, produced ---> 
2025-12-11 17:59:22,312 [INFO] - STTSvc: Transcribe took 0.20282244682312012, produced ---> 
2025-12-11 17:59:22,588 [INFO] - STTSvc: Transcribe took 0.19566583633422852, produced ---> 
2025-12-11 17:59:26,106 [INFO] - STTSvc: Transcribe took 0.2553138732910156, produced ---> Testing one, two, three.
2025-12-11 17:59:27,079 [WARNING] - TTSSvc: Transcribe took 0.9705798625946045, Received text ---> Testing one, two, three.
2025-12-11 17:59:27,080 [INFO] - HAL: mute mic
2025-12-11 17:59:27,089 [INFO] - HAL: play wav aplay Config/tts_out/junk.wav  >/dev/null 2>&1
2025-12-11 17:59:28,905 [INFO] - HAL: unmute mic
2025-12-11 17:59:29,883 [INFO] - STTSvc: Transcribe took 0.20735406875610352, produced ---> 
2025-12-11 17:59:30,498 [INFO] - STTSvc: Transcribe took 0.22242021560668945, produced ---> What's new?
2025-12-11 17:59:31,279 [WARNING] - TTSSvc: Transcribe took 0.7795255184173584, Received text ---> What's new?
2025-12-11 17:59:31,282 [INFO] - HAL: mute mic
2025-12-11 17:59:31,291 [INFO] - HAL: play wav aplay Config/tts_out/junk.wav  >/dev/null 2>&1
2025-12-11 17:59:32,048 [INFO] - HAL: unmute mic
2025-12-11 17:59:34,722 [INFO] - STTSvc: Transcribe took 0.25130462646484375, produced ---> How is everything going today?
2025-12-11 17:59:35,568 [WARNING] - TTSSvc: Transcribe took 0.844306468963623, Received text ---> How is everything going today?
2025-12-11 17:59:35,569 [INFO] - HAL: mute mic
2025-12-11 17:59:35,578 [INFO] - HAL: play wav aplay Config/tts_out/junk.wav  >/dev/null 2>&1
2025-12-11 17:59:37,336 [INFO] - HAL: unmute mic
2025-12-11 17:59:39,451 [INFO] - STTSvc: Transcribe took 0.2493741512298584, produced ---> This is sounding well.
2025-12-11 17:59:40,278 [WARNING] - TTSSvc: Transcribe took 0.8236052989959717, Received text ---> This is sounding well.
2025-12-11 17:59:40,279 [INFO] - HAL: mute mic
2025-12-11 17:59:40,288 [INFO] - HAL: play wav aplay Config/tts_out/junk.wav  >/dev/null 2>&1
2025-12-11 17:59:41,670 [INFO] - HAL: unmute mic
2025-12-11 17:59:43,621 [INFO] - STTSvc: Transcribe took 0.2237529754638672, produced ---> working good.
2025-12-11 17:59:44,409 [WARNING] - TTSSvc: Transcribe took 0.7864875793457031, Received text ---> working good.
2025-12-11 17:59:44,411 [INFO] - HAL: mute mic
2025-12-11 17:59:44,419 [INFO] - HAL: play wav aplay Config/tts_out/junk.wav  >/dev/null 2>&1
2025-12-11 17:59:45,426 [INFO] - HAL: unmute mic
2025-12-11 17:59:47,671 [INFO] - STTSvc: Transcribe took 0.2079315185546875, produced ---> 
2025-12-11 18:00:25,626 [INFO] - STTSvc: Transcribe took 0.21480917930603027, produced ---> 
2025-12-11 18:00:38,384 [INFO] - STTSvc: Transcribe took 0.20623493194580078, produced ---> 
2025-12-11 18:00:39,571 [INFO] - STTSvc: Transcribe took 0.19654583930969238, produced ---> 
2025-12-11 18:00:40,483 [INFO] - STTSvc: Transcribe took 0.1955864429473877, produced ---> you
2025-12-11 18:00:41,268 [WARNING] - TTSSvc: Transcribe took 0.7822201251983643, Received text ---> you
2025-12-11 18:00:41,270 [INFO] - HAL: mute mic
2025-12-11 18:00:41,279 [INFO] - HAL: play wav aplay Config/tts_out/junk.wav  >/dev/null 2>&1
2025-12-11 18:00:41,975 [INFO] - HAL: unmute mic
2025-12-11 18:00:45,592 [INFO] - STTSvc: Transcribe took 0.21501445770263672, produced ---> What?
2025-12-11 18:00:46,405 [WARNING] - TTSSvc: Transcribe took 0.811500072479248, Received text ---> What?
2025-12-11 18:00:46,407 [INFO] - HAL: mute mic
2025-12-11 18:00:46,416 [INFO] - HAL: play wav aplay Config/tts_out/junk.wav  >/dev/null 2>&1
2025-12-11 18:00:47,048 [INFO] - HAL: unmute mic
2025-12-11 18:00:51,522 [INFO] - STTSvc: Transcribe took 0.2967982292175293, produced ---> Who, what, when, where, how, why?
2025-12-11 18:00:52,420 [WARNING] - TTSSvc: Transcribe took 0.8955345153808594, Received text ---> Who, what, when, where, how, why?
2025-12-11 18:00:52,423 [INFO] - HAL: mute mic
2025-12-11 18:00:52,432 [INFO] - HAL: play wav aplay Config/tts_out/junk.wav  >/dev/null 2>&1
2025-12-11 18:00:56,440 [INFO] - HAL: unmute mic
2025-12-11 18:00:57,796 [INFO] - STTSvc: Transcribe took 0.20371556282043457, produced ---> 
2025-12-11 18:00:59,034 [INFO] - STTSvc: Transcribe took 0.22995662689208984, produced ---> I don't know.
2025-12-11 18:00:59,840 [WARNING] - TTSSvc: Transcribe took 0.8038897514343262, Received text ---> I don't know.
2025-12-11 18:00:59,843 [INFO] - HAL: mute mic
2025-12-11 18:00:59,852 [INFO] - HAL: play wav aplay Config/tts_out/junk.wav  >/dev/null 2>&1
2025-12-11 18:01:00,860 [INFO] - HAL: unmute mic
2025-12-11 18:01:06,666 [INFO] - STTSvc: Transcribe took 0.20683765411376953, produced ---> 
2025-12-11 18:01:07,117 [INFO] - STTSvc: Transcribe took 0.2007613182067871, produced ---> 
2025-12-11 18:01:07,417 [INFO] - STTSvc: Transcribe took 0.1957385540008545, produced ---> 
2025-12-11 18:01:07,615 [INFO] - STTSvc: Transcribe took 0.19588613510131836, produced ---> 
2025-12-11 18:01:08,003 [INFO] - STTSvc: Transcribe took 0.19464540481567383, produced ---> 
2025-12-11 18:01:08,919 [INFO] - STTSvc: Transcribe took 0.19689297676086426, produced ---> 
2025-12-11 18:01:09,200 [INFO] - STTSvc: Transcribe took 0.19606733322143555, produced ---> 
2025-12-11 18:01:09,504 [INFO] - STTSvc: Transcribe took 0.1955113410949707, produced ---> 
2025-12-11 18:01:10,114 [INFO] - STTSvc: Transcribe took 0.19659757614135742, produced ---> 
2025-12-11 18:01:10,701 [INFO] - STTSvc: Transcribe took 0.19512605667114258, produced ---> 
2025-12-11 18:01:11,158 [INFO] - STTSvc: Transcribe took 0.19600152969360352, produced ---> 
2025-12-11 18:01:11,769 [INFO] - STTSvc: Transcribe took 0.19809246063232422, produced ---> 
2025-12-11 18:01:12,507 [INFO] - STTSvc: Transcribe took 0.19800901412963867, produced ---> 
2025-12-11 18:01:12,812 [INFO] - STTSvc: Transcribe took 0.19733333587646484, produced ---> 
2025-12-11 18:01:13,423 [INFO] - STTSvc: Transcribe took 0.19887995719909668, produced ---> 
2025-12-11 18:01:13,855 [INFO] - STTSvc: Transcribe took 0.19727110862731934, produced ---> 
2025-12-12 10:13:10,973 [INFO] - STTSvc: model:small.en, useGPU:True, keyFile:/home/ken/YAVA/Keys/open-ai-key.txt
2025-12-12 10:13:10,982 [INFO] - MediaSvc: bargeIn: False, localEnabled: True, remotePort: None
2025-12-12 10:13:10,982 [DEBUG] - MediaSvc: Remote audio output is disabled
2025-12-12 10:13:10,982 [INFO] - MediaSvc: attempt to connect to main message bus
2025-12-12 10:13:10,983 [DEBUG] - ** media_svc - Not Connected **
2025-12-12 10:13:10,985 [INFO] - Websocket connected
2025-12-12 10:13:11,984 [INFO] - MediaSvc: connected to main message bus. ID is media_svc.
2025-12-12 10:13:11,986 [INFO] - HAL: Activated. Volume command is amixer -D pulse sset Master %s, Mic command is pactl set-source-volume $(pactl info | grep "Default Source" | cut -d " " -f3) %s
2025-12-12 10:16:27,058 [INFO] - STTSvc: model:small.en, useGPU:True, keyFile:/home/ken/YAVA/Keys/open-ai-key.txt
2025-12-12 10:16:27,068 [INFO] - MediaSvc: bargeIn: False, localEnabled: True, remotePort: None
2025-12-12 10:16:27,068 [DEBUG] - MediaSvc: Remote audio output is disabled
2025-12-12 10:16:27,068 [INFO] - MediaSvc: attempt to connect to main message bus
2025-12-12 10:16:27,069 [DEBUG] - ** media_svc - Not Connected **
2025-12-12 10:16:27,071 [INFO] - Websocket connected
2025-12-12 10:16:28,070 [INFO] - MediaSvc: connected to main message bus. ID is media_svc.
2025-12-12 10:16:28,073 [INFO] - HAL: Activated. Volume command is amixer -D pulse sset Master %s, Mic command is pactl set-source-volume $(pactl info | grep "Default Source" | cut -d " " -f3) %s
2025-12-12 10:16:30,737 [INFO] - Websocket connected
2025-12-12 10:17:59,487 [INFO] - STTSvc: Transcribe took 1.4415960311889648, produced ---> 
2025-12-12 10:18:00,654 [INFO] - STTSvc: Transcribe took 1.1658377647399902, produced ---> 
2025-12-12 10:18:03,919 [INFO] - STTSvc: Transcribe took 1.311767578125, produced ---> Testing one two three.
2025-12-12 10:18:05,233 [INFO] - STTSvc: Transcribe took 1.313091516494751, produced ---> Testing one two three.
2025-12-12 10:18:06,833 [INFO] - STTSvc: Transcribe took 1.2646989822387695, produced ---> 
2025-12-12 10:18:08,039 [INFO] - STTSvc: Transcribe took 1.2051160335540771, produced ---> 
2025-12-12 10:18:09,240 [INFO] - STTSvc: Transcribe took 1.192002296447754, produced ---> 
2025-12-12 10:18:10,430 [INFO] - STTSvc: Transcribe took 1.1882977485656738, produced ---> 
2025-12-12 10:18:12,653 [INFO] - STTSvc: Transcribe took 1.2085905075073242, produced ---> 
2025-12-12 10:18:13,893 [INFO] - STTSvc: Transcribe took 1.2389731407165527, produced ---> 
2025-12-12 10:18:15,075 [INFO] - STTSvc: Transcribe took 1.1801488399505615, produced ---> 
2025-12-12 10:18:16,274 [INFO] - STTSvc: Transcribe took 1.1972572803497314, produced ---> 
2025-12-12 10:18:17,485 [INFO] - STTSvc: Transcribe took 1.2091469764709473, produced ---> 
2025-12-12 10:18:18,701 [INFO] - STTSvc: Transcribe took 1.2146632671356201, produced ---> 
2025-12-12 10:18:19,886 [INFO] - STTSvc: Transcribe took 1.1769192218780518, produced ---> 
2025-12-12 10:18:21,090 [INFO] - STTSvc: Transcribe took 1.2019898891448975, produced ---> 
2025-12-12 10:18:22,345 [INFO] - STTSvc: Transcribe took 1.1884689331054688, produced ---> 
2025-12-12 10:18:24,258 [INFO] - STTSvc: Transcribe took 1.3156135082244873, produced ---> 
2025-12-12 10:18:25,507 [INFO] - STTSvc: Transcribe took 1.2470693588256836, produced ---> 
2025-12-12 10:18:26,728 [INFO] - STTSvc: Transcribe took 1.2194867134094238, produced ---> 
2025-12-12 10:18:27,940 [INFO] - STTSvc: Transcribe took 1.2107164859771729, produced ---> 
2025-12-12 10:18:29,149 [INFO] - STTSvc: Transcribe took 1.2068047523498535, produced ---> 
2025-12-12 10:18:30,335 [INFO] - STTSvc: Transcribe took 1.1846649646759033, produced ---> 
2025-12-12 10:18:32,531 [INFO] - STTSvc: Transcribe took 1.1688153743743896, produced ---> 
2025-12-12 10:18:41,134 [INFO] - STTSvc: Transcribe took 1.1626560688018799, produced ---> 
2025-12-12 10:18:42,409 [INFO] - STTSvc: Transcribe took 1.2734153270721436, produced ---> 
2025-12-12 10:18:43,606 [INFO] - STTSvc: Transcribe took 1.1958587169647217, produced ---> 
2025-12-12 10:18:56,285 [INFO] - STTSvc: Transcribe took 1.1803569793701172, produced ---> 
2025-12-12 10:18:57,437 [INFO] - STTSvc: Transcribe took 1.1509110927581787, produced ---> 
2025-12-12 10:18:59,876 [INFO] - STTSvc: Transcribe took 1.2025349140167236, produced ---> 
2025-12-12 10:19:01,058 [INFO] - STTSvc: Transcribe took 1.1800615787506104, produced ---> 
2025-12-12 10:19:02,294 [INFO] - STTSvc: Transcribe took 1.2344474792480469, produced ---> 
2025-12-12 10:19:03,459 [INFO] - STTSvc: Transcribe took 1.1635191440582275, produced ---> 
2025-12-12 10:19:04,602 [INFO] - STTSvc: Transcribe took 1.1413462162017822, produced ---> 
2025-12-12 10:19:05,746 [INFO] - STTSvc: Transcribe took 1.1420979499816895, produced ---> 
2025-12-12 10:19:06,888 [INFO] - STTSvc: Transcribe took 1.1407811641693115, produced ---> you
2025-12-12 10:19:08,033 [INFO] - STTSvc: Transcribe took 1.1432139873504639, produced ---> 
2025-12-12 10:19:09,182 [INFO] - STTSvc: Transcribe took 1.1468772888183594, produced ---> 
2025-12-12 10:19:10,343 [INFO] - STTSvc: Transcribe took 1.1597557067871094, produced ---> 
2025-12-12 10:19:11,506 [INFO] - STTSvc: Transcribe took 1.161884069442749, produced ---> 
2025-12-12 10:19:12,672 [INFO] - STTSvc: Transcribe took 1.163935661315918, produced ---> 
2025-12-12 10:19:13,849 [INFO] - STTSvc: Transcribe took 1.175502061843872, produced ---> 
2025-12-12 10:19:15,017 [INFO] - STTSvc: Transcribe took 1.1667635440826416, produced ---> 
2025-12-12 10:19:16,183 [INFO] - STTSvc: Transcribe took 1.1638107299804688, produced ---> 
2025-12-12 10:19:17,391 [INFO] - STTSvc: Transcribe took 1.20635986328125, produced ---> 
2025-12-12 10:19:18,547 [INFO] - STTSvc: Transcribe took 1.155212163925171, produced ---> 
2025-12-12 10:19:19,723 [INFO] - STTSvc: Transcribe took 1.1737947463989258, produced ---> 
2025-12-12 10:19:20,882 [INFO] - STTSvc: Transcribe took 1.1574816703796387, produced ---> 
2025-12-12 10:19:22,064 [INFO] - STTSvc: Transcribe took 1.180746078491211, produced ---> 
2025-12-12 10:19:23,272 [INFO] - STTSvc: Transcribe took 1.2059004306793213, produced ---> 
2025-12-12 10:19:24,452 [INFO] - STTSvc: Transcribe took 1.1781690120697021, produced ---> 
2025-12-12 10:19:25,670 [INFO] - STTSvc: Transcribe took 1.2165756225585938, produced ---> 
2025-12-12 10:19:26,841 [INFO] - STTSvc: Transcribe took 1.1694011688232422, produced ---> 
2025-12-12 10:19:28,049 [INFO] - STTSvc: Transcribe took 1.2071728706359863, produced ---> 
2025-12-12 10:19:29,242 [INFO] - STTSvc: Transcribe took 1.1915621757507324, produced ---> 
2025-12-12 10:19:30,414 [INFO] - STTSvc: Transcribe took 1.1696186065673828, produced ---> 
2025-12-12 10:19:31,641 [INFO] - STTSvc: Transcribe took 1.2259514331817627, produced ---> 
2025-12-12 10:19:32,830 [INFO] - STTSvc: Transcribe took 1.1869561672210693, produced ---> 
2025-12-12 10:19:34,028 [INFO] - STTSvc: Transcribe took 1.1970007419586182, produced ---> 
2025-12-12 10:19:35,209 [INFO] - STTSvc: Transcribe took 1.1794869899749756, produced ---> 
2025-12-12 10:19:36,386 [INFO] - STTSvc: Transcribe took 1.175239086151123, produced ---> 
2025-12-12 10:19:37,558 [INFO] - STTSvc: Transcribe took 1.170412302017212, produced ---> 
2025-12-12 10:19:38,767 [INFO] - STTSvc: Transcribe took 1.2075293064117432, produced ---> 
2025-12-12 10:19:39,924 [INFO] - STTSvc: Transcribe took 1.1552186012268066, produced ---> 
2025-12-12 10:19:41,092 [INFO] - STTSvc: Transcribe took 1.166292667388916, produced ---> 
2025-12-12 10:19:42,313 [INFO] - STTSvc: Transcribe took 1.219731330871582, produced ---> 
2025-12-12 10:19:43,505 [INFO] - STTSvc: Transcribe took 1.1898818016052246, produced ---> 
2025-12-12 10:19:44,763 [INFO] - STTSvc: Transcribe took 1.256793737411499, produced ---> 
2025-12-12 10:19:46,028 [INFO] - STTSvc: Transcribe took 1.262998104095459, produced ---> 
2025-12-12 10:19:47,175 [INFO] - STTSvc: Transcribe took 1.1454832553863525, produced ---> 
2025-12-12 10:19:48,323 [INFO] - STTSvc: Transcribe took 1.1467046737670898, produced ---> 
2025-12-12 10:19:49,487 [INFO] - STTSvc: Transcribe took 1.1618704795837402, produced ---> 
2025-12-12 10:19:50,701 [INFO] - STTSvc: Transcribe took 1.2124238014221191, produced ---> 
2025-12-12 10:19:52,010 [INFO] - STTSvc: Transcribe took 1.307342529296875, produced ---> 
2025-12-12 10:19:53,201 [INFO] - STTSvc: Transcribe took 1.190194845199585, produced ---> 
2025-12-12 10:19:54,420 [INFO] - STTSvc: Transcribe took 1.2168383598327637, produced ---> 
2025-12-12 10:19:55,574 [INFO] - STTSvc: Transcribe took 1.1527233123779297, produced ---> 
2025-12-12 10:19:56,738 [INFO] - STTSvc: Transcribe took 1.162360668182373, produced ---> 
2025-12-12 10:19:57,964 [INFO] - STTSvc: Transcribe took 1.224837303161621, produced ---> 
2025-12-12 10:19:59,156 [INFO] - STTSvc: Transcribe took 1.1902379989624023, produced ---> 
2025-12-12 10:20:00,362 [INFO] - STTSvc: Transcribe took 1.2042186260223389, produced ---> 
2025-12-12 10:20:01,596 [INFO] - STTSvc: Transcribe took 1.2321233749389648, produced ---> 
2025-12-12 10:20:02,764 [INFO] - STTSvc: Transcribe took 1.1664369106292725, produced ---> 
2025-12-12 10:20:03,930 [INFO] - STTSvc: Transcribe took 1.164649486541748, produced ---> 
2025-12-12 10:20:05,073 [INFO] - STTSvc: Transcribe took 1.14150071144104, produced ---> 
2025-12-12 10:20:06,243 [INFO] - STTSvc: Transcribe took 1.1679627895355225, produced ---> 
2025-12-12 10:20:07,392 [INFO] - STTSvc: Transcribe took 1.1482126712799072, produced ---> 
2025-12-12 10:20:08,578 [INFO] - STTSvc: Transcribe took 1.1834566593170166, produced ---> 
2025-12-12 10:20:09,823 [INFO] - STTSvc: Transcribe took 1.243769645690918, produced ---> 
2025-12-12 10:20:11,009 [INFO] - STTSvc: Transcribe took 1.1847987174987793, produced ---> 
2025-12-12 10:20:12,188 [INFO] - STTSvc: Transcribe took 1.1772732734680176, produced ---> 
2025-12-12 10:20:13,428 [INFO] - STTSvc: Transcribe took 1.2379953861236572, produced ---> you
2025-12-12 10:20:14,601 [INFO] - STTSvc: Transcribe took 1.1709778308868408, produced ---> 
2025-12-12 10:20:15,806 [INFO] - STTSvc: Transcribe took 1.203493356704712, produced ---> 
2025-12-12 10:20:17,055 [INFO] - STTSvc: Transcribe took 1.247798204421997, produced ---> 
2025-12-12 10:20:18,230 [INFO] - STTSvc: Transcribe took 1.1730124950408936, produced ---> 
2025-12-12 10:20:19,396 [INFO] - STTSvc: Transcribe took 1.1642675399780273, produced ---> 
2025-12-12 10:20:20,557 [INFO] - STTSvc: Transcribe took 1.1596386432647705, produced ---> 
2025-12-12 10:20:21,755 [INFO] - STTSvc: Transcribe took 1.1968188285827637, produced ---> 
2025-12-12 10:20:22,899 [INFO] - STTSvc: Transcribe took 1.1420667171478271, produced ---> 
2025-12-12 10:20:24,121 [INFO] - STTSvc: Transcribe took 1.2202327251434326, produced ---> 
2025-12-12 10:20:25,341 [INFO] - STTSvc: Transcribe took 1.2180101871490479, produced ---> 
2025-12-12 10:20:26,482 [INFO] - STTSvc: Transcribe took 1.1400325298309326, produced ---> 
2025-12-12 10:20:27,623 [INFO] - STTSvc: Transcribe took 1.139451503753662, produced ---> 
2025-12-12 10:20:28,767 [INFO] - STTSvc: Transcribe took 1.1419823169708252, produced ---> 
2025-12-12 10:20:29,903 [INFO] - STTSvc: Transcribe took 1.1346662044525146, produced ---> 
2025-12-12 10:20:31,112 [INFO] - STTSvc: Transcribe took 1.2074835300445557, produced ---> 
2025-12-12 10:20:32,254 [INFO] - STTSvc: Transcribe took 1.139582872390747, produced ---> you
2025-12-12 10:20:33,392 [INFO] - STTSvc: Transcribe took 1.136530876159668, produced ---> you
2025-12-12 10:20:34,533 [INFO] - STTSvc: Transcribe took 1.13914155960083, produced ---> 
2025-12-12 10:20:35,678 [INFO] - STTSvc: Transcribe took 1.1440925598144531, produced ---> 
2025-12-12 10:20:36,824 [INFO] - STTSvc: Transcribe took 1.144120216369629, produced ---> 
2025-12-12 10:20:37,967 [INFO] - STTSvc: Transcribe took 1.14088773727417, produced ---> 
2025-12-12 10:20:39,106 [INFO] - STTSvc: Transcribe took 1.13804292678833, produced ---> 
2025-12-12 10:20:40,240 [INFO] - STTSvc: Transcribe took 1.1319084167480469, produced ---> 
2025-12-12 10:20:41,375 [INFO] - STTSvc: Transcribe took 1.133385419845581, produced ---> 
2025-12-12 10:20:42,513 [INFO] - STTSvc: Transcribe took 1.136399507522583, produced ---> 
2025-12-12 10:20:43,654 [INFO] - STTSvc: Transcribe took 1.1397020816802979, produced ---> 
2025-12-12 10:20:44,800 [INFO] - STTSvc: Transcribe took 1.1449015140533447, produced ---> you
2025-12-12 10:20:45,942 [INFO] - STTSvc: Transcribe took 1.1394309997558594, produced ---> 
2025-12-12 10:20:47,083 [INFO] - STTSvc: Transcribe took 1.1398344039916992, produced ---> 
2025-12-12 10:20:48,224 [INFO] - STTSvc: Transcribe took 1.1397011280059814, produced ---> 
2025-12-12 10:20:49,362 [INFO] - STTSvc: Transcribe took 1.1357378959655762, produced ---> 
2025-12-12 10:20:50,517 [INFO] - STTSvc: Transcribe took 1.1470797061920166, produced ---> 
2025-12-12 10:20:51,705 [INFO] - STTSvc: Transcribe took 1.185802936553955, produced ---> 
2025-12-12 10:20:52,968 [INFO] - STTSvc: Transcribe took 1.261228322982788, produced ---> 
2025-12-12 10:20:54,117 [INFO] - STTSvc: Transcribe took 1.1477546691894531, produced ---> 
2025-12-12 10:20:55,272 [INFO] - STTSvc: Transcribe took 1.153055191040039, produced ---> 
2025-12-12 10:20:56,435 [INFO] - STTSvc: Transcribe took 1.1613519191741943, produced ---> 
2025-12-12 10:20:57,601 [INFO] - STTSvc: Transcribe took 1.1642591953277588, produced ---> 
2025-12-12 10:20:58,779 [INFO] - STTSvc: Transcribe took 1.1763622760772705, produced ---> 
2025-12-12 10:20:59,957 [INFO] - STTSvc: Transcribe took 1.1771433353424072, produced ---> 
2025-12-12 10:21:01,119 [INFO] - STTSvc: Transcribe took 1.1597695350646973, produced ---> 
2025-12-12 10:21:02,268 [INFO] - STTSvc: Transcribe took 1.1471130847930908, produced ---> 
2025-12-12 10:21:03,424 [INFO] - STTSvc: Transcribe took 1.1543715000152588, produced ---> 
2025-12-12 10:21:04,663 [INFO] - STTSvc: Transcribe took 1.2378451824188232, produced ---> 
2025-12-12 10:21:05,872 [INFO] - STTSvc: Transcribe took 1.207158088684082, produced ---> 
2025-12-12 10:21:07,018 [INFO] - STTSvc: Transcribe took 1.1374852657318115, produced ---> you
2025-12-12 10:21:08,369 [INFO] - STTSvc: Transcribe took 1.3487703800201416, produced ---> 
2025-12-12 10:21:08,650 [WARNING] - TTSSvc: Transcribe took 1.6302130222320557, Received text ---> you
2025-12-12 10:21:08,652 [INFO] - HAL: mute mic
2025-12-12 10:21:08,666 [INFO] - HAL: play wav aplay Config/tts_out/junk.wav  >/dev/null 2>&1
2025-12-12 10:21:09,303 [INFO] - HAL: unmute mic
2025-12-12 10:21:09,590 [INFO] - STTSvc: Transcribe took 1.2198295593261719, produced ---> 
2025-12-12 10:21:10,731 [INFO] - STTSvc: Transcribe took 1.1391587257385254, produced ---> 
2025-12-12 10:21:11,903 [INFO] - STTSvc: Transcribe took 1.1706688404083252, produced ---> you
2025-12-12 10:21:13,214 [INFO] - STTSvc: Transcribe took 1.3024108409881592, produced ---> 
2025-12-12 10:21:13,446 [WARNING] - TTSSvc: Transcribe took 1.5403940677642822, Received text ---> you
2025-12-12 10:21:13,448 [INFO] - HAL: mute mic
2025-12-12 10:21:13,463 [INFO] - HAL: play wav aplay Config/tts_out/junk.wav  >/dev/null 2>&1
2025-12-12 10:21:13,974 [INFO] - HAL: unmute mic
2025-12-12 10:21:14,423 [INFO] - STTSvc: Transcribe took 1.2070002555847168, produced ---> you
2025-12-12 10:21:15,722 [INFO] - STTSvc: Transcribe took 1.2971723079681396, produced ---> 
2025-12-12 10:21:16,010 [WARNING] - TTSSvc: Transcribe took 1.5851101875305176, Received text ---> you
2025-12-12 10:21:16,012 [INFO] - HAL: mute mic
2025-12-12 10:21:16,022 [INFO] - HAL: play wav aplay Config/tts_out/junk.wav  >/dev/null 2>&1
2025-12-12 10:21:16,656 [INFO] - HAL: unmute mic
2025-12-12 10:21:16,932 [INFO] - STTSvc: Transcribe took 1.2086467742919922, produced ---> 
2025-12-12 10:21:18,077 [INFO] - STTSvc: Transcribe took 1.1428894996643066, produced ---> 
2025-12-12 10:21:19,214 [INFO] - STTSvc: Transcribe took 1.135972023010254, produced ---> you
2025-12-12 10:21:20,465 [INFO] - STTSvc: Transcribe took 1.2485060691833496, produced ---> 
2025-12-12 10:21:20,765 [WARNING] - TTSSvc: Transcribe took 1.5477943420410156, Received text ---> you
2025-12-12 10:21:20,766 [INFO] - HAL: mute mic
2025-12-12 10:21:20,782 [INFO] - HAL: play wav aplay Config/tts_out/junk.wav  >/dev/null 2>&1
2025-12-12 10:21:21,420 [INFO] - HAL: unmute mic
2025-12-12 10:21:21,674 [INFO] - STTSvc: Transcribe took 1.2077841758728027, produced ---> 
2025-12-12 10:21:22,816 [INFO] - STTSvc: Transcribe took 1.1398885250091553, produced ---> 
2025-12-12 10:21:23,959 [INFO] - STTSvc: Transcribe took 1.1421854496002197, produced ---> 
2025-12-12 10:21:25,101 [INFO] - STTSvc: Transcribe took 1.14028000831604, produced ---> 
2025-12-12 10:21:26,247 [INFO] - STTSvc: Transcribe took 1.1440157890319824, produced ---> 
2025-12-12 10:21:27,393 [INFO] - STTSvc: Transcribe took 1.1371607780456543, produced ---> 
2025-12-12 10:21:28,533 [INFO] - STTSvc: Transcribe took 1.1385209560394287, produced ---> 
2025-12-12 10:21:29,674 [INFO] - STTSvc: Transcribe took 1.139228343963623, produced ---> 
2025-12-12 10:21:30,814 [INFO] - STTSvc: Transcribe took 1.1385729312896729, produced ---> 
2025-12-12 10:21:31,952 [INFO] - STTSvc: Transcribe took 1.1368186473846436, produced ---> 
2025-12-12 10:21:33,091 [INFO] - STTSvc: Transcribe took 1.1373863220214844, produced ---> 
2025-12-12 10:21:34,233 [INFO] - STTSvc: Transcribe took 1.1403450965881348, produced ---> 
2025-12-12 10:21:35,377 [INFO] - STTSvc: Transcribe took 1.1425936222076416, produced ---> 
2025-12-12 10:21:36,521 [INFO] - STTSvc: Transcribe took 1.1416728496551514, produced ---> 
2025-12-12 10:21:37,660 [INFO] - STTSvc: Transcribe took 1.137558937072754, produced ---> 
2025-12-12 10:21:38,798 [INFO] - STTSvc: Transcribe took 1.1361474990844727, produced ---> 
2025-12-12 10:21:39,939 [INFO] - STTSvc: Transcribe took 1.1394422054290771, produced ---> 
2025-12-12 10:21:41,079 [INFO] - STTSvc: Transcribe took 1.1388523578643799, produced ---> 
2025-12-12 10:21:42,223 [INFO] - STTSvc: Transcribe took 1.1418967247009277, produced ---> 
2025-12-12 10:21:43,428 [INFO] - STTSvc: Transcribe took 1.204054832458496, produced ---> 
2025-12-12 10:21:44,640 [INFO] - STTSvc: Transcribe took 1.210252046585083, produced ---> 
2025-12-12 10:21:45,828 [INFO] - STTSvc: Transcribe took 1.186391830444336, produced ---> 
2025-12-12 10:21:47,085 [INFO] - STTSvc: Transcribe took 1.2548315525054932, produced ---> testing one to.
2025-12-12 10:21:48,454 [INFO] - STTSvc: Transcribe took 1.3676142692565918, produced ---> Testing one two three
2025-12-12 10:21:48,630 [WARNING] - TTSSvc: Transcribe took 1.5432140827178955, Received text ---> testing one to.
2025-12-12 10:21:48,632 [INFO] - HAL: mute mic
2025-12-12 10:21:48,647 [INFO] - HAL: play wav aplay Config/tts_out/junk.wav  >/dev/null 2>&1
2025-12-12 10:21:49,809 [INFO] - STTSvc: Transcribe took 1.3534595966339111, produced ---> 
2025-12-12 10:21:49,908 [INFO] - HAL: unmute mic
2025-12-12 10:21:50,427 [WARNING] - TTSSvc: Transcribe took 1.7964224815368652, Received text ---> Testing one two three
2025-12-12 10:21:50,429 [INFO] - HAL: mute mic
2025-12-12 10:21:50,443 [INFO] - HAL: play wav aplay Config/tts_out/junk.wav  >/dev/null 2>&1
2025-12-12 10:21:51,090 [INFO] - STTSvc: Transcribe took 1.2794537544250488, produced ---> 
2025-12-12 10:21:51,831 [INFO] - HAL: unmute mic
2025-12-12 10:21:52,260 [INFO] - STTSvc: Transcribe took 1.1682720184326172, produced ---> 
2025-12-12 10:21:53,404 [INFO] - STTSvc: Transcribe took 1.1420483589172363, produced ---> 
2025-12-12 10:21:54,600 [INFO] - STTSvc: Transcribe took 1.1939477920532227, produced ---> 
2025-12-12 10:21:55,865 [INFO] - STTSvc: Transcribe took 1.2640657424926758, produced ---> in one, two.
2025-12-12 10:21:57,182 [INFO] - STTSvc: Transcribe took 1.3147475719451904, produced ---> 
2025-12-12 10:21:57,466 [WARNING] - TTSSvc: Transcribe took 1.5974745750427246, Received text ---> in one, two.
2025-12-12 10:21:57,468 [INFO] - HAL: mute mic
2025-12-12 10:21:57,483 [INFO] - HAL: play wav aplay Config/tts_out/junk.wav  >/dev/null 2>&1
2025-12-12 10:21:58,436 [INFO] - STTSvc: Transcribe took 1.252269983291626, produced ---> 
2025-12-12 10:21:58,620 [INFO] - HAL: unmute mic
2025-12-12 10:21:59,582 [INFO] - STTSvc: Transcribe took 1.144657850265503, produced ---> 
2025-12-12 10:22:00,758 [INFO] - STTSvc: Transcribe took 1.1738483905792236, produced ---> 
2025-12-12 10:22:01,897 [INFO] - STTSvc: Transcribe took 1.137749433517456, produced ---> you
2025-12-12 10:22:03,217 [INFO] - STTSvc: Transcribe took 1.3175535202026367, produced ---> testing
2025-12-12 10:22:03,448 [WARNING] - TTSSvc: Transcribe took 1.5486342906951904, Received text ---> you
2025-12-12 10:22:03,451 [INFO] - HAL: mute mic
2025-12-12 10:22:03,466 [INFO] - HAL: play wav aplay Config/tts_out/junk.wav  >/dev/null 2>&1
2025-12-12 10:22:03,978 [INFO] - HAL: unmute mic
2025-12-12 10:22:04,644 [INFO] - STTSvc: Transcribe took 1.4256565570831299, produced ---> 
2025-12-12 10:22:05,134 [WARNING] - TTSSvc: Transcribe took 1.6850793361663818, Received text ---> testing
2025-12-12 10:22:05,136 [INFO] - HAL: mute mic
2025-12-12 10:22:05,150 [INFO] - HAL: play wav aplay Config/tts_out/junk.wav  >/dev/null 2>&1
2025-12-12 10:22:05,786 [INFO] - HAL: unmute mic
2025-12-12 10:22:11,523 [INFO] - STTSvc: Transcribe took 6.877438068389893, produced ---> So...
2025-12-12 10:22:12,998 [INFO] - STTSvc: Transcribe took 1.472691297531128, produced ---> 1 2 3
2025-12-12 10:22:13,031 [WARNING] - TTSSvc: Transcribe took 1.505295753479004, Received text ---> So...
2025-12-12 10:22:13,033 [INFO] - HAL: mute mic
2025-12-12 10:22:13,042 [INFO] - HAL: play wav aplay Config/tts_out/junk.wav  >/dev/null 2>&1
2025-12-12 10:22:13,552 [INFO] - HAL: unmute mic
2025-12-12 10:22:14,342 [INFO] - STTSvc: Transcribe took 1.3422601222991943, produced ---> 
2025-12-12 10:22:14,666 [WARNING] - TTSSvc: Transcribe took 1.6340270042419434, Received text ---> 1 2 3
2025-12-12 10:22:14,668 [INFO] - HAL: mute mic
2025-12-12 10:22:14,681 [INFO] - HAL: play wav aplay Config/tts_out/junk.wav  >/dev/null 2>&1
2025-12-12 10:22:15,589 [INFO] - STTSvc: Transcribe took 1.2452833652496338, produced ---> 
2025-12-12 10:22:15,819 [INFO] - HAL: unmute mic
2025-12-12 10:22:16,933 [INFO] - STTSvc: Transcribe took 1.3428289890289307, produced ---> in one, two, three.
2025-12-12 10:22:18,247 [INFO] - STTSvc: Transcribe took 1.3125333786010742, produced ---> 
2025-12-12 10:22:18,639 [WARNING] - TTSSvc: Transcribe took 1.7031981945037842, Received text ---> in one, two, three.
2025-12-12 10:22:18,641 [INFO] - HAL: mute mic
2025-12-12 10:22:18,652 [INFO] - HAL: play wav aplay Config/tts_out/junk.wav  >/dev/null 2>&1
2025-12-12 10:22:19,623 [INFO] - STTSvc: Transcribe took 1.3736181259155273, produced ---> Hello?
2025-12-12 10:22:20,289 [INFO] - HAL: unmute mic
2025-12-12 10:22:20,991 [INFO] - STTSvc: Transcribe took 1.3659992218017578, produced ---> 
2025-12-12 10:22:21,119 [WARNING] - TTSSvc: Transcribe took 1.4933927059173584, Received text ---> Hello?
2025-12-12 10:22:21,121 [INFO] - HAL: mute mic
2025-12-12 10:22:21,137 [INFO] - HAL: play wav aplay Config/tts_out/junk.wav  >/dev/null 2>&1
2025-12-12 10:22:21,774 [INFO] - HAL: unmute mic
2025-12-12 10:22:22,157 [INFO] - STTSvc: Transcribe took 1.1646363735198975, produced ---> 
2025-12-12 10:22:23,297 [INFO] - STTSvc: Transcribe took 1.1383857727050781, produced ---> 
2025-12-12 10:22:24,430 [INFO] - STTSvc: Transcribe took 1.131227970123291, produced ---> 
2025-12-12 10:22:25,569 [INFO] - STTSvc: Transcribe took 1.1303503513336182, produced ---> 
2025-12-12 10:22:26,710 [INFO] - STTSvc: Transcribe took 1.1396217346191406, produced ---> 
2025-12-12 10:22:27,849 [INFO] - STTSvc: Transcribe took 1.1375634670257568, produced ---> 
2025-12-12 10:22:28,992 [INFO] - STTSvc: Transcribe took 1.1412129402160645, produced ---> 
2025-12-12 10:22:30,133 [INFO] - STTSvc: Transcribe took 1.1386353969573975, produced ---> 
2025-12-12 10:22:31,272 [INFO] - STTSvc: Transcribe took 1.1375765800476074, produced ---> 
2025-12-12 10:22:32,421 [INFO] - STTSvc: Transcribe took 1.1473419666290283, produced ---> 
2025-12-12 10:22:33,629 [INFO] - STTSvc: Transcribe took 1.2064831256866455, produced ---> 
2025-12-12 10:22:34,772 [INFO] - STTSvc: Transcribe took 1.1417458057403564, produced ---> 
2025-12-12 10:22:35,916 [INFO] - STTSvc: Transcribe took 1.14262056350708, produced ---> 
2025-12-12 10:22:37,064 [INFO] - STTSvc: Transcribe took 1.1457672119140625, produced ---> you
2025-12-12 10:22:38,257 [WARNING] - TTSSvc: Transcribe took 1.1917693614959717, Received text ---> you
2025-12-12 10:24:31,267 [INFO] - STTSvc: model:small.en, useGPU:True, keyFile:/home/ken/YAVA/Keys/open-ai-key.txt
2025-12-12 10:24:31,276 [INFO] - MediaSvc: bargeIn: False, localEnabled: True, remotePort: None
2025-12-12 10:24:31,276 [DEBUG] - MediaSvc: Remote audio output is disabled
2025-12-12 10:24:31,277 [INFO] - MediaSvc: attempt to connect to main message bus
2025-12-12 10:24:31,277 [DEBUG] - ** media_svc - Not Connected **
2025-12-12 10:24:31,279 [INFO] - Websocket connected
2025-12-12 10:24:32,278 [INFO] - MediaSvc: connected to main message bus. ID is media_svc.
2025-12-12 10:24:32,281 [INFO] - HAL: Activated. Volume command is amixer -D pulse sset Master %s, Mic command is pactl set-source-volume $(pactl info | grep "Default Source" | cut -d " " -f3) %s
2025-12-12 10:24:34,914 [INFO] - Websocket connected
2025-12-12 10:24:44,243 [INFO] - STTSvc: Transcribe took 1.3802475929260254, produced ---> 
2025-12-12 10:24:46,852 [INFO] - STTSvc: Transcribe took 1.1794977188110352, produced ---> 
2025-12-12 10:24:48,008 [INFO] - STTSvc: Transcribe took 1.1544380187988281, produced ---> 
2025-12-12 10:24:49,160 [INFO] - STTSvc: Transcribe took 1.1505351066589355, produced ---> 
2025-12-12 10:24:50,303 [INFO] - STTSvc: Transcribe took 1.140672206878662, produced ---> 
2025-12-12 10:24:51,450 [INFO] - STTSvc: Transcribe took 1.1452746391296387, produced ---> 
2025-12-12 10:24:52,609 [INFO] - STTSvc: Transcribe took 1.1574995517730713, produced ---> 
2025-12-12 10:24:53,759 [INFO] - STTSvc: Transcribe took 1.149170160293579, produced ---> 
2025-12-12 10:24:54,915 [INFO] - STTSvc: Transcribe took 1.1537551879882812, produced ---> 
2025-12-12 10:24:56,071 [INFO] - STTSvc: Transcribe took 1.1544530391693115, produced ---> 
2025-12-12 10:24:57,227 [INFO] - STTSvc: Transcribe took 1.154226541519165, produced ---> 
2025-12-12 10:24:58,394 [INFO] - STTSvc: Transcribe took 1.165740728378296, produced ---> 
2025-12-12 10:24:59,553 [INFO] - STTSvc: Transcribe took 1.1574699878692627, produced ---> 
2025-12-12 10:25:00,726 [INFO] - STTSvc: Transcribe took 1.1640868186950684, produced ---> 
2025-12-12 10:25:01,920 [INFO] - STTSvc: Transcribe took 1.192566156387329, produced ---> 
2025-12-12 10:25:03,105 [INFO] - STTSvc: Transcribe took 1.1838798522949219, produced ---> 
2025-12-12 10:25:04,278 [INFO] - STTSvc: Transcribe took 1.1712219715118408, produced ---> 
2025-12-12 10:25:05,479 [INFO] - STTSvc: Transcribe took 1.1997721195220947, produced ---> 
2025-12-12 10:25:06,635 [INFO] - STTSvc: Transcribe took 1.1542646884918213, produced ---> 
2025-12-12 10:25:07,792 [INFO] - STTSvc: Transcribe took 1.1547982692718506, produced ---> 
2025-12-12 10:25:08,942 [INFO] - STTSvc: Transcribe took 1.148193120956421, produced ---> 
2025-12-12 10:25:10,104 [INFO] - STTSvc: Transcribe took 1.1611156463623047, produced ---> 
2025-12-12 10:25:11,268 [INFO] - STTSvc: Transcribe took 1.1619322299957275, produced ---> 
2025-12-12 10:25:12,442 [INFO] - STTSvc: Transcribe took 1.1727936267852783, produced ---> 
2025-12-12 10:25:13,619 [INFO] - STTSvc: Transcribe took 1.1744661331176758, produced ---> 
2025-12-12 10:25:14,782 [INFO] - STTSvc: Transcribe took 1.161170482635498, produced ---> 
2025-12-12 10:25:15,938 [INFO] - STTSvc: Transcribe took 1.154416799545288, produced ---> 
2025-12-12 10:25:17,104 [INFO] - STTSvc: Transcribe took 1.1654033660888672, produced ---> 
2025-12-12 10:25:18,288 [INFO] - STTSvc: Transcribe took 1.1822130680084229, produced ---> 
2025-12-12 10:25:19,486 [INFO] - STTSvc: Transcribe took 1.1958096027374268, produced ---> 
2025-12-12 10:25:20,661 [INFO] - STTSvc: Transcribe took 1.1740782260894775, produced ---> 
2025-12-12 10:25:21,984 [INFO] - STTSvc: Transcribe took 1.3205320835113525, produced ---> 
2025-12-12 10:25:23,197 [INFO] - STTSvc: Transcribe took 1.2121670246124268, produced ---> 
2025-12-12 10:25:24,451 [INFO] - STTSvc: Transcribe took 1.251694679260254, produced ---> 
2025-12-12 10:25:25,691 [INFO] - STTSvc: Transcribe took 1.2383651733398438, produced ---> 
2025-12-12 10:25:26,886 [INFO] - STTSvc: Transcribe took 1.193694829940796, produced ---> 
2025-12-12 10:25:28,061 [INFO] - STTSvc: Transcribe took 1.1736834049224854, produced ---> 
2025-12-12 10:25:29,301 [INFO] - STTSvc: Transcribe took 1.237717866897583, produced ---> 
2025-12-12 10:25:30,540 [INFO] - STTSvc: Transcribe took 1.2378904819488525, produced ---> 
2025-12-12 10:25:31,740 [INFO] - STTSvc: Transcribe took 1.1981868743896484, produced ---> 
2025-12-12 10:25:32,954 [INFO] - STTSvc: Transcribe took 1.2125604152679443, produced ---> 
2025-12-12 10:25:34,204 [INFO] - STTSvc: Transcribe took 1.241466760635376, produced ---> 
2025-12-12 10:25:35,618 [INFO] - STTSvc: Transcribe took 1.411637783050537, produced ---> Testing one, two, three.
2025-12-12 10:25:37,071 [INFO] - STTSvc: Transcribe took 1.451855182647705, produced ---> 
2025-12-12 10:25:37,228 [WARNING] - TTSSvc: Transcribe took 1.6087968349456787, Received text ---> Testing one, two, three.
2025-12-12 10:25:37,230 [INFO] - HAL: mute mic
2025-12-12 10:25:37,246 [INFO] - HAL: play wav aplay Config/tts_out/junk.wav  >/dev/null 2>&1
2025-12-12 10:25:38,391 [INFO] - STTSvc: Transcribe took 1.316068410873413, produced ---> 
2025-12-12 10:25:39,008 [INFO] - HAL: unmute mic
2025-12-12 10:25:39,575 [INFO] - STTSvc: Transcribe took 1.1823959350585938, produced ---> 
2025-12-12 10:25:40,839 [INFO] - STTSvc: Transcribe took 1.262861728668213, produced ---> 
2025-12-12 10:25:41,998 [INFO] - STTSvc: Transcribe took 1.1568360328674316, produced ---> 
2025-12-12 10:25:43,157 [INFO] - STTSvc: Transcribe took 1.1577746868133545, produced ---> 
2025-12-12 10:25:44,382 [INFO] - STTSvc: Transcribe took 1.2230899333953857, produced ---> 
2025-12-12 10:25:45,544 [INFO] - STTSvc: Transcribe took 1.1608059406280518, produced ---> 
2025-12-12 10:25:46,765 [INFO] - STTSvc: Transcribe took 1.2187926769256592, produced ---> 
2025-12-12 10:25:47,925 [INFO] - STTSvc: Transcribe took 1.1585900783538818, produced ---> 
2025-12-12 10:25:49,083 [INFO] - STTSvc: Transcribe took 1.1565709114074707, produced ---> 
2025-12-12 10:25:50,307 [INFO] - STTSvc: Transcribe took 1.2220396995544434, produced ---> 
2025-12-12 10:25:51,462 [INFO] - STTSvc: Transcribe took 1.1537196636199951, produced ---> 
2025-12-12 10:25:52,621 [INFO] - STTSvc: Transcribe took 1.1573200225830078, produced ---> 
2025-12-12 10:25:53,783 [INFO] - STTSvc: Transcribe took 1.1600382328033447, produced ---> 
2025-12-12 10:25:54,937 [INFO] - STTSvc: Transcribe took 1.1523020267486572, produced ---> 
2025-12-12 10:25:56,105 [INFO] - STTSvc: Transcribe took 1.1600723266601562, produced ---> 
2025-12-12 10:25:57,261 [INFO] - STTSvc: Transcribe took 1.1541316509246826, produced ---> 
2025-12-12 10:25:58,416 [INFO] - STTSvc: Transcribe took 1.153031349182129, produced ---> 
2025-12-12 10:25:59,774 [INFO] - STTSvc: Transcribe took 1.3566842079162598, produced ---> Now we're rocking and rolling.
2025-12-12 10:26:01,335 [WARNING] - TTSSvc: Transcribe took 1.5591001510620117, Received text ---> Now we're rocking and rolling.
2025-12-12 10:26:01,336 [INFO] - HAL: mute mic
2025-12-12 10:26:01,348 [INFO] - HAL: play wav aplay Config/tts_out/junk.wav  >/dev/null 2>&1
2025-12-12 10:26:01,403 [INFO] - STTSvc: Transcribe took 1.6275084018707275, produced ---> Now we're rocking and rolling.
2025-12-12 10:26:02,701 [INFO] - STTSvc: Transcribe took 1.295685052871704, produced ---> 
2025-12-12 10:26:02,977 [WARNING] - TTSSvc: Transcribe took 1.5715675354003906, Received text ---> Now we're rocking and rolling.
2025-12-12 10:26:02,983 [INFO] - HAL: unmute mic
2025-12-12 10:26:02,997 [INFO] - HAL: mute mic
2025-12-12 10:26:03,012 [INFO] - HAL: play wav aplay Config/tts_out/junk.wav  >/dev/null 2>&1
2025-12-12 10:26:04,039 [INFO] - STTSvc: Transcribe took 1.3364362716674805, produced ---> stuff.
2025-12-12 10:26:04,651 [INFO] - HAL: unmute mic
2025-12-12 10:26:05,671 [WARNING] - TTSSvc: Transcribe took 1.6305913925170898, Received text ---> stuff.
2025-12-12 10:26:05,673 [INFO] - HAL: mute mic
2025-12-12 10:26:05,687 [INFO] - HAL: play wav aplay Config/tts_out/junk.wav  >/dev/null 2>&1
2025-12-12 10:26:06,323 [INFO] - HAL: unmute mic
2025-12-12 10:26:08,888 [INFO] - STTSvc: Transcribe took 4.847255706787109, produced ---> Yes.
2025-12-12 10:26:10,382 [WARNING] - TTSSvc: Transcribe took 1.4913661479949951, Received text ---> Yes.
2025-12-12 10:26:10,383 [INFO] - HAL: mute mic
2025-12-12 10:26:10,396 [INFO] - HAL: play wav aplay Config/tts_out/junk.wav  >/dev/null 2>&1
2025-12-12 10:26:10,448 [INFO] - STTSvc: Transcribe took 1.5584478378295898, produced ---> What the hell?
2025-12-12 10:26:11,156 [INFO] - HAL: unmute mic
2025-12-12 10:26:11,766 [INFO] - STTSvc: Transcribe took 1.3159866333007812, produced ---> 
2025-12-12 10:26:12,076 [WARNING] - TTSSvc: Transcribe took 1.6263761520385742, Received text ---> What the hell?
2025-12-12 10:26:12,077 [INFO] - HAL: mute mic
2025-12-12 10:26:12,092 [INFO] - HAL: play wav aplay Config/tts_out/junk.wav  >/dev/null 2>&1
2025-12-12 10:26:12,978 [INFO] - HAL: unmute mic
2025-12-12 10:26:13,048 [INFO] - STTSvc: Transcribe took 1.2809040546417236, produced ---> 
2025-12-12 10:26:14,297 [INFO] - STTSvc: Transcribe took 1.2470169067382812, produced ---> 
2025-12-12 10:26:18,009 [INFO] - STTSvc: Transcribe took 1.144517183303833, produced ---> 
2025-12-12 10:26:19,165 [INFO] - STTSvc: Transcribe took 1.1548640727996826, produced ---> 
2025-12-12 10:26:20,453 [INFO] - STTSvc: Transcribe took 1.170304775238037, produced ---> 
2025-12-12 10:26:21,632 [INFO] - STTSvc: Transcribe took 1.1766493320465088, produced ---> 
2025-12-12 10:26:22,854 [INFO] - STTSvc: Transcribe took 1.220304250717163, produced ---> 
2025-12-12 10:26:24,012 [INFO] - STTSvc: Transcribe took 1.156470775604248, produced ---> 
2025-12-12 10:26:25,416 [INFO] - STTSvc: Transcribe took 1.4028704166412354, produced ---> 
2025-12-12 10:26:26,565 [INFO] - STTSvc: Transcribe took 1.1472015380859375, produced ---> 
2025-12-12 10:26:27,712 [INFO] - STTSvc: Transcribe took 1.1452367305755615, produced ---> 
2025-12-12 10:26:28,853 [INFO] - STTSvc: Transcribe took 1.1395599842071533, produced ---> 
2025-12-12 10:26:29,996 [INFO] - STTSvc: Transcribe took 1.1413776874542236, produced ---> 
2025-12-12 10:26:31,141 [INFO] - STTSvc: Transcribe took 1.143578052520752, produced ---> 
2025-12-12 10:26:32,296 [INFO] - STTSvc: Transcribe took 1.1533043384552002, produced ---> 
2025-12-12 10:26:33,511 [INFO] - STTSvc: Transcribe took 1.2131626605987549, produced ---> 
2025-12-12 10:26:34,655 [INFO] - STTSvc: Transcribe took 1.142155647277832, produced ---> 
2025-12-12 10:26:35,805 [INFO] - STTSvc: Transcribe took 1.1488964557647705, produced ---> 
2025-12-12 10:26:36,949 [INFO] - STTSvc: Transcribe took 1.1420972347259521, produced ---> 
2025-12-12 10:26:38,161 [INFO] - STTSvc: Transcribe took 1.2103090286254883, produced ---> 
2025-12-12 10:36:26,193 [INFO] - STTSvc: model:small.en, useGPU:True, keyFile:/home/ken/YAVA/Keys/open-ai-key.txt
2025-12-12 10:36:26,201 [INFO] - MediaSvc: bargeIn: False, localEnabled: True, remotePort: None
2025-12-12 10:36:26,201 [DEBUG] - MediaSvc: Remote audio output is disabled
2025-12-12 10:36:26,201 [INFO] - MediaSvc: attempt to connect to main message bus
2025-12-12 10:36:26,202 [DEBUG] - ** media_svc - Not Connected **
2025-12-12 10:36:26,204 [INFO] - Websocket connected
2025-12-12 10:36:27,203 [INFO] - MediaSvc: connected to main message bus. ID is media_svc.
2025-12-12 10:36:27,205 [INFO] - HAL: Activated. Volume command is amixer -D pulse sset Master %s, Mic command is pactl set-source-volume $(pactl info | grep "Default Source" | cut -d " " -f3) %s
2025-12-12 10:36:29,864 [INFO] - Websocket connected
2025-12-12 10:36:46,425 [INFO] - STTSvc: Transcribe took 1.404017448425293, produced ---> 
2025-12-12 10:36:48,275 [INFO] - STTSvc: Transcribe took 1.2156639099121094, produced ---> 
2025-12-12 10:36:49,529 [INFO] - STTSvc: Transcribe took 1.2525346279144287, produced ---> 
2025-12-12 10:36:50,759 [INFO] - STTSvc: Transcribe took 1.2280092239379883, produced ---> 
2025-12-12 10:36:53,069 [INFO] - STTSvc: Transcribe took 1.1970679759979248, produced ---> 
2025-12-12 10:36:55,339 [INFO] - STTSvc: Transcribe took 1.2052416801452637, produced ---> 
2025-12-12 10:36:56,519 [INFO] - STTSvc: Transcribe took 1.1790032386779785, produced ---> 
2025-12-12 10:36:59,663 [INFO] - STTSvc: Transcribe took 1.230269432067871, produced ---> 
2025-12-12 10:37:00,872 [INFO] - STTSvc: Transcribe took 1.206968069076538, produced ---> 
2025-12-12 10:37:08,565 [INFO] - STTSvc: Transcribe took 7.684769630432129, produced ---> 
2025-12-12 10:37:09,965 [INFO] - STTSvc: Transcribe took 1.3985848426818848, produced ---> 
2025-12-12 10:37:25,517 [INFO] - STTSvc: Transcribe took 15.55026626586914, produced ---> 
2025-12-12 10:37:26,689 [INFO] - STTSvc: Transcribe took 1.170170545578003, produced ---> 
2025-12-12 10:37:27,861 [INFO] - STTSvc: Transcribe took 1.1703758239746094, produced ---> 
2025-12-12 10:37:29,029 [INFO] - STTSvc: Transcribe took 1.1663868427276611, produced ---> 
2025-12-12 10:37:30,210 [INFO] - STTSvc: Transcribe took 1.1794054508209229, produced ---> 
2025-12-12 10:37:31,385 [INFO] - STTSvc: Transcribe took 1.1739692687988281, produced ---> 
2025-12-12 10:37:32,590 [INFO] - STTSvc: Transcribe took 1.203336238861084, produced ---> 
2025-12-12 10:37:33,796 [INFO] - STTSvc: Transcribe took 1.2044270038604736, produced ---> 
2025-12-12 10:37:34,965 [INFO] - STTSvc: Transcribe took 1.1665756702423096, produced ---> 
2025-12-12 10:37:36,135 [INFO] - STTSvc: Transcribe took 1.169252872467041, produced ---> 
2025-12-12 10:37:37,300 [INFO] - STTSvc: Transcribe took 1.163057565689087, produced ---> 
2025-12-12 10:37:38,477 [INFO] - STTSvc: Transcribe took 1.1755990982055664, produced ---> 
2025-12-12 10:37:39,679 [INFO] - STTSvc: Transcribe took 1.2001662254333496, produced ---> 
2025-12-12 10:37:41,094 [INFO] - STTSvc: Transcribe took 1.4129431247711182, produced ---> 
2025-12-12 10:37:42,276 [INFO] - STTSvc: Transcribe took 1.1804580688476562, produced ---> 
2025-12-12 10:37:43,445 [INFO] - STTSvc: Transcribe took 1.167651653289795, produced ---> 
2025-12-12 10:37:44,687 [INFO] - STTSvc: Transcribe took 1.2396962642669678, produced ---> 
2025-12-12 10:37:45,929 [INFO] - STTSvc: Transcribe took 1.2409334182739258, produced ---> 
2025-12-12 10:37:48,165 [INFO] - STTSvc: Transcribe took 1.181710958480835, produced ---> 
2025-12-12 10:37:49,377 [INFO] - STTSvc: Transcribe took 1.2101643085479736, produced ---> 
2025-12-12 10:37:50,606 [INFO] - STTSvc: Transcribe took 1.2274351119995117, produced ---> 
2025-12-12 10:37:51,780 [INFO] - STTSvc: Transcribe took 1.1717979907989502, produced ---> 
2025-12-12 10:37:52,970 [INFO] - STTSvc: Transcribe took 1.1884207725524902, produced ---> 
2025-12-12 10:37:54,147 [INFO] - STTSvc: Transcribe took 1.1760106086730957, produced ---> 
2025-12-12 10:37:55,369 [INFO] - STTSvc: Transcribe took 1.2200207710266113, produced ---> 
2025-12-12 10:37:56,588 [INFO] - STTSvc: Transcribe took 1.2171366214752197, produced ---> 
2025-12-12 10:37:57,971 [INFO] - STTSvc: Transcribe took 1.3813607692718506, produced ---> 
2025-12-12 10:37:59,229 [INFO] - STTSvc: Transcribe took 1.222703218460083, produced ---> 
2025-12-12 10:38:00,492 [INFO] - STTSvc: Transcribe took 1.261420488357544, produced ---> 
2025-12-12 10:38:01,689 [INFO] - STTSvc: Transcribe took 1.1953535079956055, produced ---> 
2025-12-12 10:38:02,883 [INFO] - STTSvc: Transcribe took 1.1922733783721924, produced ---> 
2025-12-12 10:38:04,078 [INFO] - STTSvc: Transcribe took 1.1930022239685059, produced ---> 
2025-12-12 10:38:05,244 [INFO] - STTSvc: Transcribe took 1.1653358936309814, produced ---> 
2025-12-12 10:38:06,428 [INFO] - STTSvc: Transcribe took 1.1824278831481934, produced ---> 
2025-12-12 10:38:07,622 [INFO] - STTSvc: Transcribe took 1.1916685104370117, produced ---> 
2025-12-12 10:38:08,838 [INFO] - STTSvc: Transcribe took 1.2151503562927246, produced ---> 
2025-12-12 10:38:10,021 [INFO] - STTSvc: Transcribe took 1.1807551383972168, produced ---> 
2025-12-12 10:38:11,235 [INFO] - STTSvc: Transcribe took 1.2123188972473145, produced ---> 
2025-12-12 10:38:12,479 [INFO] - STTSvc: Transcribe took 1.2427868843078613, produced ---> 
2025-12-12 10:38:13,704 [INFO] - STTSvc: Transcribe took 1.2075891494750977, produced ---> 
2025-12-12 10:38:14,904 [INFO] - STTSvc: Transcribe took 1.1986067295074463, produced ---> 
2025-12-12 10:38:16,293 [INFO] - STTSvc: Transcribe took 1.3872559070587158, produced ---> 
2025-12-12 10:38:17,476 [INFO] - STTSvc: Transcribe took 1.1816699504852295, produced ---> 
2025-12-12 10:38:18,881 [INFO] - STTSvc: Transcribe took 1.4036469459533691, produced ---> 
2025-12-12 10:38:20,059 [INFO] - STTSvc: Transcribe took 1.1763617992401123, produced ---> 
2025-12-12 10:38:21,236 [INFO] - STTSvc: Transcribe took 1.1681084632873535, produced ---> 
2025-12-12 10:38:22,410 [INFO] - STTSvc: Transcribe took 1.1726536750793457, produced ---> 
2025-12-12 10:38:23,617 [INFO] - STTSvc: Transcribe took 1.2052638530731201, produced ---> 
2025-12-12 10:38:24,877 [INFO] - STTSvc: Transcribe took 1.2576985359191895, produced ---> 
2025-12-12 10:38:26,153 [INFO] - STTSvc: Transcribe took 1.2745709419250488, produced ---> 
2025-12-12 10:38:27,457 [INFO] - STTSvc: Transcribe took 1.3021516799926758, produced ---> 
2025-12-12 10:38:28,657 [INFO] - STTSvc: Transcribe took 1.1991276741027832, produced ---> 
2025-12-12 10:38:29,822 [INFO] - STTSvc: Transcribe took 1.1631691455841064, produced ---> 
2025-12-12 10:38:31,030 [INFO] - STTSvc: Transcribe took 1.2060129642486572, produced ---> 
2025-12-12 10:38:32,255 [INFO] - STTSvc: Transcribe took 1.223541498184204, produced ---> 
2025-12-12 10:38:33,438 [INFO] - STTSvc: Transcribe took 1.1813507080078125, produced ---> 
2025-12-12 10:38:34,653 [INFO] - STTSvc: Transcribe took 1.2132134437561035, produced ---> 
2025-12-12 10:38:35,919 [INFO] - STTSvc: Transcribe took 1.2647182941436768, produced ---> 
2025-12-12 10:38:37,102 [INFO] - STTSvc: Transcribe took 1.1816954612731934, produced ---> 
2025-12-12 10:38:38,355 [INFO] - STTSvc: Transcribe took 1.2507076263427734, produced ---> 
2025-12-12 10:38:39,539 [INFO] - STTSvc: Transcribe took 1.1823577880859375, produced ---> 
2025-12-12 10:38:40,714 [INFO] - STTSvc: Transcribe took 1.1742188930511475, produced ---> 
2025-12-12 10:38:41,953 [INFO] - STTSvc: Transcribe took 1.2366840839385986, produced ---> 
2025-12-12 10:38:43,120 [INFO] - STTSvc: Transcribe took 1.1654963493347168, produced ---> 
2025-12-12 10:38:44,303 [INFO] - STTSvc: Transcribe took 1.1748535633087158, produced ---> 
2025-12-12 10:38:52,016 [INFO] - STTSvc: Transcribe took 7.710660457611084, produced ---> 
2025-12-12 10:38:53,372 [INFO] - STTSvc: Transcribe took 1.3552300930023193, produced ---> 
2025-12-12 10:38:54,591 [INFO] - STTSvc: Transcribe took 1.2173609733581543, produced ---> 
2025-12-12 10:38:55,813 [INFO] - STTSvc: Transcribe took 1.22021484375, produced ---> 
2025-12-12 10:38:56,998 [INFO] - STTSvc: Transcribe took 1.1827812194824219, produced ---> 
2025-12-12 10:39:00,578 [INFO] - STTSvc: Transcribe took 1.238858938217163, produced ---> 
2025-12-12 10:39:02,169 [INFO] - STTSvc: Transcribe took 1.1568677425384521, produced ---> 
2025-12-12 10:39:06,136 [INFO] - STTSvc: Transcribe took 1.1903595924377441, produced ---> 
2025-12-12 10:39:07,343 [INFO] - STTSvc: Transcribe took 1.205176830291748, produced ---> 
2025-12-12 10:39:08,556 [INFO] - STTSvc: Transcribe took 1.212134838104248, produced ---> 
2025-12-12 10:39:10,809 [INFO] - STTSvc: Transcribe took 1.2652997970581055, produced ---> 
2025-12-12 10:39:12,008 [INFO] - STTSvc: Transcribe took 1.197510004043579, produced ---> 
2025-12-12 10:39:16,041 [INFO] - STTSvc: Transcribe took 4.032049655914307, produced ---> 
2025-12-12 10:39:23,420 [INFO] - STTSvc: Transcribe took 1.1572425365447998, produced ---> 
2025-12-12 10:39:25,572 [INFO] - STTSvc: Transcribe took 1.1415016651153564, produced ---> 
2025-12-12 10:39:27,645 [INFO] - STTSvc: Transcribe took 1.1639807224273682, produced ---> 
2025-12-12 10:39:30,457 [INFO] - STTSvc: Transcribe took 1.1663663387298584, produced ---> 
2025-12-12 10:39:31,636 [INFO] - STTSvc: Transcribe took 1.1771140098571777, produced ---> 
2025-12-12 10:39:36,092 [INFO] - STTSvc: Transcribe took 1.206895112991333, produced ---> 
2025-12-12 10:39:37,299 [INFO] - STTSvc: Transcribe took 1.205124855041504, produced ---> 
2025-12-12 10:39:38,438 [INFO] - STTSvc: Transcribe took 1.1376430988311768, produced ---> 
2025-12-12 10:39:39,672 [INFO] - STTSvc: Transcribe took 1.218186855316162, produced ---> 
2025-12-12 10:39:40,888 [INFO] - STTSvc: Transcribe took 1.214137315750122, produced ---> 
2025-12-12 10:39:42,033 [INFO] - STTSvc: Transcribe took 1.1433677673339844, produced ---> 
2025-12-12 10:47:04,136 [INFO] - STTSvc: model:small.en, useGPU:True, keyFile:/home/ken/YAVA/Keys/open-ai-key.txt
2025-12-12 10:47:04,146 [INFO] - MediaSvc: bargeIn: False, localEnabled: True, remotePort: None
2025-12-12 10:47:04,146 [DEBUG] - MediaSvc: Remote audio output is disabled
2025-12-12 10:47:04,146 [INFO] - MediaSvc: attempt to connect to main message bus
2025-12-12 10:47:04,147 [DEBUG] - ** media_svc - Not Connected **
2025-12-12 10:47:04,149 [INFO] - Websocket connected
2025-12-12 10:47:05,148 [INFO] - MediaSvc: connected to main message bus. ID is media_svc.
2025-12-12 10:47:05,150 [INFO] - HAL: Activated. Volume command is amixer -D pulse sset Master %s, Mic command is pactl set-source-volume $(pactl info | grep "Default Source" | cut -d " " -f3) %s
2025-12-12 10:48:45,896 [INFO] - STTSvc: model:small.en, useGPU:True, keyFile:/home/ken/YAVA/Keys/open-ai-key.txt
2025-12-12 10:48:45,906 [INFO] - MediaSvc: bargeIn: False, localEnabled: True, remotePort: None
2025-12-12 10:48:45,906 [DEBUG] - MediaSvc: Remote audio output is disabled
2025-12-12 10:48:45,906 [INFO] - MediaSvc: attempt to connect to main message bus
2025-12-12 10:48:45,906 [DEBUG] - ** media_svc - Not Connected **
2025-12-12 10:48:45,909 [INFO] - Websocket connected
2025-12-12 10:48:46,908 [INFO] - MediaSvc: connected to main message bus. ID is media_svc.
2025-12-12 10:48:46,910 [INFO] - HAL: Activated. Volume command is amixer -D pulse sset Master %s, Mic command is pactl set-source-volume $(pactl info | grep "Default Source" | cut -d " " -f3) %s
2025-12-12 10:50:13,130 [INFO] - STTSvc: model:small.en, useGPU:True, keyFile:/home/ken/YAVA/Keys/open-ai-key.txt
2025-12-12 10:50:13,139 [INFO] - MediaSvc: bargeIn: False, localEnabled: True, remotePort: None
2025-12-12 10:50:13,139 [DEBUG] - MediaSvc: Remote audio output is disabled
2025-12-12 10:50:13,139 [INFO] - MediaSvc: attempt to connect to main message bus
2025-12-12 10:50:13,140 [DEBUG] - ** media_svc - Not Connected **
2025-12-12 10:50:13,142 [INFO] - Websocket connected
2025-12-12 10:50:14,141 [INFO] - MediaSvc: connected to main message bus. ID is media_svc.
2025-12-12 10:50:14,143 [INFO] - HAL: Activated. Volume command is amixer -D pulse sset Master %s, Mic command is pactl set-source-volume $(pactl info | grep "Default Source" | cut -d " " -f3) %s
2025-12-12 10:50:16,805 [WARNING] - Whisper: GPU failed, revert to CPU
2025-12-12 10:50:16,805 [INFO] - Whisper: local model initialized
2025-12-12 10:50:16,809 [INFO] - Websocket connected
2025-12-12 10:50:26,354 [INFO] - Whisper: transcribe /home/ken/YAVOS/yavos/tmp/speech_2025-12-12_10-50-26_353360.wav
2025-12-12 10:50:27,765 [INFO] - Whisper: transcribe produced 
2025-12-12 10:50:27,765 [INFO] - STTSvc: Transcribe took 1.410752534866333, produced ---> 
2025-12-12 10:50:27,766 [INFO] - Whisper: transcribe /home/ken/YAVOS/yavos/tmp/speech_2025-12-12_10-50-27_252988.wav
2025-12-12 10:50:28,921 [INFO] - Whisper: transcribe produced 
2025-12-12 10:50:28,921 [INFO] - STTSvc: Transcribe took 1.1550416946411133, produced ---> 
2025-12-12 10:50:28,923 [INFO] - Whisper: transcribe /home/ken/YAVOS/yavos/tmp/speech_2025-12-12_10-50-27_506270.wav
2025-12-12 10:50:30,101 [INFO] - Whisper: transcribe produced 
2025-12-12 10:50:30,101 [INFO] - STTSvc: Transcribe took 1.1780235767364502, produced ---> 
2025-12-12 10:50:39,478 [INFO] - Whisper: transcribe /home/ken/YAVOS/yavos/tmp/speech_2025-12-12_10-50-39_477293.wav
2025-12-12 10:50:40,639 [INFO] - Whisper: transcribe produced 
2025-12-12 10:50:40,639 [INFO] - STTSvc: Transcribe took 1.1615009307861328, produced ---> 
2025-12-12 10:50:40,641 [INFO] - Whisper: transcribe /home/ken/YAVOS/yavos/tmp/speech_2025-12-12_10-50-40_489604.wav
2025-12-12 10:50:41,870 [INFO] - Whisper: transcribe produced 
2025-12-12 10:50:41,870 [INFO] - STTSvc: Transcribe took 1.229339838027954, produced ---> 
2025-12-12 10:50:41,872 [INFO] - Whisper: transcribe /home/ken/YAVOS/yavos/tmp/speech_2025-12-12_10-50-40_996177.wav
2025-12-12 10:50:43,079 [INFO] - Whisper: transcribe produced 
2025-12-12 10:50:43,079 [INFO] - STTSvc: Transcribe took 1.2074642181396484, produced ---> 
2025-12-12 10:50:43,428 [INFO] - Whisper: transcribe /home/ken/YAVOS/yavos/tmp/speech_2025-12-12_10-50-43_426639.wav
2025-12-12 10:50:44,620 [INFO] - Whisper: transcribe produced 
2025-12-12 10:50:44,620 [INFO] - STTSvc: Transcribe took 1.1915757656097412, produced ---> 
2025-12-12 10:50:45,086 [INFO] - Whisper: transcribe /home/ken/YAVOS/yavos/tmp/speech_2025-12-12_10-50-45_085880.wav
2025-12-12 10:50:46,281 [INFO] - Whisper: transcribe produced 
2025-12-12 10:50:46,281 [INFO] - STTSvc: Transcribe took 1.1945905685424805, produced ---> 
2025-12-12 10:50:47,253 [INFO] - Whisper: transcribe /home/ken/YAVOS/yavos/tmp/speech_2025-12-12_10-50-47_251031.wav
2025-12-12 10:50:48,458 [INFO] - Whisper: transcribe produced 
2025-12-12 10:50:48,458 [INFO] - STTSvc: Transcribe took 1.205362319946289, produced ---> 
2025-12-12 10:50:49,556 [INFO] - Whisper: transcribe /home/ken/YAVOS/yavos/tmp/speech_2025-12-12_10-50-49_555293.wav
2025-12-12 10:50:50,747 [INFO] - Whisper: transcribe produced 
2025-12-12 10:50:50,747 [INFO] - STTSvc: Transcribe took 1.1908378601074219, produced ---> 
2025-12-12 10:50:50,749 [INFO] - Whisper: transcribe /home/ken/YAVOS/yavos/tmp/speech_2025-12-12_10-50-50_708019.wav
2025-12-12 10:50:51,939 [INFO] - Whisper: transcribe produced 
2025-12-12 10:50:51,939 [INFO] - STTSvc: Transcribe took 1.1900627613067627, produced ---> 
2025-12-12 10:50:51,940 [INFO] - Whisper: transcribe /home/ken/YAVOS/yavos/tmp/speech_2025-12-12_10-50-51_721286.wav
2025-12-12 10:50:53,151 [INFO] - Whisper: transcribe produced 
2025-12-12 10:50:53,151 [INFO] - STTSvc: Transcribe took 1.2107746601104736, produced ---> 
2025-12-12 10:50:53,900 [INFO] - Whisper: transcribe /home/ken/YAVOS/yavos/tmp/speech_2025-12-12_10-50-53_898439.wav
2025-12-12 10:50:55,099 [INFO] - Whisper: transcribe produced 
2025-12-12 10:50:55,099 [INFO] - STTSvc: Transcribe took 1.1995673179626465, produced ---> 
2025-12-12 10:50:55,101 [INFO] - Whisper: transcribe /home/ken/YAVOS/yavos/tmp/speech_2025-12-12_10-50-54_658653.wav
2025-12-12 10:50:56,345 [INFO] - Whisper: transcribe produced 
2025-12-12 10:50:56,346 [INFO] - STTSvc: Transcribe took 1.2446846961975098, produced ---> 
2025-12-12 10:50:56,347 [INFO] - Whisper: transcribe /home/ken/YAVOS/yavos/tmp/speech_2025-12-12_10-50-55_557120.wav
2025-12-12 10:50:57,572 [INFO] - Whisper: transcribe produced 
2025-12-12 10:50:57,572 [INFO] - STTSvc: Transcribe took 1.225062608718872, produced ---> 
2025-12-12 10:50:57,574 [INFO] - Whisper: transcribe /home/ken/YAVOS/yavos/tmp/speech_2025-12-12_10-50-56_709622.wav
2025-12-12 10:50:58,750 [INFO] - Whisper: transcribe produced 
2025-12-12 10:50:58,751 [INFO] - STTSvc: Transcribe took 1.1767663955688477, produced ---> 
2025-12-12 10:50:58,752 [INFO] - Whisper: transcribe /home/ken/YAVOS/yavos/tmp/speech_2025-12-12_10-50-58_621717.wav
2025-12-12 10:50:59,933 [INFO] - Whisper: transcribe produced 
2025-12-12 10:50:59,933 [INFO] - STTSvc: Transcribe took 1.1811907291412354, produced ---> 
2025-12-12 10:51:00,534 [INFO] - Whisper: transcribe /home/ken/YAVOS/yavos/tmp/speech_2025-12-12_10-51-00_532435.wav
2025-12-12 10:51:01,723 [INFO] - Whisper: transcribe produced 
2025-12-12 10:51:01,723 [INFO] - STTSvc: Transcribe took 1.1885600090026855, produced ---> 
2025-12-12 10:51:01,724 [INFO] - Whisper: transcribe /home/ken/YAVOS/yavos/tmp/speech_2025-12-12_10-51-01_558524.wav
2025-12-12 10:51:03,045 [INFO] - Whisper: transcribe produced 
2025-12-12 10:51:03,045 [INFO] - STTSvc: Transcribe took 1.3208637237548828, produced ---> 
2025-12-12 10:51:03,991 [INFO] - Whisper: transcribe /home/ken/YAVOS/yavos/tmp/speech_2025-12-12_10-51-03_989148.wav
2025-12-12 10:51:05,210 [INFO] - Whisper: transcribe produced 
2025-12-12 10:51:05,211 [INFO] - STTSvc: Transcribe took 1.2195608615875244, produced ---> 
2025-12-12 10:51:05,212 [INFO] - Whisper: transcribe /home/ken/YAVOS/yavos/tmp/speech_2025-12-12_10-51-04_369157.wav
2025-12-12 10:51:06,433 [INFO] - Whisper: transcribe produced 
2025-12-12 10:51:06,434 [INFO] - STTSvc: Transcribe took 1.2214689254760742, produced ---> 
2025-12-12 10:51:06,435 [INFO] - Whisper: transcribe /home/ken/YAVOS/yavos/tmp/speech_2025-12-12_10-51-05_129605.wav
2025-12-12 10:51:07,615 [INFO] - Whisper: transcribe produced 
2025-12-12 10:51:07,621 [INFO] - STTSvc: Transcribe took 1.185438871383667, produced ---> 
2025-12-12 10:51:07,852 [INFO] - Whisper: transcribe /home/ken/YAVOS/yavos/tmp/speech_2025-12-12_10-51-07_851161.wav
2025-12-12 10:51:09,079 [INFO] - Whisper: transcribe produced 
2025-12-12 10:51:09,079 [INFO] - STTSvc: Transcribe took 1.2267215251922607, produced ---> 
2025-12-12 10:51:09,080 [INFO] - Whisper: transcribe /home/ken/YAVOS/yavos/tmp/speech_2025-12-12_10-51-09_047669.wav
2025-12-12 10:51:10,270 [INFO] - Whisper: transcribe produced 
2025-12-12 10:51:10,270 [INFO] - STTSvc: Transcribe took 1.1899888515472412, produced ---> 
2025-12-12 10:51:11,006 [INFO] - Whisper: transcribe /home/ken/YAVOS/yavos/tmp/speech_2025-12-12_10-51-11_004914.wav
2025-12-12 10:51:12,172 [INFO] - Whisper: transcribe produced 
2025-12-12 10:51:12,172 [INFO] - STTSvc: Transcribe took 1.1663002967834473, produced ---> 
2025-12-12 10:51:16,452 [INFO] - Whisper: transcribe /home/ken/YAVOS/yavos/tmp/speech_2025-12-12_10-51-16_451300.wav
2025-12-12 10:51:23,566 [INFO] - Whisper: transcribe produced &
2025-12-12 10:51:23,566 [INFO] - STTSvc: Transcribe took 7.1142683029174805, produced ---> &
2025-12-12 10:51:23,568 [INFO] - Whisper: transcribe /home/ken/YAVOS/yavos/tmp/speech_2025-12-12_10-51-17_098302.wav
2025-12-12 10:51:24,901 [WARNING] - TTSSvc: Transcribe took 1.3324329853057861, Received text ---> &
2025-12-12 10:51:24,902 [INFO] - HAL: mute mic
2025-12-12 10:51:24,915 [INFO] - HAL: play wav aplay Config/tts_out/junk.wav  >/dev/null 2>&1
2025-12-12 10:51:25,453 [INFO] - Whisper: transcribe produced in one, two.
2025-12-12 10:51:25,453 [INFO] - STTSvc: Transcribe took 1.8848693370819092, produced ---> in one, two.
2025-12-12 10:51:25,454 [INFO] - Whisper: transcribe /home/ken/YAVOS/yavos/tmp/speech_2025-12-12_10-51-17_478296.wav
2025-12-12 10:51:25,558 [INFO] - HAL: unmute mic
2025-12-12 10:51:26,815 [INFO] - Whisper: transcribe produced 
2025-12-12 10:51:26,815 [INFO] - STTSvc: Transcribe took 1.3606302738189697, produced ---> 
2025-12-12 10:51:26,824 [INFO] - Whisper: transcribe tmp/test0.wav
2025-12-12 10:51:27,060 [WARNING] - TTSSvc: Transcribe took 1.6048648357391357, Received text ---> in one, two.
2025-12-12 10:51:27,062 [INFO] - HAL: mute mic
2025-12-12 10:51:27,076 [INFO] - HAL: play wav aplay Config/tts_out/junk.wav  >/dev/null 2>&1
2025-12-12 10:51:28,212 [INFO] - HAL: unmute mic
2025-12-12 10:51:28,274 [INFO] - Whisper: transcribe produced Testing one, two, three.
2025-12-12 10:51:28,274 [INFO] - STTSvc: Transcribe took 1.4504804611206055, produced ---> Testing one, two, three.
2025-12-12 10:51:28,276 [INFO] - Whisper: transcribe /home/ken/YAVOS/yavos/tmp/speech_2025-12-12_10-51-22_340067.wav
2025-12-12 10:51:29,612 [INFO] - Whisper: transcribe produced 
2025-12-12 10:51:29,612 [INFO] - STTSvc: Transcribe took 1.3365058898925781, produced ---> 
2025-12-12 10:51:29,614 [INFO] - Whisper: transcribe /home/ken/YAVOS/yavos/tmp/speech_2025-12-12_10-51-22_846522.wav
2025-12-12 10:51:29,996 [WARNING] - TTSSvc: Transcribe took 1.7205493450164795, Received text ---> Testing one, two, three.
2025-12-12 10:51:29,997 [INFO] - HAL: mute mic
2025-12-12 10:51:30,012 [INFO] - HAL: play wav aplay Config/tts_out/junk.wav  >/dev/null 2>&1
2025-12-12 10:51:30,918 [INFO] - Whisper: transcribe produced 
2025-12-12 10:51:30,919 [INFO] - STTSvc: Transcribe took 1.30454683303833, produced ---> 
2025-12-12 10:51:30,920 [INFO] - Whisper: transcribe /home/ken/YAVOS/yavos/tmp/speech_2025-12-12_10-51-23_628930.wav
2025-12-12 10:51:31,649 [INFO] - HAL: unmute mic
2025-12-12 10:51:32,090 [INFO] - Whisper: transcribe produced 
2025-12-12 10:51:32,090 [INFO] - STTSvc: Transcribe took 1.1699168682098389, produced ---> 
2025-12-12 10:51:32,100 [INFO] - Whisper: transcribe /home/ken/YAVOS/yavos/tmp/speech_2025-12-12_10-51-24_379142.wav
2025-12-12 10:51:33,348 [INFO] - Whisper: transcribe produced One, two.
2025-12-12 10:51:33,348 [INFO] - STTSvc: Transcribe took 1.248220443725586, produced ---> One, two.
2025-12-12 10:51:33,350 [INFO] - Whisper: transcribe tmp/test0.wav
2025-12-12 10:51:33,391 [WARNING] - Whisper: exception on transcribe
2025-12-12 10:51:33,391 [INFO] - Whisper: transcribe produced 
2025-12-12 10:51:33,391 [INFO] - STTSvc: Transcribe took 0.04136300086975098, produced ---> 
2025-12-12 10:51:33,393 [INFO] - Whisper: transcribe /home/ken/YAVOS/yavos/tmp/speech_2025-12-12_10-51-24_810007.wav
2025-12-12 10:51:34,668 [INFO] - Whisper: transcribe produced 
2025-12-12 10:51:34,668 [INFO] - STTSvc: Transcribe took 1.2748353481292725, produced ---> 
2025-12-12 10:51:34,669 [INFO] - Whisper: transcribe /home/ken/YAVOS/yavos/tmp/speech_2025-12-12_10-51-27_357777.wav
2025-12-12 10:51:34,995 [WARNING] - TTSSvc: Transcribe took 1.645057201385498, Received text ---> One, two.
2025-12-12 10:51:34,998 [INFO] - HAL: mute mic
2025-12-12 10:51:35,013 [INFO] - HAL: play wav aplay Config/tts_out/junk.wav  >/dev/null 2>&1
2025-12-12 10:51:35,899 [INFO] - HAL: unmute mic
2025-12-12 10:51:35,918 [INFO] - Whisper: transcribe produced 
2025-12-12 10:51:35,918 [INFO] - STTSvc: Transcribe took 1.2482984066009521, produced ---> 
2025-12-12 10:51:35,919 [INFO] - Whisper: transcribe /home/ken/YAVOS/yavos/tmp/speech_2025-12-12_10-51-30_278948.wav
2025-12-12 10:51:37,104 [INFO] - Whisper: transcribe produced 
2025-12-12 10:51:37,104 [INFO] - STTSvc: Transcribe took 1.1847424507141113, produced ---> 
2025-12-12 10:51:37,112 [INFO] - Whisper: transcribe /home/ken/YAVOS/yavos/tmp/speech_2025-12-12_10-51-34_633047.wav
2025-12-12 10:51:38,290 [INFO] - Whisper: transcribe produced 
2025-12-12 10:51:38,291 [INFO] - STTSvc: Transcribe took 1.1782968044281006, produced ---> 
2025-12-12 10:51:39,593 [INFO] - Whisper: transcribe /home/ken/YAVOS/yavos/tmp/speech_2025-12-12_10-51-39_591707.wav
2025-12-12 10:51:40,758 [INFO] - Whisper: transcribe produced 
2025-12-12 10:51:40,758 [INFO] - STTSvc: Transcribe took 1.1651215553283691, produced ---> 
2025-12-12 10:51:45,901 [INFO] - Whisper: transcribe /home/ken/YAVOS/yavos/tmp/speech_2025-12-12_10-51-45_899073.wav
2025-12-12 10:51:47,054 [INFO] - Whisper: transcribe produced 
2025-12-12 10:51:47,054 [INFO] - STTSvc: Transcribe took 1.153376817703247, produced ---> 
2025-12-12 10:51:48,597 [INFO] - Whisper: transcribe /home/ken/YAVOS/yavos/tmp/speech_2025-12-12_10-51-48_596165.wav
2025-12-12 10:51:49,961 [INFO] - Whisper: transcribe produced Fasting one, two, three.
2025-12-12 10:51:49,962 [INFO] - STTSvc: Transcribe took 1.3641247749328613, produced ---> Fasting one, two, three.
2025-12-12 10:51:50,820 [WARNING] - TTSSvc: Transcribe took 0.8565371036529541, Received text ---> Fasting one, two, three.
2025-12-12 10:51:50,822 [INFO] - HAL: mute mic
2025-12-12 10:51:50,832 [INFO] - HAL: play wav aplay Config/tts_out/junk.wav  >/dev/null 2>&1
2025-12-12 10:51:52,715 [INFO] - HAL: unmute mic
2025-12-12 10:51:55,341 [INFO] - Whisper: transcribe /home/ken/YAVOS/yavos/tmp/speech_2025-12-12_10-51-55_338691.wav
2025-12-12 10:51:56,685 [INFO] - Whisper: transcribe produced Testing one, two, three.
2025-12-12 10:51:56,685 [INFO] - STTSvc: Transcribe took 1.3440046310424805, produced ---> Testing one, two, three.
2025-12-12 10:51:57,528 [WARNING] - TTSSvc: Transcribe took 0.841327428817749, Received text ---> Testing one, two, three.
2025-12-12 10:51:57,529 [INFO] - HAL: mute mic
2025-12-12 10:51:57,538 [INFO] - HAL: play wav aplay Config/tts_out/junk.wav  >/dev/null 2>&1
2025-12-12 10:51:57,755 [INFO] - Whisper: transcribe /home/ken/YAVOS/yavos/tmp/speech_2025-12-12_10-51-57_752864.wav
2025-12-12 10:51:58,906 [INFO] - Whisper: transcribe produced you
2025-12-12 10:51:58,906 [INFO] - STTSvc: Transcribe took 1.1517035961151123, produced ---> you
2025-12-12 10:51:59,296 [INFO] - HAL: unmute mic
2025-12-12 10:51:59,719 [WARNING] - TTSSvc: Transcribe took 0.8097436428070068, Received text ---> you
2025-12-12 10:51:59,720 [INFO] - HAL: mute mic
2025-12-12 10:51:59,729 [INFO] - HAL: play wav aplay Config/tts_out/junk.wav  >/dev/null 2>&1
2025-12-12 10:52:00,034 [INFO] - Whisper: transcribe /home/ken/YAVOS/yavos/tmp/speech_2025-12-12_10-52-00_033104.wav
2025-12-12 10:52:00,362 [INFO] - HAL: unmute mic
2025-12-12 10:52:01,246 [INFO] - Whisper: transcribe produced 
2025-12-12 10:52:01,246 [INFO] - STTSvc: Transcribe took 1.2117364406585693, produced ---> 
2025-12-12 10:52:02,484 [INFO] - Whisper: transcribe /home/ken/YAVOS/yavos/tmp/speech_2025-12-12_10-52-02_482671.wav
2025-12-12 10:52:03,778 [INFO] - Whisper: transcribe produced What time is it?
2025-12-12 10:52:03,778 [INFO] - STTSvc: Transcribe took 1.2940809726715088, produced ---> What time is it?
2025-12-12 10:52:04,578 [WARNING] - TTSSvc: Transcribe took 0.7962851524353027, Received text ---> What time is it?
2025-12-12 10:52:04,579 [INFO] - HAL: mute mic
2025-12-12 10:52:04,588 [INFO] - HAL: play wav aplay Config/tts_out/junk.wav  >/dev/null 2>&1
2025-12-12 10:52:04,877 [INFO] - Whisper: transcribe /home/ken/YAVOS/yavos/tmp/speech_2025-12-12_10-52-04_875140.wav
2025-12-12 10:52:05,596 [INFO] - HAL: unmute mic
2025-12-12 10:52:06,024 [INFO] - Whisper: transcribe produced you
2025-12-12 10:52:06,024 [INFO] - STTSvc: Transcribe took 1.1469299793243408, produced ---> you
2025-12-12 10:52:06,842 [WARNING] - TTSSvc: Transcribe took 0.8155786991119385, Received text ---> you
2025-12-12 10:52:06,843 [INFO] - HAL: mute mic
2025-12-12 10:52:06,851 [INFO] - HAL: play wav aplay Config/tts_out/junk.wav  >/dev/null 2>&1
2025-12-12 10:52:07,135 [INFO] - Whisper: transcribe /home/ken/YAVOS/yavos/tmp/speech_2025-12-12_10-52-07_133634.wav
2025-12-12 10:52:07,484 [INFO] - HAL: unmute mic
2025-12-12 10:52:08,416 [INFO] - Whisper: transcribe produced Where's Waldo?
2025-12-12 10:52:08,416 [INFO] - STTSvc: Transcribe took 1.2810320854187012, produced ---> Where's Waldo?
2025-12-12 10:52:09,218 [WARNING] - TTSSvc: Transcribe took 0.7999041080474854, Received text ---> Where's Waldo?
2025-12-12 10:52:09,219 [INFO] - HAL: mute mic
2025-12-12 10:52:09,228 [INFO] - HAL: play wav aplay Config/tts_out/junk.wav  >/dev/null 2>&1
2025-12-12 10:52:09,531 [INFO] - Whisper: transcribe /home/ken/YAVOS/yavos/tmp/speech_2025-12-12_10-52-09_529226.wav
2025-12-12 10:52:10,360 [INFO] - HAL: unmute mic
2025-12-12 10:52:10,681 [INFO] - Whisper: transcribe produced 
2025-12-12 10:52:10,681 [INFO] - STTSvc: Transcribe took 1.1500053405761719, produced ---> 
2025-12-12 10:52:14,032 [INFO] - Whisper: transcribe /home/ken/YAVOS/yavos/tmp/speech_2025-12-12_10-52-14_031028.wav
2025-12-12 10:52:15,165 [INFO] - Whisper: transcribe produced 
2025-12-12 10:52:15,166 [INFO] - STTSvc: Transcribe took 1.1339318752288818, produced ---> 
2025-12-12 10:52:15,990 [INFO] - Whisper: transcribe /home/ken/YAVOS/yavos/tmp/speech_2025-12-12_10-52-15_988957.wav
2025-12-12 10:52:17,218 [INFO] - Whisper: transcribe produced Well, obvious.
2025-12-12 10:52:17,218 [INFO] - STTSvc: Transcribe took 1.2284135818481445, produced ---> Well, obvious.
2025-12-12 10:52:18,048 [WARNING] - TTSSvc: Transcribe took 0.8276169300079346, Received text ---> Well, obvious.
2025-12-12 10:52:18,050 [INFO] - HAL: mute mic
2025-12-12 10:52:18,059 [INFO] - HAL: play wav aplay Config/tts_out/junk.wav  >/dev/null 2>&1
2025-12-12 10:52:18,061 [INFO] - Whisper: transcribe /home/ken/YAVOS/yavos/tmp/speech_2025-12-12_10-52-18_059249.wav
2025-12-12 10:52:19,192 [INFO] - HAL: unmute mic
2025-12-12 10:52:19,480 [INFO] - Whisper: transcribe produced I don't forget this is a very long
2025-12-12 10:52:19,480 [INFO] - STTSvc: Transcribe took 1.4190874099731445, produced ---> I don't forget this is a very long
2025-12-12 10:52:19,482 [INFO] - Whisper: transcribe /home/ken/YAVOS/yavos/tmp/speech_2025-12-12_10-52-18_363822.wav
2025-12-12 10:52:20,780 [WARNING] - TTSSvc: Transcribe took 1.2964768409729004, Received text ---> I don't forget this is a very long
2025-12-12 10:52:20,782 [INFO] - HAL: mute mic
2025-12-12 10:52:20,798 [INFO] - HAL: play wav aplay Config/tts_out/junk.wav  >/dev/null 2>&1
2025-12-12 10:52:21,122 [INFO] - Whisper: transcribe produced you
2025-12-12 10:52:21,122 [INFO] - STTSvc: Transcribe took 1.6405558586120605, produced ---> you
2025-12-12 10:52:21,124 [INFO] - Whisper: transcribe /home/ken/YAVOS/yavos/tmp/speech_2025-12-12_10-52-21_077998.wav
2025-12-12 10:52:22,485 [WARNING] - TTSSvc: Transcribe took 1.3597514629364014, Received text ---> you
2025-12-12 10:52:22,649 [INFO] - Whisper: transcribe produced 
2025-12-12 10:52:22,649 [INFO] - STTSvc: Transcribe took 1.5253567695617676, produced ---> 
2025-12-12 10:52:22,809 [INFO] - HAL: unmute mic
2025-12-12 10:52:22,818 [INFO] - HAL: mute mic
2025-12-12 10:52:22,825 [INFO] - HAL: play wav aplay Config/tts_out/junk.wav  >/dev/null 2>&1
2025-12-12 10:52:23,333 [INFO] - HAL: unmute mic
2025-12-12 10:52:28,430 [INFO] - Whisper: transcribe /home/ken/YAVOS/yavos/tmp/speech_2025-12-12_10-52-28_428596.wav
2025-12-12 10:52:30,072 [INFO] - Whisper: transcribe produced This is going to be a very long input string, so deal with it.
2025-12-12 10:52:30,072 [INFO] - STTSvc: Transcribe took 1.6420564651489258, produced ---> This is going to be a very long input string, so deal with it.
2025-12-12 10:52:31,019 [WARNING] - TTSSvc: Transcribe took 0.9457085132598877, Received text ---> This is going to be a very long input string, so deal with it.
2025-12-12 10:52:31,021 [INFO] - HAL: mute mic
2025-12-12 10:52:31,030 [INFO] - HAL: play wav aplay Config/tts_out/junk.wav  >/dev/null 2>&1
2025-12-12 10:52:31,278 [INFO] - Whisper: transcribe /home/ken/YAVOS/yavos/tmp/speech_2025-12-12_10-52-31_277643.wav
2025-12-12 10:52:32,411 [INFO] - Whisper: transcribe produced you
2025-12-12 10:52:32,411 [INFO] - STTSvc: Transcribe took 1.1322214603424072, produced ---> you
2025-12-12 10:52:33,229 [WARNING] - TTSSvc: Transcribe took 0.8159785270690918, Received text ---> you
2025-12-12 10:52:33,788 [INFO] - HAL: unmute mic
2025-12-12 10:52:33,796 [INFO] - HAL: mute mic
2025-12-12 10:52:33,804 [INFO] - HAL: play wav aplay Config/tts_out/junk.wav  >/dev/null 2>&1
2025-12-12 10:52:34,436 [INFO] - HAL: unmute mic
2025-12-12 10:52:37,586 [INFO] - Whisper: transcribe /home/ken/YAVOS/yavos/tmp/speech_2025-12-12_10-52-37_585244.wav
2025-12-12 10:52:38,745 [INFO] - Whisper: transcribe produced 
2025-12-12 10:52:38,745 [INFO] - STTSvc: Transcribe took 1.1587681770324707, produced ---> 
2025-12-12 10:52:38,782 [INFO] - Whisper: transcribe /home/ken/YAVOS/yavos/tmp/speech_2025-12-12_10-52-37_737598.wav
2025-12-12 10:52:39,927 [INFO] - Whisper: transcribe produced 
2025-12-12 10:52:39,927 [INFO] - STTSvc: Transcribe took 1.1448984146118164, produced ---> 
2025-12-12 10:52:40,740 [INFO] - Whisper: transcribe /home/ken/YAVOS/yavos/tmp/speech_2025-12-12_10-52-40_738428.wav
2025-12-12 10:52:42,234 [INFO] - Whisper: transcribe produced Testing one, two, three, four, five, six
2025-12-12 10:52:42,234 [INFO] - STTSvc: Transcribe took 1.4937636852264404, produced ---> Testing one, two, three, four, five, six
2025-12-12 10:52:43,163 [WARNING] - TTSSvc: Transcribe took 0.9262747764587402, Received text ---> Testing one, two, three, four, five, six
2025-12-12 10:52:43,164 [INFO] - HAL: mute mic
2025-12-12 10:52:43,173 [INFO] - HAL: play wav aplay Config/tts_out/junk.wav  >/dev/null 2>&1
2025-12-12 10:52:43,437 [INFO] - Whisper: transcribe /home/ken/YAVOS/yavos/tmp/speech_2025-12-12_10-52-43_435882.wav
2025-12-12 10:52:44,796 [INFO] - Whisper: transcribe produced at 1112 1314 56.
2025-12-12 10:52:44,796 [INFO] - STTSvc: Transcribe took 1.3593964576721191, produced ---> at 1112 1314 56.
2025-12-12 10:52:45,719 [WARNING] - TTSSvc: Transcribe took 0.9201185703277588, Received text ---> at 1112 1314 56.
2025-12-12 10:52:46,180 [INFO] - HAL: unmute mic
2025-12-12 10:52:46,188 [INFO] - HAL: mute mic
2025-12-12 10:52:46,196 [INFO] - HAL: play wav aplay Config/tts_out/junk.wav  >/dev/null 2>&1
2025-12-12 10:52:46,350 [INFO] - Whisper: transcribe /home/ken/YAVOS/yavos/tmp/speech_2025-12-12_10-52-46_348681.wav
2025-12-12 10:52:47,490 [INFO] - Whisper: transcribe produced you
2025-12-12 10:52:47,491 [INFO] - STTSvc: Transcribe took 1.1402919292449951, produced ---> you
2025-12-12 10:52:48,279 [WARNING] - TTSSvc: Transcribe took 0.7855851650238037, Received text ---> you
2025-12-12 10:52:48,953 [INFO] - HAL: unmute mic
2025-12-12 10:52:48,962 [INFO] - HAL: mute mic
2025-12-12 10:52:48,969 [INFO] - HAL: play wav aplay Config/tts_out/junk.wav  >/dev/null 2>&1
2025-12-12 10:52:49,123 [INFO] - Whisper: transcribe /home/ken/YAVOS/yavos/tmp/speech_2025-12-12_10-52-49_121729.wav
2025-12-12 10:52:49,603 [INFO] - HAL: unmute mic
2025-12-12 10:52:50,275 [INFO] - Whisper: transcribe produced you
2025-12-12 10:52:50,275 [INFO] - STTSvc: Transcribe took 1.1520495414733887, produced ---> you
2025-12-12 10:52:51,079 [WARNING] - TTSSvc: Transcribe took 0.8016581535339355, Received text ---> you
2025-12-12 10:52:51,080 [INFO] - HAL: mute mic
2025-12-12 10:52:51,089 [INFO] - HAL: play wav aplay Config/tts_out/junk.wav  >/dev/null 2>&1
2025-12-12 10:52:51,292 [INFO] - Whisper: transcribe /home/ken/YAVOS/yavos/tmp/speech_2025-12-12_10-52-51_290955.wav
2025-12-12 10:52:51,722 [INFO] - HAL: unmute mic
2025-12-12 10:52:52,433 [INFO] - Whisper: transcribe produced 
2025-12-12 10:52:52,433 [INFO] - STTSvc: Transcribe took 1.141162395477295, produced ---> 
2025-12-12 10:52:54,626 [INFO] - Whisper: transcribe /home/ken/YAVOS/yavos/tmp/speech_2025-12-12_10-52-54_625079.wav
2025-12-12 10:52:56,092 [INFO] - Whisper: transcribe produced Testing one, two, three, four, five.
2025-12-12 10:52:56,092 [INFO] - STTSvc: Transcribe took 1.4658105373382568, produced ---> Testing one, two, three, four, five.
2025-12-12 10:52:56,094 [INFO] - Whisper: transcribe /home/ken/YAVOS/yavos/tmp/speech_2025-12-12_10-52-54_929551.wav
2025-12-12 10:52:57,465 [WARNING] - TTSSvc: Transcribe took 1.370206594467163, Received text ---> Testing one, two, three, four, five.
2025-12-12 10:52:57,466 [INFO] - HAL: mute mic
2025-12-12 10:52:57,484 [INFO] - HAL: play wav aplay Config/tts_out/junk.wav  >/dev/null 2>&1
2025-12-12 10:53:00,371 [INFO] - HAL: unmute mic
2025-12-12 10:53:03,861 [INFO] - Whisper: transcribe produced Anchor 4
2025-12-12 10:53:03,861 [INFO] - STTSvc: Transcribe took 7.7669031620025635, produced ---> Anchor 4
2025-12-12 10:53:03,862 [INFO] - Whisper: transcribe /home/ken/YAVOS/yavos/tmp/speech_2025-12-12_10-52-57_016912.wav
2025-12-12 10:53:05,009 [WARNING] - TTSSvc: Transcribe took 1.146498203277588, Received text ---> Anchor 4
2025-12-12 10:53:05,011 [INFO] - HAL: mute mic
2025-12-12 10:53:05,025 [INFO] - HAL: play wav aplay Config/tts_out/junk.wav  >/dev/null 2>&1
2025-12-12 10:53:05,453 [INFO] - Whisper: transcribe produced 
2025-12-12 10:53:05,453 [INFO] - STTSvc: Transcribe took 1.5909247398376465, produced ---> 
2025-12-12 10:53:05,455 [INFO] - Whisper: transcribe /home/ken/YAVOS/yavos/tmp/speech_2025-12-12_10-52-57_778331.wav
2025-12-12 10:53:06,036 [INFO] - HAL: unmute mic
2025-12-12 10:53:06,589 [INFO] - Whisper: transcribe produced you
2025-12-12 10:53:06,589 [INFO] - STTSvc: Transcribe took 1.1341371536254883, produced ---> you
2025-12-12 10:53:06,591 [INFO] - Whisper: transcribe /home/ken/YAVOS/yavos/tmp/speech_2025-12-12_10-53-04_215863.wav
2025-12-12 10:53:08,127 [WARNING] - TTSSvc: Transcribe took 1.53436279296875, Received text ---> you
2025-12-12 10:53:08,129 [INFO] - HAL: mute mic
2025-12-12 10:53:08,139 [INFO] - HAL: play wav aplay Config/tts_out/junk.wav  >/dev/null 2>&1
2025-12-12 10:53:08,226 [INFO] - Whisper: transcribe produced What happened to the 6th?
2025-12-12 10:53:08,226 [INFO] - STTSvc: Transcribe took 1.6352565288543701, produced ---> What happened to the 6th?
2025-12-12 10:53:08,228 [INFO] - Whisper: transcribe /home/ken/YAVOS/yavos/tmp/speech_2025-12-12_10-53-05_328830.wav
2025-12-12 10:53:08,774 [INFO] - HAL: unmute mic
2025-12-12 10:53:09,589 [INFO] - Whisper: transcribe produced 
2025-12-12 10:53:09,589 [INFO] - STTSvc: Transcribe took 1.3616390228271484, produced ---> 
2025-12-12 10:53:09,591 [INFO] - Whisper: transcribe /home/ken/YAVOS/yavos/tmp/speech_2025-12-12_10-53-08_359774.wav
2025-12-12 10:53:09,856 [WARNING] - TTSSvc: Transcribe took 1.6270289421081543, Received text ---> What happened to the 6th?
2025-12-12 10:53:09,857 [INFO] - HAL: mute mic
2025-12-12 10:53:09,871 [INFO] - HAL: play wav aplay Config/tts_out/junk.wav  >/dev/null 2>&1
2025-12-12 10:53:10,869 [INFO] - Whisper: transcribe produced 
2025-12-12 10:53:10,869 [INFO] - STTSvc: Transcribe took 1.278158187866211, produced ---> 
2025-12-12 10:53:10,904 [INFO] - Whisper: transcribe /home/ken/YAVOS/yavos/tmp/speech_2025-12-12_10-53-10_903694.wav
2025-12-12 10:53:11,257 [INFO] - HAL: unmute mic
2025-12-12 10:53:12,138 [INFO] - Whisper: transcribe produced What happened?
2025-12-12 10:53:12,138 [INFO] - STTSvc: Transcribe took 1.2336757183074951, produced ---> What happened?
2025-12-12 10:53:12,962 [WARNING] - TTSSvc: Transcribe took 0.8214869499206543, Received text ---> What happened?
2025-12-12 10:53:12,964 [INFO] - HAL: mute mic
2025-12-12 10:53:12,973 [INFO] - HAL: play wav aplay Config/tts_out/junk.wav  >/dev/null 2>&1
2025-12-12 10:53:13,167 [INFO] - Whisper: transcribe /home/ken/YAVOS/yavos/tmp/speech_2025-12-12_10-53-13_165670.wav
2025-12-12 10:53:13,731 [INFO] - HAL: unmute mic
2025-12-12 10:53:14,389 [INFO] - Whisper: transcribe produced Thank you.
2025-12-12 10:53:14,389 [INFO] - STTSvc: Transcribe took 1.2223906517028809, produced ---> Thank you.
2025-12-12 10:53:15,190 [WARNING] - TTSSvc: Transcribe took 0.7972414493560791, Received text ---> Thank you.
2025-12-12 10:53:15,191 [INFO] - HAL: mute mic
2025-12-12 10:53:15,200 [INFO] - HAL: play wav aplay Config/tts_out/junk.wav  >/dev/null 2>&1
2025-12-12 10:53:15,407 [INFO] - Whisper: transcribe /home/ken/YAVOS/yavos/tmp/speech_2025-12-12_10-53-15_405288.wav
2025-12-12 10:53:15,958 [INFO] - HAL: unmute mic
2025-12-12 10:53:16,565 [INFO] - Whisper: transcribe produced 
2025-12-12 10:53:16,565 [INFO] - STTSvc: Transcribe took 1.158125877380371, produced ---> 
2025-12-12 10:53:19,604 [INFO] - Whisper: transcribe /home/ken/YAVOS/yavos/tmp/speech_2025-12-12_10-53-19_603117.wav
2025-12-12 10:53:20,772 [INFO] - Whisper: transcribe produced 
2025-12-12 10:53:20,772 [INFO] - STTSvc: Transcribe took 1.167757511138916, produced ---> 
2025-12-12 10:53:24,717 [INFO] - Whisper: transcribe /home/ken/YAVOS/yavos/tmp/speech_2025-12-12_10-53-24_715136.wav
2025-12-12 10:53:25,894 [INFO] - Whisper: transcribe produced stuff.
2025-12-12 10:53:25,894 [INFO] - STTSvc: Transcribe took 1.1771087646484375, produced ---> stuff.
2025-12-12 10:53:26,675 [WARNING] - TTSSvc: Transcribe took 0.7787322998046875, Received text ---> stuff.
2025-12-12 10:53:26,678 [INFO] - HAL: mute mic
2025-12-12 10:53:26,687 [INFO] - HAL: play wav aplay Config/tts_out/junk.wav  >/dev/null 2>&1
2025-12-12 10:53:26,956 [INFO] - Whisper: transcribe /home/ken/YAVOS/yavos/tmp/speech_2025-12-12_10-53-26_955105.wav
2025-12-12 10:53:27,320 [INFO] - HAL: unmute mic
2025-12-12 10:53:28,089 [INFO] - Whisper: transcribe produced you
2025-12-12 10:53:28,089 [INFO] - STTSvc: Transcribe took 1.1327357292175293, produced ---> you
2025-12-12 10:53:28,891 [WARNING] - TTSSvc: Transcribe took 0.8007750511169434, Received text ---> you
2025-12-12 10:53:28,892 [INFO] - HAL: mute mic
2025-12-12 10:53:28,900 [INFO] - HAL: play wav aplay Config/tts_out/junk.wav  >/dev/null 2>&1
2025-12-12 10:53:29,207 [INFO] - Whisper: transcribe /home/ken/YAVOS/yavos/tmp/speech_2025-12-12_10-53-29_204999.wav
2025-12-12 10:53:29,533 [INFO] - HAL: unmute mic
2025-12-12 10:53:30,344 [INFO] - Whisper: transcribe produced 
2025-12-12 10:53:30,345 [INFO] - STTSvc: Transcribe took 1.137847661972046, produced ---> 
2025-12-12 10:53:33,720 [INFO] - Whisper: transcribe /home/ken/YAVOS/yavos/tmp/speech_2025-12-12_10-53-33_718365.wav
2025-12-12 10:53:34,873 [INFO] - Whisper: transcribe produced test
2025-12-12 10:53:34,873 [INFO] - STTSvc: Transcribe took 1.15277099609375, produced ---> test
2025-12-12 10:53:35,699 [WARNING] - TTSSvc: Transcribe took 0.8241829872131348, Received text ---> test
2025-12-12 10:53:35,702 [INFO] - HAL: mute mic
2025-12-12 10:53:35,711 [INFO] - HAL: play wav aplay Config/tts_out/junk.wav  >/dev/null 2>&1
2025-12-12 10:53:35,960 [INFO] - Whisper: transcribe /home/ken/YAVOS/yavos/tmp/speech_2025-12-12_10-53-35_958309.wav
2025-12-12 10:53:36,343 [INFO] - HAL: unmute mic
2025-12-12 10:53:37,105 [INFO] - Whisper: transcribe produced you
2025-12-12 10:53:37,105 [INFO] - STTSvc: Transcribe took 1.1451072692871094, produced ---> you
2025-12-12 10:53:37,901 [WARNING] - TTSSvc: Transcribe took 0.793903112411499, Received text ---> you
2025-12-12 10:53:37,902 [INFO] - HAL: mute mic
2025-12-12 10:53:37,911 [INFO] - HAL: play wav aplay Config/tts_out/junk.wav  >/dev/null 2>&1
2025-12-12 10:53:38,216 [INFO] - Whisper: transcribe /home/ken/YAVOS/yavos/tmp/speech_2025-12-12_10-53-38_215052.wav
2025-12-12 10:53:38,419 [INFO] - HAL: unmute mic
2025-12-12 10:53:39,364 [INFO] - Whisper: transcribe produced 
2025-12-12 10:53:39,364 [INFO] - STTSvc: Transcribe took 1.1475951671600342, produced ---> 
2025-12-12 10:53:42,419 [INFO] - Whisper: transcribe /home/ken/YAVOS/yavos/tmp/speech_2025-12-12_10-53-42_417494.wav
2025-12-12 10:53:43,560 [INFO] - Whisper: transcribe produced 
2025-12-12 10:53:43,560 [INFO] - STTSvc: Transcribe took 1.1409478187561035, produced ---> 
2025-12-12 10:53:45,725 [INFO] - Whisper: transcribe /home/ken/YAVOS/yavos/tmp/speech_2025-12-12_10-53-45_723626.wav
2025-12-12 10:53:51,352 [INFO] - Whisper: transcribe produced half
2025-12-12 10:53:51,352 [INFO] - STTSvc: Transcribe took 5.626344680786133, produced ---> half
2025-12-12 10:53:52,136 [WARNING] - TTSSvc: Transcribe took 0.7825150489807129, Received text ---> half
2025-12-12 10:53:52,137 [INFO] - HAL: mute mic
2025-12-12 10:53:52,146 [INFO] - HAL: play wav aplay Config/tts_out/junk.wav  >/dev/null 2>&1
2025-12-12 10:53:52,376 [INFO] - Whisper: transcribe /home/ken/YAVOS/yavos/tmp/speech_2025-12-12_10-53-52_374211.wav
2025-12-12 10:53:52,654 [INFO] - HAL: unmute mic
2025-12-12 10:53:53,534 [INFO] - Whisper: transcribe produced you
2025-12-12 10:53:53,534 [INFO] - STTSvc: Transcribe took 1.1584298610687256, produced ---> you
2025-12-12 10:53:54,341 [WARNING] - TTSSvc: Transcribe took 0.8039364814758301, Received text ---> you
2025-12-12 10:53:54,343 [INFO] - HAL: mute mic
2025-12-12 10:53:54,351 [INFO] - HAL: play wav aplay Config/tts_out/junk.wav  >/dev/null 2>&1
2025-12-12 10:53:54,648 [INFO] - Whisper: transcribe /home/ken/YAVOS/yavos/tmp/speech_2025-12-12_10-53-54_646485.wav
2025-12-12 10:53:54,984 [INFO] - HAL: unmute mic
2025-12-12 10:53:55,776 [INFO] - Whisper: transcribe produced 
2025-12-12 10:53:55,776 [INFO] - STTSvc: Transcribe took 1.1279664039611816, produced ---> 
2025-12-12 10:53:58,928 [INFO] - Whisper: transcribe /home/ken/YAVOS/yavos/tmp/speech_2025-12-12_10-53-58_925827.wav
2025-12-12 10:54:00,135 [INFO] - Whisper: transcribe produced Test you.
2025-12-12 10:54:00,135 [INFO] - STTSvc: Transcribe took 1.207362413406372, produced ---> Test you.
2025-12-12 10:54:00,947 [WARNING] - TTSSvc: Transcribe took 0.8088674545288086, Received text ---> Test you.
2025-12-12 10:54:00,948 [INFO] - HAL: mute mic
2025-12-12 10:54:00,957 [INFO] - HAL: play wav aplay Config/tts_out/junk.wav  >/dev/null 2>&1
2025-12-12 10:54:01,320 [INFO] - Whisper: transcribe /home/ken/YAVOS/yavos/tmp/speech_2025-12-12_10-54-01_318660.wav
2025-12-12 10:54:01,715 [INFO] - HAL: unmute mic
2025-12-12 10:54:02,454 [INFO] - Whisper: transcribe produced 
2025-12-12 10:54:02,454 [INFO] - STTSvc: Transcribe took 1.1335234642028809, produced ---> 
2025-12-12 10:54:05,388 [INFO] - Whisper: transcribe /home/ken/YAVOS/yavos/tmp/speech_2025-12-12_10-54-05_386422.wav
2025-12-12 10:54:06,514 [INFO] - Whisper: transcribe produced 
2025-12-12 10:54:06,514 [INFO] - STTSvc: Transcribe took 1.1268956661224365, produced ---> 
2025-12-12 10:54:13,043 [INFO] - Whisper: transcribe /home/ken/YAVOS/yavos/tmp/speech_2025-12-12_10-54-13_042066.wav
2025-12-12 10:54:14,277 [INFO] - Whisper: transcribe produced This is a...
2025-12-12 10:54:14,277 [INFO] - STTSvc: Transcribe took 1.2341392040252686, produced ---> This is a...
2025-12-12 10:54:14,279 [INFO] - Whisper: transcribe /home/ken/YAVOS/yavos/tmp/speech_2025-12-12_10-54-13_933559.wav
2025-12-12 10:54:15,570 [WARNING] - TTSSvc: Transcribe took 1.2894487380981445, Received text ---> This is a...
2025-12-12 10:54:15,571 [INFO] - HAL: mute mic
2025-12-12 10:54:15,585 [INFO] - HAL: play wav aplay Config/tts_out/junk.wav  >/dev/null 2>&1
2025-12-12 10:54:15,892 [INFO] - Whisper: transcribe produced funky trance.
2025-12-12 10:54:15,892 [INFO] - STTSvc: Transcribe took 1.613189458847046, produced ---> funky trance.
2025-12-12 10:54:15,894 [INFO] - Whisper: transcribe /home/ken/YAVOS/yavos/tmp/speech_2025-12-12_10-54-14_397709.wav
2025-12-12 10:54:16,596 [INFO] - HAL: unmute mic
2025-12-12 10:54:17,384 [INFO] - Whisper: transcribe produced driver.
2025-12-12 10:54:17,384 [INFO] - STTSvc: Transcribe took 1.4903531074523926, produced ---> driver.
2025-12-12 10:54:17,404 [WARNING] - TTSSvc: Transcribe took 1.5093789100646973, Received text ---> funky trance.
2025-12-12 10:54:17,406 [INFO] - HAL: mute mic
2025-12-12 10:54:17,415 [INFO] - HAL: play wav aplay Config/tts_out/junk.wav  >/dev/null 2>&1
2025-12-12 10:54:18,222 [WARNING] - TTSSvc: Transcribe took 0.8171830177307129, Received text ---> driver.
2025-12-12 10:54:18,423 [INFO] - HAL: unmute mic
2025-12-12 10:54:18,431 [INFO] - HAL: mute mic
2025-12-12 10:54:18,439 [INFO] - HAL: play wav aplay Config/tts_out/junk.wav  >/dev/null 2>&1
2025-12-12 10:54:19,197 [INFO] - HAL: unmute mic
2025-12-12 10:54:27,821 [INFO] - Whisper: transcribe /home/ken/YAVOS/yavos/tmp/speech_2025-12-12_10-54-27_819292.wav
2025-12-12 10:54:28,988 [INFO] - Whisper: transcribe produced 
2025-12-12 10:54:28,988 [INFO] - STTSvc: Transcribe took 1.1669220924377441, produced ---> 
2025-12-12 10:54:29,169 [INFO] - Whisper: transcribe /home/ken/YAVOS/yavos/tmp/speech_2025-12-12_10-54-29_168088.wav
2025-12-12 10:54:30,347 [INFO] - Whisper: transcribe produced 
2025-12-12 10:54:30,347 [INFO] - STTSvc: Transcribe took 1.1782498359680176, produced ---> 
2025-12-12 10:54:30,650 [INFO] - Whisper: transcribe /home/ken/YAVOS/yavos/tmp/speech_2025-12-12_10-54-30_648724.wav
2025-12-12 10:54:31,853 [INFO] - Whisper: transcribe produced 
2025-12-12 10:54:31,854 [INFO] - STTSvc: Transcribe took 1.2034738063812256, produced ---> 
2025-12-12 10:54:34,962 [INFO] - Whisper: transcribe /home/ken/YAVOS/yavos/tmp/speech_2025-12-12_10-54-34_961785.wav
2025-12-12 10:54:36,201 [INFO] - Whisper: transcribe produced 
2025-12-12 10:54:36,201 [INFO] - STTSvc: Transcribe took 1.2385461330413818, produced ---> 
2025-12-12 10:54:36,203 [INFO] - Whisper: transcribe /home/ken/YAVOS/yavos/tmp/speech_2025-12-12_10-54-35_088622.wav
2025-12-12 10:54:37,382 [INFO] - Whisper: transcribe produced 
2025-12-12 10:54:37,382 [INFO] - STTSvc: Transcribe took 1.1796691417694092, produced ---> 
2025-12-12 10:54:37,384 [INFO] - Whisper: transcribe /home/ken/YAVOS/yavos/tmp/speech_2025-12-12_10-54-35_722137.wav
2025-12-12 10:54:38,606 [INFO] - Whisper: transcribe produced I mean...
2025-12-12 10:54:38,606 [INFO] - STTSvc: Transcribe took 1.2217578887939453, produced ---> I mean...
2025-12-12 10:54:38,607 [INFO] - Whisper: transcribe tmp/test0.wav
2025-12-12 10:54:39,772 [WARNING] - TTSSvc: Transcribe took 1.165069818496704, Received text ---> I mean...
2025-12-12 10:54:39,775 [INFO] - HAL: mute mic
2025-12-12 10:54:39,787 [INFO] - HAL: play wav aplay Config/tts_out/junk.wav  >/dev/null 2>&1
2025-12-12 10:54:40,418 [INFO] - Whisper: transcribe produced I mean it's kind of
2025-12-12 10:54:40,418 [INFO] - STTSvc: Transcribe took 1.8106670379638672, produced ---> I mean it's kind of
2025-12-12 10:54:40,420 [INFO] - Whisper: transcribe /home/ken/YAVOS/yavos/tmp/speech_2025-12-12_10-54-36_737391.wav
2025-12-12 10:54:40,550 [INFO] - HAL: unmute mic
2025-12-12 10:54:41,878 [INFO] - Whisper: transcribe produced Kinda working.
2025-12-12 10:54:41,878 [INFO] - STTSvc: Transcribe took 1.4578094482421875, produced ---> Kinda working.
2025-12-12 10:54:41,967 [WARNING] - TTSSvc: Transcribe took 1.5467250347137451, Received text ---> I mean it's kind of
2025-12-12 10:54:41,968 [INFO] - HAL: mute mic
2025-12-12 10:54:41,976 [INFO] - HAL: play wav aplay Config/tts_out/junk.wav  >/dev/null 2>&1
2025-12-12 10:54:42,231 [INFO] - Whisper: transcribe /home/ken/YAVOS/yavos/tmp/speech_2025-12-12_10-54-42_229436.wav
2025-12-12 10:54:43,038 [WARNING] - TTSSvc: Transcribe took 1.0715065002441406, Received text ---> Kinda working.
2025-12-12 10:54:43,485 [INFO] - HAL: unmute mic
2025-12-12 10:54:43,499 [INFO] - HAL: mute mic
2025-12-12 10:54:43,514 [INFO] - HAL: play wav aplay Config/tts_out/junk.wav  >/dev/null 2>&1
2025-12-12 10:54:43,671 [INFO] - Whisper: transcribe produced you
2025-12-12 10:54:43,671 [INFO] - STTSvc: Transcribe took 1.4405863285064697, produced ---> you
2025-12-12 10:54:44,478 [WARNING] - TTSSvc: Transcribe took 0.803985595703125, Received text ---> you
2025-12-12 10:54:44,525 [INFO] - HAL: unmute mic
2025-12-12 10:54:44,533 [INFO] - HAL: mute mic
2025-12-12 10:54:44,542 [INFO] - HAL: play wav aplay Config/tts_out/junk.wav  >/dev/null 2>&1
2025-12-12 10:54:44,777 [INFO] - Whisper: transcribe /home/ken/YAVOS/yavos/tmp/speech_2025-12-12_10-54-44_775376.wav
2025-12-12 10:54:45,050 [INFO] - HAL: unmute mic
2025-12-12 10:54:45,920 [INFO] - Whisper: transcribe produced You
2025-12-12 10:54:45,920 [INFO] - STTSvc: Transcribe took 1.1430933475494385, produced ---> You
2025-12-12 10:54:46,743 [WARNING] - TTSSvc: Transcribe took 0.8196241855621338, Received text ---> You
2025-12-12 10:54:46,744 [INFO] - HAL: mute mic
2025-12-12 10:54:46,753 [INFO] - HAL: play wav aplay Config/tts_out/junk.wav  >/dev/null 2>&1
2025-12-12 10:54:47,069 [INFO] - Whisper: transcribe /home/ken/YAVOS/yavos/tmp/speech_2025-12-12_10-54-47_066702.wav
2025-12-12 10:54:47,261 [INFO] - HAL: unmute mic
2025-12-12 10:54:48,266 [INFO] - Whisper: transcribe produced 
2025-12-12 10:54:48,266 [INFO] - STTSvc: Transcribe took 1.1974475383758545, produced ---> 
2025-12-12 10:54:50,987 [INFO] - Whisper: transcribe /home/ken/YAVOS/yavos/tmp/speech_2025-12-12_10-54-50_985508.wav
2025-12-12 10:54:52,142 [INFO] - Whisper: transcribe produced 
2025-12-12 10:54:52,142 [INFO] - STTSvc: Transcribe took 1.155043601989746, produced ---> 
2025-12-12 10:54:52,644 [INFO] - Whisper: transcribe /home/ken/YAVOS/yavos/tmp/speech_2025-12-12_10-54-52_642805.wav
2025-12-12 10:54:53,952 [INFO] - Whisper: transcribe produced 
2025-12-12 10:54:53,953 [INFO] - STTSvc: Transcribe took 1.3089945316314697, produced ---> 
2025-12-12 10:54:54,754 [INFO] - Whisper: transcribe /home/ken/YAVOS/yavos/tmp/speech_2025-12-12_10-54-54_752359.wav
2025-12-12 10:54:55,979 [INFO] - Whisper: transcribe produced 
2025-12-12 10:54:55,979 [INFO] - STTSvc: Transcribe took 1.2250146865844727, produced ---> 
2025-12-12 10:54:56,840 [INFO] - Whisper: transcribe /home/ken/YAVOS/yavos/tmp/speech_2025-12-12_10-54-56_839855.wav
2025-12-12 10:54:58,433 [INFO] - Whisper: transcribe produced 
2025-12-12 10:54:58,434 [INFO] - STTSvc: Transcribe took 1.5932948589324951, produced ---> 
2025-12-12 10:54:58,435 [INFO] - Whisper: transcribe /home/ken/YAVOS/yavos/tmp/speech_2025-12-12_10-54-57_906079.wav
2025-12-12 10:55:00,079 [INFO] - Whisper: transcribe produced 
2025-12-12 10:55:00,079 [INFO] - STTSvc: Transcribe took 1.6441943645477295, produced ---> 
2025-12-12 10:55:00,081 [INFO] - Whisper: transcribe /home/ken/YAVOS/yavos/tmp/speech_2025-12-12_10-54-59_559031.wav
2025-12-12 10:55:01,405 [INFO] - Whisper: transcribe produced 
2025-12-12 10:55:01,405 [INFO] - STTSvc: Transcribe took 1.3246400356292725, produced ---> 
2025-12-12 10:55:01,407 [INFO] - Whisper: transcribe /home/ken/YAVOS/yavos/tmp/speech_2025-12-12_10-55-00_602723.wav
2025-12-12 10:55:02,737 [INFO] - Whisper: transcribe produced 
2025-12-12 10:55:02,737 [INFO] - STTSvc: Transcribe took 1.330298662185669, produced ---> 
2025-12-12 10:55:10,957 [INFO] - Whisper: transcribe /home/ken/YAVOS/yavos/tmp/speech_2025-12-12_10-55-10_955890.wav
2025-12-12 10:55:12,132 [INFO] - Whisper: transcribe produced 
2025-12-12 10:55:12,132 [INFO] - STTSvc: Transcribe took 1.1749615669250488, produced ---> 
2025-12-12 10:55:13,066 [INFO] - Whisper: transcribe /home/ken/YAVOS/yavos/tmp/speech_2025-12-12_10-55-13_065420.wav
2025-12-12 10:55:14,276 [INFO] - Whisper: transcribe produced 
2025-12-12 10:55:14,276 [INFO] - STTSvc: Transcribe took 1.209496259689331, produced ---> 
2025-12-12 10:55:14,277 [INFO] - Whisper: transcribe /home/ken/YAVOS/yavos/tmp/speech_2025-12-12_10-55-13_651994.wav
2025-12-12 10:55:15,436 [INFO] - Whisper: transcribe produced 
2025-12-12 10:55:15,436 [INFO] - STTSvc: Transcribe took 1.1587607860565186, produced ---> 
2025-12-12 10:55:15,438 [INFO] - Whisper: transcribe /home/ken/YAVOS/yavos/tmp/speech_2025-12-12_10-55-14_261207.wav
2025-12-12 10:55:16,682 [INFO] - Whisper: transcribe produced 
2025-12-12 10:55:16,683 [INFO] - STTSvc: Transcribe took 1.244800329208374, produced ---> 
2025-12-12 10:55:16,684 [INFO] - Whisper: transcribe /home/ken/YAVOS/yavos/tmp/speech_2025-12-12_10-55-15_152282.wav
2025-12-12 10:55:17,832 [INFO] - Whisper: transcribe produced 
2025-12-12 10:55:17,832 [INFO] - STTSvc: Transcribe took 1.1483397483825684, produced ---> 
2025-12-12 10:55:17,834 [INFO] - Whisper: transcribe /home/ken/YAVOS/yavos/tmp/speech_2025-12-12_10-55-16_218812.wav
2025-12-12 10:55:19,030 [INFO] - Whisper: transcribe produced 
2025-12-12 10:55:19,030 [INFO] - STTSvc: Transcribe took 1.1964190006256104, produced ---> 
2025-12-12 10:55:19,350 [INFO] - Whisper: transcribe /home/ken/YAVOS/yavos/tmp/speech_2025-12-12_10-55-19_349018.wav
2025-12-12 10:55:20,489 [INFO] - Whisper: transcribe produced 
2025-12-12 10:55:20,490 [INFO] - STTSvc: Transcribe took 1.1399359703063965, produced ---> 
2025-12-12 10:55:21,613 [INFO] - Whisper: transcribe /home/ken/YAVOS/yavos/tmp/speech_2025-12-12_10-55-21_611416.wav
2025-12-12 10:55:22,787 [INFO] - Whisper: transcribe produced 
2025-12-12 10:55:22,787 [INFO] - STTSvc: Transcribe took 1.1740317344665527, produced ---> 
2025-12-12 10:55:22,789 [INFO] - Whisper: transcribe /home/ken/YAVOS/yavos/tmp/speech_2025-12-12_10-55-21_916228.wav
2025-12-12 10:55:23,919 [INFO] - Whisper: transcribe produced 
2025-12-12 10:55:23,919 [INFO] - STTSvc: Transcribe took 1.1304028034210205, produced ---> 
2025-12-12 10:55:23,921 [INFO] - Whisper: transcribe /home/ken/YAVOS/yavos/tmp/speech_2025-12-12_10-55-23_112767.wav
2025-12-12 10:55:25,055 [INFO] - Whisper: transcribe produced 
2025-12-12 10:55:25,055 [INFO] - STTSvc: Transcribe took 1.1342816352844238, produced ---> 
2025-12-12 10:55:25,056 [INFO] - Whisper: transcribe /home/ken/YAVOS/yavos/tmp/speech_2025-12-12_10-55-23_569713.wav
2025-12-12 10:55:26,199 [INFO] - Whisper: transcribe produced 
2025-12-12 10:55:26,199 [INFO] - STTSvc: Transcribe took 1.1430985927581787, produced ---> 
2025-12-12 10:55:36,010 [INFO] - Whisper: transcribe /home/ken/YAVOS/yavos/tmp/speech_2025-12-12_10-55-36_008645.wav
2025-12-12 10:55:37,131 [INFO] - Whisper: transcribe produced 
2025-12-12 10:55:37,131 [INFO] - STTSvc: Transcribe took 1.1207530498504639, produced ---> 
2025-12-12 10:55:39,468 [INFO] - Whisper: transcribe /home/ken/YAVOS/yavos/tmp/speech_2025-12-12_10-55-39_466530.wav
2025-12-12 10:55:40,593 [INFO] - Whisper: transcribe produced 
2025-12-12 10:55:40,593 [INFO] - STTSvc: Transcribe took 1.1246576309204102, produced ---> 
2025-12-12 10:56:05,284 [INFO] - Whisper: transcribe /home/ken/YAVOS/yavos/tmp/speech_2025-12-12_10-56-05_283072.wav
2025-12-12 10:56:06,499 [INFO] - Whisper: transcribe produced 
2025-12-12 10:56:06,499 [INFO] - STTSvc: Transcribe took 1.214637041091919, produced ---> 
2025-12-12 10:56:06,500 [INFO] - Whisper: transcribe /home/ken/YAVOS/yavos/tmp/speech_2025-12-12_10-56-06_175479.wav
2025-12-12 10:56:07,730 [INFO] - Whisper: transcribe produced 
2025-12-12 10:56:07,730 [INFO] - STTSvc: Transcribe took 1.2303175926208496, produced ---> 
2025-12-12 10:56:07,732 [INFO] - Whisper: transcribe /home/ken/YAVOS/yavos/tmp/speech_2025-12-12_10-56-07_089343.wav
2025-12-12 10:56:08,876 [INFO] - Whisper: transcribe produced 
2025-12-12 10:56:08,876 [INFO] - STTSvc: Transcribe took 1.1438932418823242, produced ---> 
2025-12-12 10:56:08,877 [INFO] - Whisper: transcribe /home/ken/YAVOS/yavos/tmp/speech_2025-12-12_10-56-07_371808.wav
2025-12-12 10:56:10,001 [INFO] - Whisper: transcribe produced 
2025-12-12 10:56:10,001 [INFO] - STTSvc: Transcribe took 1.1235640048980713, produced ---> 
2025-12-12 10:56:10,002 [INFO] - Whisper: transcribe /home/ken/YAVOS/yavos/tmp/speech_2025-12-12_10-56-08_741630.wav
2025-12-12 10:56:11,144 [INFO] - Whisper: transcribe produced 
2025-12-12 10:56:11,144 [INFO] - STTSvc: Transcribe took 1.1413047313690186, produced ---> 
2025-12-12 10:56:11,145 [INFO] - Whisper: transcribe /home/ken/YAVOS/yavos/tmp/speech_2025-12-12_10-56-09_024463.wav
2025-12-12 10:56:12,278 [INFO] - Whisper: transcribe produced 
2025-12-12 10:56:12,278 [INFO] - STTSvc: Transcribe took 1.1324970722198486, produced ---> 
2025-12-12 10:56:12,279 [INFO] - Whisper: transcribe /home/ken/YAVOS/yavos/tmp/speech_2025-12-12_10-56-09_786118.wav
2025-12-12 10:56:13,410 [INFO] - Whisper: transcribe produced 
2025-12-12 10:56:13,410 [INFO] - STTSvc: Transcribe took 1.1307768821716309, produced ---> 
2025-12-12 10:56:13,412 [INFO] - Whisper: transcribe /home/ken/YAVOS/yavos/tmp/speech_2025-12-12_10-56-10_372726.wav
2025-12-12 10:56:14,550 [INFO] - Whisper: transcribe produced 
2025-12-12 10:56:14,550 [INFO] - STTSvc: Transcribe took 1.138267993927002, produced ---> 
2025-12-12 10:56:14,551 [INFO] - Whisper: transcribe /home/ken/YAVOS/yavos/tmp/speech_2025-12-12_10-56-11_286497.wav
2025-12-12 10:56:15,759 [INFO] - Whisper: transcribe produced 
2025-12-12 10:56:15,759 [INFO] - STTSvc: Transcribe took 1.2074997425079346, produced ---> 
2025-12-12 10:56:15,760 [INFO] - Whisper: transcribe /home/ken/YAVOS/yavos/tmp/speech_2025-12-12_10-56-11_591273.wav
2025-12-12 10:56:16,910 [INFO] - Whisper: transcribe produced 
2025-12-12 10:56:16,910 [INFO] - STTSvc: Transcribe took 1.1500535011291504, produced ---> 
2025-12-12 10:56:16,912 [INFO] - Whisper: transcribe /home/ken/YAVOS/yavos/tmp/speech_2025-12-12_10-56-12_330749.wav
2025-12-12 10:56:18,116 [INFO] - Whisper: transcribe produced 
2025-12-12 10:56:18,116 [INFO] - STTSvc: Transcribe took 1.2040674686431885, produced ---> 
2025-12-12 10:56:18,117 [INFO] - Whisper: transcribe /home/ken/YAVOS/yavos/tmp/speech_2025-12-12_10-56-13_374293.wav
2025-12-12 10:56:19,274 [INFO] - Whisper: transcribe produced 
2025-12-12 10:56:19,274 [INFO] - STTSvc: Transcribe took 1.1562914848327637, produced ---> 
2025-12-12 10:56:19,275 [INFO] - Whisper: transcribe /home/ken/YAVOS/yavos/tmp/speech_2025-12-12_10-56-13_679035.wav
2025-12-12 10:56:20,430 [INFO] - Whisper: transcribe produced 
2025-12-12 10:56:20,430 [INFO] - STTSvc: Transcribe took 1.1548142433166504, produced ---> 
2025-12-12 10:56:20,432 [INFO] - Whisper: transcribe /home/ken/YAVOS/yavos/tmp/speech_2025-12-12_10-56-14_135995.wav
2025-12-12 10:56:21,592 [INFO] - Whisper: transcribe produced 
2025-12-12 10:56:21,592 [INFO] - STTSvc: Transcribe took 1.160550594329834, produced ---> 
2025-12-12 10:56:21,594 [INFO] - Whisper: transcribe /home/ken/YAVOS/yavos/tmp/speech_2025-12-12_10-56-14_592702.wav
2025-12-12 10:56:22,739 [INFO] - Whisper: transcribe produced 
2025-12-12 10:56:22,739 [INFO] - STTSvc: Transcribe took 1.1453955173492432, produced ---> 
2025-12-12 10:56:22,741 [INFO] - Whisper: transcribe /home/ken/YAVOS/yavos/tmp/speech_2025-12-12_10-56-15_026906.wav
2025-12-12 10:56:23,898 [INFO] - Whisper: transcribe produced 
2025-12-12 10:56:23,898 [INFO] - STTSvc: Transcribe took 1.1573524475097656, produced ---> 
2025-12-12 10:56:23,899 [INFO] - Whisper: transcribe /home/ken/YAVOS/yavos/tmp/speech_2025-12-12_10-56-15_788190.wav
2025-12-12 10:56:25,042 [INFO] - Whisper: transcribe produced 
2025-12-12 10:56:25,042 [INFO] - STTSvc: Transcribe took 1.1426115036010742, produced ---> 
2025-12-12 10:56:25,044 [INFO] - Whisper: transcribe /home/ken/YAVOS/yavos/tmp/speech_2025-12-12_10-56-16_679458.wav
2025-12-12 10:56:26,186 [INFO] - Whisper: transcribe produced 
2025-12-12 10:56:26,186 [INFO] - STTSvc: Transcribe took 1.142385721206665, produced ---> 
2025-12-12 10:56:26,188 [INFO] - Whisper: transcribe /home/ken/YAVOS/yavos/tmp/speech_2025-12-12_10-56-17_441159.wav
2025-12-12 10:56:27,347 [INFO] - Whisper: transcribe produced 
2025-12-12 10:56:27,347 [INFO] - STTSvc: Transcribe took 1.1592004299163818, produced ---> 
2025-12-12 10:56:27,348 [INFO] - Whisper: transcribe /home/ken/YAVOS/yavos/tmp/speech_2025-12-12_10-56-18_028170.wav
2025-12-12 10:56:28,495 [INFO] - Whisper: transcribe produced 
2025-12-12 10:56:28,495 [INFO] - STTSvc: Transcribe took 1.1468901634216309, produced ---> 
2025-12-12 10:56:28,497 [INFO] - Whisper: transcribe /home/ken/YAVOS/yavos/tmp/speech_2025-12-12_10-56-18_485062.wav
2025-12-12 10:56:29,699 [INFO] - Whisper: transcribe produced 
2025-12-12 10:56:29,699 [INFO] - STTSvc: Transcribe took 1.202552318572998, produced ---> 
2025-12-12 10:56:29,701 [INFO] - Whisper: transcribe /home/ken/YAVOS/yavos/tmp/speech_2025-12-12_10-56-19_094459.wav
2025-12-12 10:56:30,936 [INFO] - Whisper: transcribe produced 
2025-12-12 10:56:30,936 [INFO] - STTSvc: Transcribe took 1.2352664470672607, produced ---> 
2025-12-12 10:56:30,937 [INFO] - Whisper: transcribe /home/ken/YAVOS/yavos/tmp/speech_2025-12-12_10-56-20_442236.wav
2025-12-12 10:56:32,094 [INFO] - Whisper: transcribe produced 
2025-12-12 10:56:32,095 [INFO] - STTSvc: Transcribe took 1.1571619510650635, produced ---> 
2025-12-12 10:56:32,096 [INFO] - Whisper: transcribe /home/ken/YAVOS/yavos/tmp/speech_2025-12-12_10-56-21_028708.wav
2025-12-12 10:56:33,251 [INFO] - Whisper: transcribe produced 
2025-12-12 10:56:33,251 [INFO] - STTSvc: Transcribe took 1.1550865173339844, produced ---> 
2025-12-12 10:56:33,287 [INFO] - Whisper: transcribe /home/ken/YAVOS/yavos/tmp/speech_2025-12-12_10-56-21_638074.wav
2025-12-12 10:56:34,442 [INFO] - Whisper: transcribe produced 
2025-12-12 10:56:34,442 [INFO] - STTSvc: Transcribe took 1.1550278663635254, produced ---> 
2025-12-12 10:56:34,443 [INFO] - Whisper: transcribe /home/ken/YAVOS/yavos/tmp/speech_2025-12-12_10-56-21_942540.wav
2025-12-12 10:56:35,605 [INFO] - Whisper: transcribe produced 
2025-12-12 10:56:35,605 [INFO] - STTSvc: Transcribe took 1.162247896194458, produced ---> 
2025-12-12 10:56:35,607 [INFO] - Whisper: transcribe /home/ken/YAVOS/yavos/tmp/speech_2025-12-12_10-56-23_442921.wav
2025-12-12 10:56:36,829 [INFO] - Whisper: transcribe produced 
2025-12-12 10:56:36,829 [INFO] - STTSvc: Transcribe took 1.222424030303955, produced ---> 
2025-12-12 10:56:36,831 [INFO] - Whisper: transcribe /home/ken/YAVOS/yavos/tmp/speech_2025-12-12_10-56-24_182036.wav
2025-12-12 10:56:37,995 [INFO] - Whisper: transcribe produced 
2025-12-12 10:56:37,995 [INFO] - STTSvc: Transcribe took 1.1642911434173584, produced ---> 
2025-12-12 10:56:37,997 [INFO] - Whisper: transcribe /home/ken/YAVOS/yavos/tmp/speech_2025-12-12_10-56-24_486930.wav
2025-12-12 10:56:39,142 [INFO] - Whisper: transcribe produced 
2025-12-12 10:56:39,143 [INFO] - STTSvc: Transcribe took 1.1460485458374023, produced ---> 
2025-12-12 10:56:39,144 [INFO] - Whisper: transcribe /home/ken/YAVOS/yavos/tmp/speech_2025-12-12_10-56-25_095865.wav
2025-12-12 10:56:40,321 [INFO] - Whisper: transcribe produced 
2025-12-12 10:56:40,321 [INFO] - STTSvc: Transcribe took 1.1769919395446777, produced ---> 
2025-12-12 10:56:40,323 [INFO] - Whisper: transcribe /home/ken/YAVOS/yavos/tmp/speech_2025-12-12_10-56-25_248186.wav
2025-12-12 10:56:41,504 [INFO] - Whisper: transcribe produced 
2025-12-12 10:56:41,504 [INFO] - STTSvc: Transcribe took 1.1814253330230713, produced ---> 
2025-12-12 10:56:41,506 [INFO] - Whisper: transcribe /home/ken/YAVOS/yavos/tmp/speech_2025-12-12_10-56-25_834399.wav
2025-12-12 10:56:42,667 [INFO] - Whisper: transcribe produced 
2025-12-12 10:56:42,667 [INFO] - STTSvc: Transcribe took 1.1614208221435547, produced ---> 
2025-12-12 10:56:42,668 [INFO] - Whisper: transcribe /home/ken/YAVOS/yavos/tmp/speech_2025-12-12_10-56-27_030417.wav
2025-12-12 10:56:43,837 [INFO] - Whisper: transcribe produced 
2025-12-12 10:56:43,837 [INFO] - STTSvc: Transcribe took 1.1690170764923096, produced ---> 
2025-12-12 10:56:43,839 [INFO] - Whisper: transcribe /home/ken/YAVOS/yavos/tmp/speech_2025-12-12_10-56-27_182594.wav
2025-12-12 10:56:45,087 [INFO] - Whisper: transcribe produced 
2025-12-12 10:56:45,087 [INFO] - STTSvc: Transcribe took 1.248117208480835, produced ---> 
2025-12-12 10:56:45,089 [INFO] - Whisper: transcribe /home/ken/YAVOS/yavos/tmp/speech_2025-12-12_10-56-27_334945.wav
2025-12-12 10:56:46,247 [INFO] - Whisper: transcribe produced 
2025-12-12 10:56:46,247 [INFO] - STTSvc: Transcribe took 1.1585819721221924, produced ---> 
2025-12-12 10:56:46,249 [INFO] - Whisper: transcribe /home/ken/YAVOS/yavos/tmp/speech_2025-12-12_10-56-27_944216.wav
2025-12-12 10:56:47,401 [INFO] - Whisper: transcribe produced 
2025-12-12 10:56:47,401 [INFO] - STTSvc: Transcribe took 1.1527416706085205, produced ---> 
2025-12-12 10:56:47,403 [INFO] - Whisper: transcribe /home/ken/YAVOS/yavos/tmp/speech_2025-12-12_10-56-30_335723.wav
2025-12-12 10:56:48,558 [INFO] - Whisper: transcribe produced 
2025-12-12 10:56:48,558 [INFO] - STTSvc: Transcribe took 1.1546030044555664, produced ---> 
2025-12-12 10:56:48,559 [INFO] - Whisper: transcribe /home/ken/YAVOS/yavos/tmp/speech_2025-12-12_10-56-30_792626.wav
2025-12-12 10:56:49,729 [INFO] - Whisper: transcribe produced 
2025-12-12 10:56:49,729 [INFO] - STTSvc: Transcribe took 1.1694769859313965, produced ---> 
2025-12-12 10:56:49,730 [INFO] - Whisper: transcribe /home/ken/YAVOS/yavos/tmp/speech_2025-12-12_10-56-40_251630.wav
2025-12-12 10:56:50,941 [INFO] - Whisper: transcribe produced 
2025-12-12 10:56:50,941 [INFO] - STTSvc: Transcribe took 1.211268663406372, produced ---> 
2025-12-12 10:56:50,943 [INFO] - Whisper: transcribe /home/ken/YAVOS/yavos/tmp/speech_2025-12-12_10-56-41_142817.wav
2025-12-12 10:56:52,102 [INFO] - Whisper: transcribe produced 
2025-12-12 10:56:52,102 [INFO] - STTSvc: Transcribe took 1.159372329711914, produced ---> 
2025-12-12 10:56:52,104 [INFO] - Whisper: transcribe /home/ken/YAVOS/yavos/tmp/speech_2025-12-12_10-56-44_600285.wav
2025-12-12 10:56:53,251 [INFO] - Whisper: transcribe produced 
2025-12-12 10:56:53,251 [INFO] - STTSvc: Transcribe took 1.147397756576538, produced ---> 
2025-12-12 10:56:53,253 [INFO] - Whisper: transcribe /home/ken/YAVOS/yavos/tmp/speech_2025-12-12_10-56-50_602485.wav
2025-12-12 10:56:54,405 [INFO] - Whisper: transcribe produced 
2025-12-12 10:56:54,406 [INFO] - STTSvc: Transcribe took 1.1528894901275635, produced ---> 
2025-12-12 10:57:11,155 [INFO] - Whisper: transcribe /home/ken/YAVOS/yavos/tmp/speech_2025-12-12_10-57-11_153809.wav
2025-12-12 10:57:12,285 [INFO] - Whisper: transcribe produced 
2025-12-12 10:57:12,285 [INFO] - STTSvc: Transcribe took 1.1304616928100586, produced ---> 
2025-12-12 10:57:25,706 [INFO] - Whisper: transcribe /home/ken/YAVOS/yavos/tmp/speech_2025-12-12_10-57-25_704482.wav
2025-12-12 10:57:26,858 [INFO] - Whisper: transcribe produced 
2025-12-12 10:57:26,858 [INFO] - STTSvc: Transcribe took 1.152055263519287, produced ---> 
2025-12-12 10:57:26,859 [INFO] - Whisper: transcribe /home/ken/YAVOS/yavos/tmp/speech_2025-12-12_10-57-26_009065.wav
2025-12-12 10:57:27,994 [INFO] - Whisper: transcribe produced 
2025-12-12 10:57:27,994 [INFO] - STTSvc: Transcribe took 1.134336233139038, produced ---> 
2025-12-12 10:57:27,995 [INFO] - Whisper: transcribe /home/ken/YAVOS/yavos/tmp/speech_2025-12-12_10-57-26_618397.wav
2025-12-12 10:57:29,137 [INFO] - Whisper: transcribe produced 
2025-12-12 10:57:29,137 [INFO] - STTSvc: Transcribe took 1.1419005393981934, produced ---> 
2025-12-12 10:57:29,139 [INFO] - Whisper: transcribe /home/ken/YAVOS/yavos/tmp/speech_2025-12-12_10-57-27_661804.wav
2025-12-12 10:57:30,277 [INFO] - Whisper: transcribe produced 
2025-12-12 10:57:30,277 [INFO] - STTSvc: Transcribe took 1.1386334896087646, produced ---> 
2025-12-12 10:57:30,279 [INFO] - Whisper: transcribe /home/ken/YAVOS/yavos/tmp/speech_2025-12-12_10-57-28_857761.wav
2025-12-12 10:57:31,454 [INFO] - Whisper: transcribe produced 
2025-12-12 10:57:31,454 [INFO] - STTSvc: Transcribe took 1.1757683753967285, produced ---> 
2025-12-12 10:57:31,456 [INFO] - Whisper: transcribe /home/ken/YAVOS/yavos/tmp/speech_2025-12-12_10-57-30_966929.wav
2025-12-12 10:57:32,597 [INFO] - Whisper: transcribe produced 
2025-12-12 10:57:32,597 [INFO] - STTSvc: Transcribe took 1.1408555507659912, produced ---> 
2025-12-12 10:57:32,774 [INFO] - Whisper: transcribe /home/ken/YAVOS/yavos/tmp/speech_2025-12-12_10-57-32_772971.wav
2025-12-12 10:57:33,959 [INFO] - Whisper: transcribe produced 
2025-12-12 10:57:33,959 [INFO] - STTSvc: Transcribe took 1.1851038932800293, produced ---> 
2025-12-12 10:57:33,961 [INFO] - Whisper: transcribe /home/ken/YAVOS/yavos/tmp/speech_2025-12-12_10-57-33_055009.wav
2025-12-12 10:57:35,117 [INFO] - Whisper: transcribe produced 
2025-12-12 10:57:35,117 [INFO] - STTSvc: Transcribe took 1.1566181182861328, produced ---> 
2025-12-12 10:57:35,119 [INFO] - Whisper: transcribe /home/ken/YAVOS/yavos/tmp/speech_2025-12-12_10-57-33_207170.wav
2025-12-12 10:57:36,303 [INFO] - Whisper: transcribe produced 
2025-12-12 10:57:36,303 [INFO] - STTSvc: Transcribe took 1.1844782829284668, produced ---> 
2025-12-12 10:57:36,305 [INFO] - Whisper: transcribe /home/ken/YAVOS/yavos/tmp/speech_2025-12-12_10-57-36_208216.wav
2025-12-12 10:57:37,459 [INFO] - Whisper: transcribe produced 
2025-12-12 10:57:37,459 [INFO] - STTSvc: Transcribe took 1.1539230346679688, produced ---> 
2025-12-12 10:57:37,460 [INFO] - Whisper: transcribe /home/ken/YAVOS/yavos/tmp/speech_2025-12-12_10-57-36_360485.wav
2025-12-12 10:57:38,656 [INFO] - Whisper: transcribe produced 
2025-12-12 10:57:38,656 [INFO] - STTSvc: Transcribe took 1.1960327625274658, produced ---> 
2025-12-12 10:57:38,658 [INFO] - Whisper: transcribe /home/ken/YAVOS/yavos/tmp/speech_2025-12-12_10-57-37_708595.wav
2025-12-12 10:57:39,808 [INFO] - Whisper: transcribe produced 
2025-12-12 10:57:39,808 [INFO] - STTSvc: Transcribe took 1.1507363319396973, produced ---> 
2025-12-12 10:57:39,810 [INFO] - Whisper: transcribe /home/ken/YAVOS/yavos/tmp/speech_2025-12-12_10-57-38_905111.wav
2025-12-12 10:57:40,954 [INFO] - Whisper: transcribe produced 
2025-12-12 10:57:40,954 [INFO] - STTSvc: Transcribe took 1.1439671516418457, produced ---> 
2025-12-12 10:58:02,331 [INFO] - Whisper: transcribe /home/ken/YAVOS/yavos/tmp/speech_2025-12-12_10-58-02_329775.wav
2025-12-12 10:58:03,456 [INFO] - Whisper: transcribe produced 
2025-12-12 10:58:03,456 [INFO] - STTSvc: Transcribe took 1.1243672370910645, produced ---> 
2025-12-12 10:58:03,457 [INFO] - Whisper: transcribe /home/ken/YAVOS/yavos/tmp/speech_2025-12-12_10-58-02_635372.wav
2025-12-12 10:58:04,648 [INFO] - Whisper: transcribe produced 
2025-12-12 10:58:04,649 [INFO] - STTSvc: Transcribe took 1.1912262439727783, produced ---> 
2025-12-12 10:58:04,650 [INFO] - Whisper: transcribe /home/ken/YAVOS/yavos/tmp/speech_2025-12-12_10-58-03_222439.wav
2025-12-12 10:58:05,886 [INFO] - Whisper: transcribe produced 
2025-12-12 10:58:05,886 [INFO] - STTSvc: Transcribe took 1.2357513904571533, produced ---> 
2025-12-12 10:58:05,887 [INFO] - Whisper: transcribe /home/ken/YAVOS/yavos/tmp/speech_2025-12-12_10-58-03_526845.wav
2025-12-12 10:58:07,020 [INFO] - Whisper: transcribe produced 
2025-12-12 10:58:07,020 [INFO] - STTSvc: Transcribe took 1.1322810649871826, produced ---> 
2025-12-12 10:58:07,021 [INFO] - Whisper: transcribe /home/ken/YAVOS/yavos/tmp/speech_2025-12-12_10-58-03_831512.wav
2025-12-12 10:58:08,174 [INFO] - Whisper: transcribe produced 
2025-12-12 10:58:08,174 [INFO] - STTSvc: Transcribe took 1.152811050415039, produced ---> 
2025-12-12 10:58:08,175 [INFO] - Whisper: transcribe /home/ken/YAVOS/yavos/tmp/speech_2025-12-12_10-58-04_874815.wav
2025-12-12 10:58:09,347 [INFO] - Whisper: transcribe produced 
2025-12-12 10:58:09,347 [INFO] - STTSvc: Transcribe took 1.1716351509094238, produced ---> 
2025-12-12 10:58:09,349 [INFO] - Whisper: transcribe /home/ken/YAVOS/yavos/tmp/speech_2025-12-12_10-58-05_179480.wav
2025-12-12 10:58:10,533 [INFO] - Whisper: transcribe produced 
2025-12-12 10:58:10,533 [INFO] - STTSvc: Transcribe took 1.1839256286621094, produced ---> 
2025-12-12 10:58:10,572 [INFO] - Whisper: transcribe /home/ken/YAVOS/yavos/tmp/speech_2025-12-12_10-58-10_571524.wav
2025-12-12 10:58:11,717 [INFO] - Whisper: transcribe produced 
2025-12-12 10:58:11,717 [INFO] - STTSvc: Transcribe took 1.1450507640838623, produced ---> 
2025-12-12 10:58:11,719 [INFO] - Whisper: transcribe /home/ken/YAVOS/yavos/tmp/speech_2025-12-12_10-58-11_180794.wav
2025-12-12 10:58:12,875 [INFO] - Whisper: transcribe produced 
2025-12-12 10:58:12,875 [INFO] - STTSvc: Transcribe took 1.1562442779541016, produced ---> 
2025-12-12 10:58:12,877 [INFO] - Whisper: transcribe /home/ken/YAVOS/yavos/tmp/speech_2025-12-12_10-58-12_376210.wav
2025-12-12 10:58:14,036 [INFO] - Whisper: transcribe produced 
2025-12-12 10:58:14,036 [INFO] - STTSvc: Transcribe took 1.1594796180725098, produced ---> 
2025-12-12 10:58:14,037 [INFO] - Whisper: transcribe /home/ken/YAVOS/yavos/tmp/speech_2025-12-12_10-58-12_681014.wav
2025-12-12 10:58:15,250 [INFO] - Whisper: transcribe produced 
2025-12-12 10:58:15,250 [INFO] - STTSvc: Transcribe took 1.2125344276428223, produced ---> 
2025-12-12 10:58:15,251 [INFO] - Whisper: transcribe /home/ken/YAVOS/yavos/tmp/speech_2025-12-12_10-58-13_137872.wav
2025-12-12 10:58:16,459 [INFO] - Whisper: transcribe produced 
2025-12-12 10:58:16,459 [INFO] - STTSvc: Transcribe took 1.207770586013794, produced ---> 
2025-12-12 10:58:16,461 [INFO] - Whisper: transcribe /home/ken/YAVOS/yavos/tmp/speech_2025-12-12_10-58-14_486280.wav
2025-12-12 10:58:17,746 [INFO] - Whisper: transcribe produced 
2025-12-12 10:58:17,746 [INFO] - STTSvc: Transcribe took 1.2849152088165283, produced ---> 
2025-12-12 10:58:17,747 [INFO] - Whisper: transcribe /home/ken/YAVOS/yavos/tmp/speech_2025-12-12_10-58-16_573076.wav
2025-12-12 10:58:18,892 [INFO] - Whisper: transcribe produced 
2025-12-12 10:58:18,892 [INFO] - STTSvc: Transcribe took 1.1445701122283936, produced ---> 
2025-12-12 10:58:18,893 [INFO] - Whisper: transcribe /home/ken/YAVOS/yavos/tmp/speech_2025-12-12_10-58-17_030074.wav
2025-12-12 10:58:20,053 [INFO] - Whisper: transcribe produced 
2025-12-12 10:58:20,053 [INFO] - STTSvc: Transcribe took 1.1596734523773193, produced ---> 
2025-12-12 10:58:20,061 [INFO] - Whisper: transcribe /home/ken/YAVOS/yavos/tmp/speech_2025-12-12_10-58-17_182318.wav
2025-12-12 10:58:21,203 [INFO] - Whisper: transcribe produced 
2025-12-12 10:58:21,203 [INFO] - STTSvc: Transcribe took 1.1413040161132812, produced ---> 
2025-12-12 10:58:21,204 [INFO] - Whisper: transcribe /home/ken/YAVOS/yavos/tmp/speech_2025-12-12_10-58-17_639082.wav
2025-12-12 10:58:22,368 [INFO] - Whisper: transcribe produced 
2025-12-12 10:58:22,368 [INFO] - STTSvc: Transcribe took 1.1640024185180664, produced ---> 
2025-12-12 10:58:22,370 [INFO] - Whisper: transcribe /home/ken/YAVOS/yavos/tmp/speech_2025-12-12_10-58-18_377914.wav
2025-12-12 10:58:23,543 [INFO] - Whisper: transcribe produced 
2025-12-12 10:58:23,543 [INFO] - STTSvc: Transcribe took 1.172926664352417, produced ---> 
2025-12-12 10:58:23,544 [INFO] - Whisper: transcribe /home/ken/YAVOS/yavos/tmp/speech_2025-12-12_10-58-20_639947.wav
2025-12-12 10:58:24,708 [INFO] - Whisper: transcribe produced 
2025-12-12 10:58:24,708 [INFO] - STTSvc: Transcribe took 1.163956880569458, produced ---> 
2025-12-12 10:58:33,081 [INFO] - Whisper: transcribe /home/ken/YAVOS/yavos/tmp/speech_2025-12-12_10-58-33_080083.wav
2025-12-12 10:58:34,293 [INFO] - Whisper: transcribe produced 
2025-12-12 10:58:34,293 [INFO] - STTSvc: Transcribe took 1.212747573852539, produced ---> 
2025-12-12 10:58:34,295 [INFO] - Whisper: transcribe /home/ken/YAVOS/yavos/tmp/speech_2025-12-12_10-58-33_384708.wav
2025-12-12 10:58:35,451 [INFO] - Whisper: transcribe produced 
2025-12-12 10:58:35,451 [INFO] - STTSvc: Transcribe took 1.1566054821014404, produced ---> 
2025-12-12 10:58:35,453 [INFO] - Whisper: transcribe /home/ken/YAVOS/yavos/tmp/speech_2025-12-12_10-58-34_298520.wav
2025-12-12 10:58:36,608 [INFO] - Whisper: transcribe produced 
2025-12-12 10:58:36,608 [INFO] - STTSvc: Transcribe took 1.1548616886138916, produced ---> 
2025-12-12 10:58:36,618 [INFO] - Whisper: transcribe /home/ken/YAVOS/yavos/tmp/speech_2025-12-12_10-58-34_732705.wav
2025-12-12 10:58:37,773 [INFO] - Whisper: transcribe produced 
2025-12-12 10:58:37,773 [INFO] - STTSvc: Transcribe took 1.15549635887146, produced ---> 
2025-12-12 10:58:37,775 [INFO] - Whisper: transcribe /home/ken/YAVOS/yavos/tmp/speech_2025-12-12_10-58-35_342178.wav
2025-12-12 10:58:38,924 [INFO] - Whisper: transcribe produced 
2025-12-12 10:58:38,924 [INFO] - STTSvc: Transcribe took 1.149322509765625, produced ---> 
2025-12-12 10:58:38,926 [INFO] - Whisper: transcribe /home/ken/YAVOS/yavos/tmp/speech_2025-12-12_10-58-35_928615.wav
2025-12-12 10:58:40,078 [INFO] - Whisper: transcribe produced 
2025-12-12 10:58:40,079 [INFO] - STTSvc: Transcribe took 1.1530420780181885, produced ---> 
2025-12-12 10:58:40,080 [INFO] - Whisper: transcribe /home/ken/YAVOS/yavos/tmp/speech_2025-12-12_10-58-36_690219.wav
2025-12-12 10:58:41,238 [INFO] - Whisper: transcribe produced 
2025-12-12 10:58:41,238 [INFO] - STTSvc: Transcribe took 1.1584112644195557, produced ---> 
2025-12-12 10:58:41,240 [INFO] - Whisper: transcribe /home/ken/YAVOS/yavos/tmp/speech_2025-12-12_10-58-37_581514.wav
2025-12-12 10:58:42,472 [INFO] - Whisper: transcribe produced 
2025-12-12 10:58:42,472 [INFO] - STTSvc: Transcribe took 1.2321834564208984, produced ---> 
2025-12-12 10:58:42,473 [INFO] - Whisper: transcribe /home/ken/YAVOS/yavos/tmp/speech_2025-12-12_10-58-38_343288.wav
2025-12-12 10:58:43,690 [INFO] - Whisper: transcribe produced 
2025-12-12 10:58:43,690 [INFO] - STTSvc: Transcribe took 1.2168858051300049, produced ---> 
2025-12-12 10:58:43,692 [INFO] - Whisper: transcribe /home/ken/YAVOS/yavos/tmp/speech_2025-12-12_10-58-38_929720.wav
2025-12-12 10:58:44,838 [INFO] - Whisper: transcribe produced 
2025-12-12 10:58:44,838 [INFO] - STTSvc: Transcribe took 1.1462700366973877, produced ---> 
2025-12-12 10:58:44,840 [INFO] - Whisper: transcribe /home/ken/YAVOS/yavos/tmp/speech_2025-12-12_10-58-39_234436.wav
2025-12-12 10:58:46,021 [INFO] - Whisper: transcribe produced 
2025-12-12 10:58:46,021 [INFO] - STTSvc: Transcribe took 1.181140661239624, produced ---> 
2025-12-12 10:58:46,022 [INFO] - Whisper: transcribe /home/ken/YAVOS/yavos/tmp/speech_2025-12-12_10-58-39_538960.wav
2025-12-12 10:58:47,179 [INFO] - Whisper: transcribe produced 
2025-12-12 10:58:47,179 [INFO] - STTSvc: Transcribe took 1.1570823192596436, produced ---> 
2025-12-12 10:58:47,181 [INFO] - Whisper: transcribe /home/ken/YAVOS/yavos/tmp/speech_2025-12-12_10-58-40_300331.wav
2025-12-12 10:58:48,337 [INFO] - Whisper: transcribe produced 
2025-12-12 10:58:48,337 [INFO] - STTSvc: Transcribe took 1.1566178798675537, produced ---> 
2025-12-12 10:58:48,339 [INFO] - Whisper: transcribe /home/ken/YAVOS/yavos/tmp/speech_2025-12-12_10-58-40_735524.wav
2025-12-12 10:58:49,490 [INFO] - Whisper: transcribe produced 
2025-12-12 10:58:49,490 [INFO] - STTSvc: Transcribe took 1.1509995460510254, produced ---> 
2025-12-12 10:58:49,492 [INFO] - Whisper: transcribe /home/ken/YAVOS/yavos/tmp/speech_2025-12-12_10-58-41_040151.wav
2025-12-12 10:58:49,531 [WARNING] - Whisper: exception on transcribe
2025-12-12 10:58:49,531 [INFO] - Whisper: transcribe produced 
2025-12-12 10:58:49,531 [INFO] - STTSvc: Transcribe took 0.03911542892456055, produced ---> 
2025-12-12 10:58:49,532 [INFO] - Whisper: transcribe /home/ken/YAVOS/yavos/tmp/speech_2025-12-12_10-58-42_235840.wav
2025-12-12 10:58:49,570 [WARNING] - Whisper: exception on transcribe
2025-12-12 10:58:49,570 [INFO] - Whisper: transcribe produced 
2025-12-12 10:58:49,570 [INFO] - STTSvc: Transcribe took 0.03807663917541504, produced ---> 
2025-12-12 10:58:49,572 [INFO] - Whisper: transcribe /home/ken/YAVOS/yavos/tmp/speech_2025-12-12_10-58-43_736894.wav
2025-12-12 10:58:49,610 [WARNING] - Whisper: exception on transcribe
2025-12-12 10:58:49,610 [INFO] - Whisper: transcribe produced 
2025-12-12 10:58:49,610 [INFO] - STTSvc: Transcribe took 0.03860187530517578, produced ---> 
2025-12-12 10:58:49,612 [INFO] - Whisper: transcribe /home/ken/YAVOS/yavos/tmp/speech_2025-12-12_10-58-44_498515.wav
2025-12-12 10:58:49,649 [WARNING] - Whisper: exception on transcribe
2025-12-12 10:58:49,649 [INFO] - Whisper: transcribe produced 
2025-12-12 10:58:49,650 [INFO] - STTSvc: Transcribe took 0.037612199783325195, produced ---> 
2025-12-12 10:58:49,651 [INFO] - Whisper: transcribe /home/ken/YAVOS/yavos/tmp/speech_2025-12-12_10-58-45_084953.wav
2025-12-12 10:58:49,687 [WARNING] - Whisper: exception on transcribe
2025-12-12 10:58:49,687 [INFO] - Whisper: transcribe produced 
2025-12-12 10:58:49,687 [INFO] - STTSvc: Transcribe took 0.03587198257446289, produced ---> 
2025-12-12 10:58:49,688 [INFO] - Whisper: transcribe /home/ken/YAVOS/yavos/tmp/speech_2025-12-12_10-58-45_542128.wav
2025-12-12 10:58:49,725 [WARNING] - Whisper: exception on transcribe
2025-12-12 10:58:49,725 [INFO] - Whisper: transcribe produced 
2025-12-12 10:58:49,725 [INFO] - STTSvc: Transcribe took 0.03670644760131836, produced ---> 
2025-12-12 10:58:49,726 [INFO] - Whisper: transcribe /home/ken/YAVOS/yavos/tmp/speech_2025-12-12_10-58-45_998965.wav
2025-12-12 10:58:49,764 [WARNING] - Whisper: exception on transcribe
2025-12-12 10:58:49,764 [INFO] - Whisper: transcribe produced 
2025-12-12 10:58:49,764 [INFO] - STTSvc: Transcribe took 0.037618160247802734, produced ---> 
2025-12-12 10:58:49,766 [INFO] - Whisper: transcribe /home/ken/YAVOS/yavos/tmp/speech_2025-12-12_10-58-46_737808.wav
2025-12-12 10:58:49,802 [WARNING] - Whisper: exception on transcribe
2025-12-12 10:58:49,802 [INFO] - Whisper: transcribe produced 
2025-12-12 10:58:49,802 [INFO] - STTSvc: Transcribe took 0.03676414489746094, produced ---> 
2025-12-12 10:58:49,804 [INFO] - Whisper: transcribe /home/ken/YAVOS/yavos/tmp/speech_2025-12-12_10-58-47_933779.wav
2025-12-12 10:58:49,840 [WARNING] - Whisper: exception on transcribe
2025-12-12 10:58:49,840 [INFO] - Whisper: transcribe produced 
2025-12-12 10:58:49,840 [INFO] - STTSvc: Transcribe took 0.03608822822570801, produced ---> 
2025-12-12 10:58:49,841 [INFO] - Whisper: transcribe /home/ken/YAVOS/yavos/tmp/speech_2025-12-12_10-58-48_847744.wav
2025-12-12 10:58:51,003 [INFO] - Whisper: transcribe produced 
2025-12-12 10:58:51,003 [INFO] - STTSvc: Transcribe took 1.161674976348877, produced ---> 
2025-12-12 10:58:51,005 [INFO] - Whisper: transcribe /home/ken/YAVOS/yavos/tmp/speech_2025-12-12_10-58-49_738477.wav
2025-12-12 10:58:52,178 [INFO] - Whisper: transcribe produced 
2025-12-12 10:58:52,178 [INFO] - STTSvc: Transcribe took 1.173326015472412, produced ---> 
2025-12-12 10:58:52,179 [INFO] - Whisper: transcribe /home/ken/YAVOS/yavos/tmp/speech_2025-12-12_10-58-50_195486.wav
2025-12-12 10:58:53,342 [INFO] - Whisper: transcribe produced 
2025-12-12 10:58:53,342 [INFO] - STTSvc: Transcribe took 1.1621315479278564, produced ---> 
2025-12-12 10:58:53,343 [INFO] - Whisper: transcribe /home/ken/YAVOS/yavos/tmp/speech_2025-12-12_10-58-50_500159.wav
2025-12-12 10:58:54,510 [INFO] - Whisper: transcribe produced 
2025-12-12 10:58:54,511 [INFO] - STTSvc: Transcribe took 1.1675596237182617, produced ---> 
2025-12-12 10:58:54,512 [INFO] - Whisper: transcribe /home/ken/YAVOS/yavos/tmp/speech_2025-12-12_10-58-51_238780.wav
2025-12-12 10:58:55,686 [INFO] - Whisper: transcribe produced 
2025-12-12 10:58:55,686 [INFO] - STTSvc: Transcribe took 1.1740262508392334, produced ---> 
2025-12-12 10:58:55,688 [INFO] - Whisper: transcribe /home/ken/YAVOS/yavos/tmp/speech_2025-12-12_10-58-52_891471.wav
2025-12-12 10:58:56,883 [INFO] - Whisper: transcribe produced No bonus
2025-12-12 10:58:56,883 [INFO] - STTSvc: Transcribe took 1.195389986038208, produced ---> No bonus
2025-12-12 10:58:56,885 [INFO] - Whisper: transcribe /home/ken/YAVOS/yavos/tmp/speech_2025-12-12_10-58-53_196177.wav
2025-12-12 10:58:58,222 [INFO] - Whisper: transcribe produced 
2025-12-12 10:58:58,223 [INFO] - STTSvc: Transcribe took 1.3380284309387207, produced ---> 
2025-12-12 10:58:58,224 [INFO] - Whisper: transcribe /home/ken/YAVOS/yavos/tmp/speech_2025-12-12_10-58-53_653193.wav
2025-12-12 10:58:58,544 [WARNING] - TTSSvc: Transcribe took 1.6583902835845947, Received text ---> No bonus
2025-12-12 10:58:58,545 [INFO] - HAL: mute mic
2025-12-12 10:58:58,555 [INFO] - HAL: play wav aplay Config/tts_out/junk.wav  >/dev/null 2>&1
2025-12-12 10:58:59,550 [INFO] - Whisper: transcribe produced you
2025-12-12 10:58:59,550 [INFO] - STTSvc: Transcribe took 1.325655460357666, produced ---> you
2025-12-12 10:58:59,560 [INFO] - Whisper: transcribe /home/ken/YAVOS/yavos/tmp/speech_2025-12-12_10-58-54_544153.wav
2025-12-12 10:58:59,627 [INFO] - HAL: unmute mic
2025-12-12 10:59:00,896 [INFO] - Whisper: transcribe produced 
2025-12-12 10:59:00,896 [INFO] - STTSvc: Transcribe took 1.3358194828033447, produced ---> 
2025-12-12 10:59:00,897 [INFO] - Whisper: transcribe /home/ken/YAVOS/yavos/tmp/speech_2025-12-12_10-58-54_848818.wav
2025-12-12 10:59:01,244 [WARNING] - TTSSvc: Transcribe took 1.683748722076416, Received text ---> you
2025-12-12 10:59:01,247 [INFO] - HAL: mute mic
2025-12-12 10:59:01,260 [INFO] - HAL: play wav aplay Config/tts_out/junk.wav  >/dev/null 2>&1
2025-12-12 10:59:01,772 [INFO] - HAL: unmute mic
2025-12-12 10:59:02,134 [INFO] - Whisper: transcribe produced 
2025-12-12 10:59:02,134 [INFO] - STTSvc: Transcribe took 1.2370073795318604, produced ---> 
2025-12-12 10:59:02,136 [INFO] - Whisper: transcribe /home/ken/YAVOS/yavos/tmp/speech_2025-12-12_10-58-55_001123.wav
2025-12-12 10:59:03,316 [INFO] - Whisper: transcribe produced 
2025-12-12 10:59:03,316 [INFO] - STTSvc: Transcribe took 1.180192470550537, produced ---> 
2025-12-12 10:59:03,318 [INFO] - Whisper: transcribe /home/ken/YAVOS/yavos/tmp/speech_2025-12-12_10-58-57_697393.wav
2025-12-12 10:59:04,475 [INFO] - Whisper: transcribe produced 
2025-12-12 10:59:04,475 [INFO] - STTSvc: Transcribe took 1.1571879386901855, produced ---> 
2025-12-12 10:59:04,476 [INFO] - Whisper: transcribe /home/ken/YAVOS/yavos/tmp/speech_2025-12-12_10-58-58_782742.wav
2025-12-12 10:59:05,651 [INFO] - Whisper: transcribe produced you
2025-12-12 10:59:05,651 [INFO] - STTSvc: Transcribe took 1.1744303703308105, produced ---> you
2025-12-12 10:59:05,652 [INFO] - Whisper: transcribe /home/ken/YAVOS/yavos/tmp/speech_2025-12-12_10-59-01_564408.wav
2025-12-12 10:59:07,036 [INFO] - Whisper: transcribe produced 
2025-12-12 10:59:07,036 [INFO] - STTSvc: Transcribe took 1.3838591575622559, produced ---> 
2025-12-12 10:59:07,038 [INFO] - Whisper: transcribe /home/ken/YAVOS/yavos/tmp/speech_2025-12-12_10-59-05_817024.wav
2025-12-12 10:59:07,211 [WARNING] - TTSSvc: Transcribe took 1.557239055633545, Received text ---> you
2025-12-12 10:59:07,212 [INFO] - HAL: mute mic
2025-12-12 10:59:07,227 [INFO] - HAL: play wav aplay Config/tts_out/junk.wav  >/dev/null 2>&1
2025-12-12 10:59:07,615 [INFO] - HAL: unmute mic
2025-12-12 10:59:08,241 [INFO] - Whisper: transcribe produced 
2025-12-12 10:59:08,242 [INFO] - STTSvc: Transcribe took 1.2035863399505615, produced ---> 
2025-12-12 10:59:08,243 [INFO] - Whisper: transcribe /home/ken/YAVOS/yavos/tmp/speech_2025-12-12_10-59-07_593659.wav
2025-12-12 10:59:09,395 [INFO] - Whisper: transcribe produced you
2025-12-12 10:59:09,395 [INFO] - STTSvc: Transcribe took 1.1522681713104248, produced ---> you
2025-12-12 10:59:10,216 [WARNING] - TTSSvc: Transcribe took 0.8176882266998291, Received text ---> you
2025-12-12 10:59:10,217 [INFO] - HAL: mute mic
2025-12-12 10:59:10,226 [INFO] - HAL: play wav aplay Config/tts_out/junk.wav  >/dev/null 2>&1
2025-12-12 10:59:10,595 [INFO] - Whisper: transcribe /home/ken/YAVOS/yavos/tmp/speech_2025-12-12_10-59-10_594265.wav
2025-12-12 10:59:10,859 [INFO] - HAL: unmute mic
2025-12-12 10:59:11,736 [INFO] - Whisper: transcribe produced 
2025-12-12 10:59:11,736 [INFO] - STTSvc: Transcribe took 1.1412122249603271, produced ---> 
2025-12-12 10:59:13,007 [INFO] - Whisper: transcribe /home/ken/YAVOS/yavos/tmp/speech_2025-12-12_10-59-13_005776.wav
2025-12-12 10:59:14,143 [INFO] - Whisper: transcribe produced 
2025-12-12 10:59:14,143 [INFO] - STTSvc: Transcribe took 1.1361913681030273, produced ---> 
2025-12-12 10:59:14,145 [INFO] - Whisper: transcribe /home/ken/YAVOS/yavos/tmp/speech_2025-12-12_10-59-13_900186.wav
2025-12-12 10:59:15,279 [INFO] - Whisper: transcribe produced 
2025-12-12 10:59:15,279 [INFO] - STTSvc: Transcribe took 1.134289026260376, produced ---> 
2025-12-12 10:59:15,403 [INFO] - Whisper: transcribe /home/ken/YAVOS/yavos/tmp/speech_2025-12-12_10-59-15_401083.wav
2025-12-12 10:59:16,566 [INFO] - Whisper: transcribe produced 
2025-12-12 10:59:16,566 [INFO] - STTSvc: Transcribe took 1.1637821197509766, produced ---> 
2025-12-12 10:59:18,860 [INFO] - Whisper: transcribe /home/ken/YAVOS/yavos/tmp/speech_2025-12-12_10-59-18_858540.wav
2025-12-12 10:59:20,017 [INFO] - Whisper: transcribe produced 
2025-12-12 10:59:20,017 [INFO] - STTSvc: Transcribe took 1.1572721004486084, produced ---> 
2025-12-12 10:59:22,448 [INFO] - Whisper: transcribe /home/ken/YAVOS/yavos/tmp/speech_2025-12-12_10-59-22_446604.wav
2025-12-12 10:59:23,592 [INFO] - Whisper: transcribe produced 
2025-12-12 10:59:23,592 [INFO] - STTSvc: Transcribe took 1.1441380977630615, produced ---> 
2025-12-12 10:59:23,593 [INFO] - Whisper: transcribe /home/ken/YAVOS/yavos/tmp/speech_2025-12-12_10-59-23_208268.wav
2025-12-12 10:59:24,727 [INFO] - Whisper: transcribe produced 
2025-12-12 10:59:24,727 [INFO] - STTSvc: Transcribe took 1.1335110664367676, produced ---> 
2025-12-12 10:59:24,863 [INFO] - Whisper: transcribe /home/ken/YAVOS/yavos/tmp/speech_2025-12-12_10-59-24_860987.wav
2025-12-12 10:59:26,008 [INFO] - Whisper: transcribe produced 
2025-12-12 10:59:26,008 [INFO] - STTSvc: Transcribe took 1.14473557472229, produced ---> 
2025-12-12 10:59:26,009 [INFO] - Whisper: transcribe /home/ken/YAVOS/yavos/tmp/speech_2025-12-12_10-59-25_752298.wav
2025-12-12 10:59:27,205 [INFO] - Whisper: transcribe produced 
2025-12-12 10:59:27,205 [INFO] - STTSvc: Transcribe took 1.1961839199066162, produced ---> 
2025-12-12 10:59:30,103 [INFO] - Whisper: transcribe /home/ken/YAVOS/yavos/tmp/speech_2025-12-12_10-59-30_102065.wav
2025-12-12 10:59:31,255 [INFO] - Whisper: transcribe produced 
2025-12-12 10:59:31,255 [INFO] - STTSvc: Transcribe took 1.152184247970581, produced ---> 
2025-12-12 10:59:31,257 [INFO] - Whisper: transcribe /home/ken/YAVOS/yavos/tmp/speech_2025-12-12_10-59-30_711066.wav
2025-12-12 10:59:32,402 [INFO] - Whisper: transcribe produced 
2025-12-12 10:59:32,402 [INFO] - STTSvc: Transcribe took 1.1451332569122314, produced ---> 
2025-12-12 10:59:34,170 [INFO] - Whisper: transcribe /home/ken/YAVOS/yavos/tmp/speech_2025-12-12_10-59-34_167853.wav
2025-12-12 10:59:35,518 [INFO] - Whisper: transcribe produced See that out of the birds.
2025-12-12 10:59:35,518 [INFO] - STTSvc: Transcribe took 1.3478615283966064, produced ---> See that out of the birds.
2025-12-12 10:59:35,528 [INFO] - Whisper: transcribe /home/ken/YAVOS/yavos/tmp/speech_2025-12-12_10-59-34_602888.wav
2025-12-12 10:59:36,834 [INFO] - Whisper: transcribe produced 
2025-12-12 10:59:36,834 [INFO] - STTSvc: Transcribe took 1.305934190750122, produced ---> 
2025-12-12 10:59:36,835 [INFO] - Whisper: transcribe /home/ken/YAVOS/yavos/tmp/speech_2025-12-12_10-59-35_059834.wav
2025-12-12 10:59:36,992 [WARNING] - TTSSvc: Transcribe took 1.4639225006103516, Received text ---> See that out of the birds.
2025-12-12 10:59:36,994 [INFO] - HAL: mute mic
2025-12-12 10:59:37,009 [INFO] - HAL: play wav aplay Config/tts_out/junk.wav  >/dev/null 2>&1
2025-12-12 10:59:38,059 [INFO] - Whisper: transcribe produced 
2025-12-12 10:59:38,059 [INFO] - STTSvc: Transcribe took 1.2237756252288818, produced ---> 
2025-12-12 10:59:38,061 [INFO] - Whisper: transcribe /home/ken/YAVOS/yavos/tmp/speech_2025-12-12_10-59-35_669613.wav
2025-12-12 10:59:38,459 [INFO] - HAL: unmute mic
2025-12-12 10:59:39,207 [INFO] - Whisper: transcribe produced 
2025-12-12 10:59:39,207 [INFO] - STTSvc: Transcribe took 1.146862268447876, produced ---> 
2025-12-12 10:59:39,209 [INFO] - Whisper: transcribe /home/ken/YAVOS/yavos/tmp/speech_2025-12-12_10-59-35_951136.wav
2025-12-12 10:59:40,363 [INFO] - Whisper: transcribe produced 
2025-12-12 10:59:40,363 [INFO] - STTSvc: Transcribe took 1.154358148574829, produced ---> 
2025-12-12 10:59:40,365 [INFO] - Whisper: transcribe /home/ken/YAVOS/yavos/tmp/speech_2025-12-12_10-59-36_103406.wav
2025-12-12 10:59:41,513 [INFO] - Whisper: transcribe produced 
2025-12-12 10:59:41,513 [INFO] - STTSvc: Transcribe took 1.1484673023223877, produced ---> 
2025-12-12 10:59:41,515 [INFO] - Whisper: transcribe /home/ken/YAVOS/yavos/tmp/speech_2025-12-12_10-59-36_409070.wav
2025-12-12 10:59:42,657 [INFO] - Whisper: transcribe produced 
2025-12-12 10:59:42,657 [INFO] - STTSvc: Transcribe took 1.141857385635376, produced ---> 
2025-12-12 10:59:42,658 [INFO] - Whisper: transcribe /home/ken/YAVOS/yavos/tmp/speech_2025-12-12_10-59-37_312636.wav
2025-12-12 10:59:43,794 [INFO] - Whisper: transcribe produced 
2025-12-12 10:59:43,794 [INFO] - STTSvc: Transcribe took 1.1356236934661865, produced ---> 
2025-12-12 10:59:43,795 [INFO] - Whisper: transcribe /home/ken/YAVOS/yavos/tmp/speech_2025-12-12_10-59-41_671652.wav
2025-12-12 10:59:45,122 [INFO] - Whisper: transcribe produced There's nothing turned on.
2025-12-12 10:59:45,122 [INFO] - STTSvc: Transcribe took 1.32639741897583, produced ---> There's nothing turned on.
2025-12-12 10:59:45,123 [INFO] - Whisper: transcribe /home/ken/YAVOS/yavos/tmp/speech_2025-12-12_10-59-42_715674.wav
2025-12-12 10:59:46,404 [INFO] - Whisper: transcribe produced 
2025-12-12 10:59:46,404 [INFO] - STTSvc: Transcribe took 1.280848503112793, produced ---> 
2025-12-12 10:59:46,406 [INFO] - Whisper: transcribe /home/ken/YAVOS/yavos/tmp/speech_2025-12-12_10-59-43_454006.wav
2025-12-12 10:59:46,656 [WARNING] - TTSSvc: Transcribe took 1.5323970317840576, Received text ---> There's nothing turned on.
2025-12-12 10:59:46,659 [INFO] - HAL: mute mic
2025-12-12 10:59:46,673 [INFO] - HAL: play wav aplay Config/tts_out/junk.wav  >/dev/null 2>&1
2025-12-12 10:59:47,929 [INFO] - Whisper: transcribe produced 
2025-12-12 10:59:47,929 [INFO] - STTSvc: Transcribe took 1.5230090618133545, produced ---> 
2025-12-12 10:59:47,930 [INFO] - Whisper: transcribe /home/ken/YAVOS/yavos/tmp/speech_2025-12-12_10-59-44_824884.wav
2025-12-12 10:59:48,121 [INFO] - HAL: unmute mic
2025-12-12 10:59:49,079 [INFO] - Whisper: transcribe produced 
2025-12-12 10:59:49,079 [INFO] - STTSvc: Transcribe took 1.149132490158081, produced ---> 
2025-12-12 10:59:49,081 [INFO] - Whisper: transcribe /home/ken/YAVOS/yavos/tmp/speech_2025-12-12_10-59-44_954339.wav
2025-12-12 10:59:50,221 [INFO] - Whisper: transcribe produced you
2025-12-12 10:59:50,221 [INFO] - STTSvc: Transcribe took 1.1398582458496094, produced ---> you
2025-12-12 10:59:50,222 [INFO] - Whisper: transcribe /home/ken/YAVOS/yavos/tmp/speech_2025-12-12_10-59-45_868372.wav
2025-12-12 10:59:51,544 [WARNING] - TTSSvc: Transcribe took 1.3222079277038574, Received text ---> you
2025-12-12 10:59:51,547 [INFO] - HAL: mute mic
2025-12-12 10:59:51,561 [INFO] - HAL: play wav aplay Config/tts_out/junk.wav  >/dev/null 2>&1
2025-12-12 10:59:51,743 [INFO] - Whisper: transcribe produced 
2025-12-12 10:59:51,743 [INFO] - STTSvc: Transcribe took 1.5207252502441406, produced ---> 
2025-12-12 10:59:51,752 [INFO] - Whisper: transcribe /home/ken/YAVOS/yavos/tmp/speech_2025-12-12_10-59-46_454736.wav
2025-12-12 10:59:52,073 [INFO] - HAL: unmute mic
2025-12-12 10:59:52,901 [INFO] - Whisper: transcribe produced 
2025-12-12 10:59:52,901 [INFO] - STTSvc: Transcribe took 1.149399995803833, produced ---> 
2025-12-12 10:59:52,902 [INFO] - Whisper: transcribe /home/ken/YAVOS/yavos/tmp/speech_2025-12-12_10-59-47_053353.wav
2025-12-12 10:59:54,057 [INFO] - Whisper: transcribe produced 
2025-12-12 10:59:54,057 [INFO] - STTSvc: Transcribe took 1.15486478805542, produced ---> 
2025-12-12 10:59:54,059 [INFO] - Whisper: transcribe /home/ken/YAVOS/yavos/tmp/speech_2025-12-12_10-59-51_108168.wav
2025-12-12 10:59:55,306 [INFO] - Whisper: transcribe produced That's wonderful.
2025-12-12 10:59:55,306 [INFO] - STTSvc: Transcribe took 1.2474970817565918, produced ---> That's wonderful.
2025-12-12 10:59:55,308 [INFO] - Whisper: transcribe /home/ken/YAVOS/yavos/tmp/speech_2025-12-12_10-59-51_865257.wav
2025-12-12 10:59:56,640 [INFO] - Whisper: transcribe produced you
2025-12-12 10:59:56,641 [INFO] - STTSvc: Transcribe took 1.3326177597045898, produced ---> you
2025-12-12 10:59:56,642 [INFO] - Whisper: transcribe /home/ken/YAVOS/yavos/tmp/speech_2025-12-12_10-59-56_220381.wav
2025-12-12 10:59:56,764 [WARNING] - TTSSvc: Transcribe took 1.4559450149536133, Received text ---> That's wonderful.
2025-12-12 10:59:56,766 [INFO] - HAL: mute mic
2025-12-12 10:59:56,779 [INFO] - HAL: play wav aplay Config/tts_out/junk.wav  >/dev/null 2>&1
2025-12-12 10:59:57,790 [INFO] - HAL: unmute mic
2025-12-12 10:59:58,208 [WARNING] - TTSSvc: Transcribe took 1.4437549114227295, Received text ---> you
2025-12-12 10:59:58,210 [INFO] - HAL: mute mic
2025-12-12 10:59:58,222 [INFO] - HAL: play wav aplay Config/tts_out/junk.wav  >/dev/null 2>&1
2025-12-12 10:59:58,377 [INFO] - Whisper: transcribe produced Just turn on the energy to see what that is.
2025-12-12 10:59:58,377 [INFO] - STTSvc: Transcribe took 1.7344400882720947, produced ---> Just turn on the energy to see what that is.
2025-12-12 10:59:58,379 [INFO] - Whisper: transcribe /home/ken/YAVOS/yavos/tmp/speech_2025-12-12_10-59-56_525036.wav
2025-12-12 10:59:58,732 [INFO] - HAL: unmute mic
2025-12-12 10:59:59,683 [WARNING] - TTSSvc: Transcribe took 1.3038427829742432, Received text ---> Just turn on the energy to see what that is.
2025-12-12 10:59:59,684 [INFO] - HAL: mute mic
2025-12-12 10:59:59,694 [INFO] - HAL: play wav aplay Config/tts_out/junk.wav  >/dev/null 2>&1
2025-12-12 11:00:00,122 [INFO] - Whisper: transcribe produced 
2025-12-12 11:00:00,122 [INFO] - STTSvc: Transcribe took 1.7438430786132812, produced ---> 
2025-12-12 11:00:00,124 [INFO] - Whisper: transcribe /home/ken/YAVOS/yavos/tmp/speech_2025-12-12_10-59-58_533383.wav
2025-12-12 11:00:01,328 [INFO] - Whisper: transcribe produced 
2025-12-12 11:00:01,328 [INFO] - STTSvc: Transcribe took 1.2039122581481934, produced ---> 
2025-12-12 11:00:01,329 [INFO] - Whisper: transcribe /home/ken/YAVOS/yavos/tmp/speech_2025-12-12_10-59-59_884634.wav
2025-12-12 11:00:02,453 [INFO] - HAL: unmute mic
2025-12-12 11:00:02,551 [INFO] - Whisper: transcribe produced 
2025-12-12 11:00:02,551 [INFO] - STTSvc: Transcribe took 1.2215631008148193, produced ---> 
2025-12-12 11:00:06,345 [INFO] - Whisper: transcribe /home/ken/YAVOS/yavos/tmp/speech_2025-12-12_11-00-06_343845.wav
2025-12-12 11:00:07,775 [INFO] - Whisper: transcribe produced I don't have the answers.
2025-12-12 11:00:07,775 [INFO] - STTSvc: Transcribe took 1.429424524307251, produced ---> I don't have the answers.
2025-12-12 11:00:07,777 [INFO] - Whisper: transcribe /home/ken/YAVOS/yavos/tmp/speech_2025-12-12_11-00-07_105248.wav
2025-12-12 11:00:09,072 [WARNING] - TTSSvc: Transcribe took 1.2944409847259521, Received text ---> I don't have the answers.
2025-12-12 11:00:09,073 [INFO] - HAL: mute mic
2025-12-12 11:00:09,087 [INFO] - HAL: play wav aplay Config/tts_out/junk.wav  >/dev/null 2>&1
2025-12-12 11:00:09,494 [INFO] - Whisper: transcribe produced 
2025-12-12 11:00:09,495 [INFO] - STTSvc: Transcribe took 1.7180418968200684, produced ---> 
2025-12-12 11:00:09,496 [INFO] - Whisper: transcribe /home/ken/YAVOS/yavos/tmp/speech_2025-12-12_11-00-07_997047.wav
2025-12-12 11:00:10,717 [INFO] - Whisper: transcribe produced I am.
2025-12-12 11:00:10,717 [INFO] - STTSvc: Transcribe took 1.2212443351745605, produced ---> I am.
2025-12-12 11:00:10,719 [INFO] - Whisper: transcribe /home/ken/YAVOS/yavos/tmp/speech_2025-12-12_11-00-08_453924.wav
2025-12-12 11:00:10,789 [INFO] - HAL: unmute mic
2025-12-12 11:00:12,002 [INFO] - Whisper: transcribe produced 
2025-12-12 11:00:12,002 [INFO] - STTSvc: Transcribe took 1.2832260131835938, produced ---> 
2025-12-12 11:00:12,004 [INFO] - Whisper: transcribe /home/ken/YAVOS/yavos/tmp/speech_2025-12-12_11-00-09_391075.wav
2025-12-12 11:00:12,387 [WARNING] - TTSSvc: Transcribe took 1.6678001880645752, Received text ---> I am.
2025-12-12 11:00:12,388 [INFO] - HAL: mute mic
2025-12-12 11:00:12,403 [INFO] - HAL: play wav aplay Config/tts_out/junk.wav  >/dev/null 2>&1
2025-12-12 11:00:13,164 [INFO] - HAL: unmute mic
2025-12-12 11:00:13,252 [INFO] - Whisper: transcribe produced 
2025-12-12 11:00:13,252 [INFO] - STTSvc: Transcribe took 1.2486553192138672, produced ---> 
2025-12-12 11:00:13,254 [INFO] - Whisper: transcribe /home/ken/YAVOS/yavos/tmp/speech_2025-12-12_11-00-12_707106.wav
2025-12-12 11:00:14,589 [INFO] - Whisper: transcribe produced 
2025-12-12 11:00:14,589 [INFO] - STTSvc: Transcribe took 1.3354287147521973, produced ---> 
2025-12-12 11:00:17,231 [INFO] - Whisper: transcribe /home/ken/YAVOS/yavos/tmp/speech_2025-12-12_11-00-17_229075.wav
2025-12-12 11:00:18,672 [INFO] - Whisper: transcribe produced It was a violent crime from my own way.
2025-12-12 11:00:18,672 [INFO] - STTSvc: Transcribe took 1.4413282871246338, produced ---> It was a violent crime from my own way.
2025-12-12 11:00:19,531 [WARNING] - TTSSvc: Transcribe took 0.8571336269378662, Received text ---> It was a violent crime from my own way.
2025-12-12 11:00:19,533 [INFO] - HAL: mute mic
2025-12-12 11:00:19,541 [INFO] - HAL: play wav aplay Config/tts_out/junk.wav  >/dev/null 2>&1
2025-12-12 11:00:19,771 [INFO] - Whisper: transcribe /home/ken/YAVOS/yavos/tmp/speech_2025-12-12_11-00-19_769497.wav
2025-12-12 11:00:20,911 [INFO] - Whisper: transcribe produced you
2025-12-12 11:00:20,911 [INFO] - STTSvc: Transcribe took 1.1401863098144531, produced ---> you
2025-12-12 11:00:21,717 [WARNING] - TTSSvc: Transcribe took 0.8025455474853516, Received text ---> you
2025-12-12 11:00:22,111 [INFO] - HAL: unmute mic
2025-12-12 11:00:22,120 [INFO] - HAL: mute mic
2025-12-12 11:00:22,128 [INFO] - HAL: play wav aplay Config/tts_out/junk.wav  >/dev/null 2>&1
2025-12-12 11:00:22,760 [INFO] - HAL: unmute mic
2025-12-12 11:00:26,234 [INFO] - Whisper: transcribe /home/ken/YAVOS/yavos/tmp/speech_2025-12-12_11-00-26_232756.wav
2025-12-12 11:00:27,823 [INFO] - Whisper: transcribe produced . . . . .
2025-12-12 11:00:27,823 [INFO] - STTSvc: Transcribe took 1.5887360572814941, produced ---> . . . . .
2025-12-12 11:00:28,639 [WARNING] - TTSSvc: Transcribe took 0.7780022621154785, Received text ---> . . . . .
2025-12-12 11:00:28,641 [INFO] - HAL: mute mic
2025-12-12 11:00:28,650 [INFO] - HAL: play wav aplay Config/tts_out/junk.wav  >/dev/null 2>&1
2025-12-12 11:00:28,784 [INFO] - HAL: unmute mic
2025-12-12 11:00:28,931 [INFO] - Whisper: transcribe /home/ken/YAVOS/yavos/tmp/speech_2025-12-12_11-00-28_929287.wav
2025-12-12 11:00:30,083 [INFO] - Whisper: transcribe produced you
2025-12-12 11:00:30,083 [INFO] - STTSvc: Transcribe took 1.1519596576690674, produced ---> you
2025-12-12 11:00:30,873 [WARNING] - TTSSvc: Transcribe took 0.7879087924957275, Received text ---> you
2025-12-12 11:00:30,874 [INFO] - HAL: mute mic
2025-12-12 11:00:30,883 [INFO] - HAL: play wav aplay Config/tts_out/junk.wav  >/dev/null 2>&1
2025-12-12 11:00:31,188 [INFO] - Whisper: transcribe /home/ken/YAVOS/yavos/tmp/speech_2025-12-12_11-00-31_187133.wav
2025-12-12 11:00:31,390 [INFO] - HAL: unmute mic
2025-12-12 11:00:32,412 [INFO] - Whisper: transcribe produced Thank you.
2025-12-12 11:00:32,412 [INFO] - STTSvc: Transcribe took 1.2242963314056396, produced ---> Thank you.
2025-12-12 11:00:33,239 [WARNING] - TTSSvc: Transcribe took 0.8248322010040283, Received text ---> Thank you.
2025-12-12 11:00:33,241 [INFO] - HAL: mute mic
2025-12-12 11:00:33,249 [INFO] - HAL: play wav aplay Config/tts_out/junk.wav  >/dev/null 2>&1
2025-12-12 11:00:33,480 [INFO] - Whisper: transcribe /home/ken/YAVOS/yavos/tmp/speech_2025-12-12_11-00-33_477731.wav
2025-12-12 11:00:34,007 [INFO] - HAL: unmute mic
2025-12-12 11:00:34,620 [INFO] - Whisper: transcribe produced 
2025-12-12 11:00:34,620 [INFO] - STTSvc: Transcribe took 1.1407392024993896, produced ---> 
2025-12-12 11:00:38,161 [INFO] - Whisper: transcribe /home/ken/YAVOS/yavos/tmp/speech_2025-12-12_11-00-38_160110.wav
2025-12-12 11:00:39,588 [INFO] - Whisper: transcribe produced I'm going to sit here for a minute.
2025-12-12 11:00:39,588 [INFO] - STTSvc: Transcribe took 1.4268040657043457, produced ---> I'm going to sit here for a minute.
2025-12-12 11:00:39,590 [INFO] - Whisper: transcribe /home/ken/YAVOS/yavos/tmp/speech_2025-12-12_11-00-38_464751.wav
2025-12-12 11:00:40,793 [WARNING] - TTSSvc: Transcribe took 1.2021851539611816, Received text ---> I'm going to sit here for a minute.
2025-12-12 11:00:40,794 [INFO] - HAL: mute mic
2025-12-12 11:00:40,810 [INFO] - HAL: play wav aplay Config/tts_out/junk.wav  >/dev/null 2>&1
2025-12-12 11:00:41,200 [INFO] - Whisper: transcribe produced 
2025-12-12 11:00:41,200 [INFO] - STTSvc: Transcribe took 1.6103692054748535, produced ---> 
2025-12-12 11:00:41,202 [INFO] - Whisper: transcribe /home/ken/YAVOS/yavos/tmp/speech_2025-12-12_11-00-38_769445.wav
2025-12-12 11:00:42,332 [INFO] - Whisper: transcribe produced 
2025-12-12 11:00:42,332 [INFO] - STTSvc: Transcribe took 1.1299102306365967, produced ---> 
2025-12-12 11:00:42,333 [INFO] - Whisper: transcribe /home/ken/YAVOS/yavos/tmp/speech_2025-12-12_11-00-40_118502.wav
2025-12-12 11:00:42,634 [INFO] - HAL: unmute mic
2025-12-12 11:00:43,665 [INFO] - Whisper: transcribe produced 
2025-12-12 11:00:43,665 [INFO] - STTSvc: Transcribe took 1.3320672512054443, produced ---> 
2025-12-12 11:00:43,667 [INFO] - Whisper: transcribe /home/ken/YAVOS/yavos/tmp/speech_2025-12-12_11-00-40_553227.wav
2025-12-12 11:00:44,811 [INFO] - Whisper: transcribe produced 
2025-12-12 11:00:44,811 [INFO] - STTSvc: Transcribe took 1.1442680358886719, produced ---> 
2025-12-12 11:00:44,812 [INFO] - Whisper: transcribe /home/ken/YAVOS/yavos/tmp/speech_2025-12-12_11-00-41_010024.wav
2025-12-12 11:00:45,943 [INFO] - Whisper: transcribe produced 
2025-12-12 11:00:45,943 [INFO] - STTSvc: Transcribe took 1.1303749084472656, produced ---> 
2025-12-12 11:00:45,944 [INFO] - Whisper: transcribe /home/ken/YAVOS/yavos/tmp/speech_2025-12-12_11-00-45_511309.wav
2025-12-12 11:00:47,156 [INFO] - Whisper: transcribe produced 
2025-12-12 11:00:47,156 [INFO] - STTSvc: Transcribe took 1.2116901874542236, produced ---> 
2025-12-12 11:00:47,158 [INFO] - Whisper: transcribe /home/ken/YAVOS/yavos/tmp/speech_2025-12-12_11-00-46_706893.wav
2025-12-12 11:00:48,289 [INFO] - Whisper: transcribe produced 
2025-12-12 11:00:48,289 [INFO] - STTSvc: Transcribe took 1.1314561367034912, produced ---> 
2025-12-12 11:00:49,556 [INFO] - Whisper: transcribe /home/ken/YAVOS/yavos/tmp/speech_2025-12-12_11-00-49_555549.wav
2025-12-12 11:00:51,055 [INFO] - Whisper: transcribe produced If you didn't watch this, it's the one.
2025-12-12 11:00:51,055 [INFO] - STTSvc: Transcribe took 1.4983255863189697, produced ---> If you didn't watch this, it's the one.
2025-12-12 11:00:51,056 [INFO] - Whisper: transcribe /home/ken/YAVOS/yavos/tmp/speech_2025-12-12_11-00-50_012617.wav
2025-12-12 11:00:52,768 [INFO] - Whisper: transcribe produced drive.
2025-12-12 11:00:52,769 [INFO] - STTSvc: Transcribe took 1.7121293544769287, produced ---> drive.
2025-12-12 11:00:52,770 [INFO] - Whisper: transcribe /home/ken/YAVOS/yavos/tmp/speech_2025-12-12_11-00-51_055710.wav
2025-12-12 11:00:52,788 [WARNING] - TTSSvc: Transcribe took 1.7307863235473633, Received text ---> If you didn't watch this, it's the one.
2025-12-12 11:00:52,790 [INFO] - HAL: mute mic
2025-12-12 11:00:52,799 [INFO] - HAL: play wav aplay Config/tts_out/junk.wav  >/dev/null 2>&1
2025-12-12 11:00:54,131 [INFO] - Whisper: transcribe produced you
2025-12-12 11:00:54,131 [INFO] - STTSvc: Transcribe took 1.3607375621795654, produced ---> you
2025-12-12 11:00:54,133 [INFO] - Whisper: transcribe /home/ken/YAVOS/yavos/tmp/speech_2025-12-12_11-00-52_122345.wav
2025-12-12 11:00:54,450 [WARNING] - TTSSvc: Transcribe took 1.6623432636260986, Received text ---> drive.
2025-12-12 11:00:55,122 [INFO] - HAL: unmute mic
2025-12-12 11:00:55,137 [INFO] - HAL: mute mic
2025-12-12 11:00:55,151 [INFO] - HAL: play wav aplay Config/tts_out/junk.wav  >/dev/null 2>&1
2025-12-12 11:00:55,910 [INFO] - Whisper: transcribe produced I don't think I want to.
2025-12-12 11:00:55,910 [INFO] - STTSvc: Transcribe took 1.777618646621704, produced ---> I don't think I want to.
2025-12-12 11:00:55,912 [INFO] - Whisper: transcribe /home/ken/YAVOS/yavos/tmp/speech_2025-12-12_11-00-52_708796.wav
2025-12-12 11:00:55,913 [INFO] - HAL: unmute mic
2025-12-12 11:00:55,916 [WARNING] - TTSSvc: Transcribe took 1.464226245880127, Received text ---> you
2025-12-12 11:00:55,922 [INFO] - HAL: mute mic
2025-12-12 11:00:55,930 [INFO] - HAL: play wav aplay Config/tts_out/junk.wav  >/dev/null 2>&1
2025-12-12 11:00:56,438 [INFO] - HAL: unmute mic
2025-12-12 11:00:57,533 [INFO] - Whisper: transcribe produced All right.
2025-12-12 11:00:57,533 [INFO] - STTSvc: Transcribe took 1.6211349964141846, produced ---> All right.
2025-12-12 11:00:57,535 [INFO] - Whisper: transcribe /home/ken/YAVOS/yavos/tmp/speech_2025-12-12_11-00-53_013356.wav
2025-12-12 11:00:57,536 [WARNING] - TTSSvc: Transcribe took 1.6200401782989502, Received text ---> I don't think I want to.
2025-12-12 11:00:57,536 [INFO] - HAL: mute mic
2025-12-12 11:00:57,545 [INFO] - HAL: play wav aplay Config/tts_out/junk.wav  >/dev/null 2>&1
2025-12-12 11:00:58,866 [INFO] - Whisper: transcribe produced you
2025-12-12 11:00:58,866 [INFO] - STTSvc: Transcribe took 1.331681251525879, produced ---> you
2025-12-12 11:00:58,868 [INFO] - Whisper: transcribe /home/ken/YAVOS/yavos/tmp/speech_2025-12-12_11-00-57_819421.wav
2025-12-12 11:00:58,944 [INFO] - HAL: unmute mic
2025-12-12 11:00:59,066 [WARNING] - TTSSvc: Transcribe took 1.5298120975494385, Received text ---> All right.
2025-12-12 11:00:59,068 [INFO] - HAL: mute mic
2025-12-12 11:00:59,083 [INFO] - HAL: play wav aplay Config/tts_out/junk.wav  >/dev/null 2>&1
2025-12-12 11:00:59,969 [INFO] - HAL: unmute mic
2025-12-12 11:01:00,271 [INFO] - Whisper: transcribe produced Mm-hmm.
2025-12-12 11:01:00,271 [INFO] - STTSvc: Transcribe took 1.4028632640838623, produced ---> Mm-hmm.
2025-12-12 11:01:04,127 [INFO] - Whisper: transcribe /home/ken/YAVOS/yavos/tmp/speech_2025-12-12_11-01-04_125777.wav
2025-12-12 11:01:05,553 [INFO] - Whisper: transcribe produced She can do that on her own time.
2025-12-12 11:01:05,553 [INFO] - STTSvc: Transcribe took 1.4264647960662842, produced ---> She can do that on her own time.
2025-12-12 11:01:05,555 [INFO] - Whisper: transcribe /home/ken/YAVOS/yavos/tmp/speech_2025-12-12_11-01-04_408273.wav
2025-12-12 11:01:06,699 [INFO] - Whisper: transcribe produced 
2025-12-12 11:01:06,699 [INFO] - STTSvc: Transcribe took 1.144214153289795, produced ---> 
2025-12-12 11:01:06,700 [INFO] - Whisper: transcribe /home/ken/YAVOS/yavos/tmp/speech_2025-12-12_11-01-05_322093.wav
2025-12-12 11:01:07,860 [INFO] - Whisper: transcribe produced 
2025-12-12 11:01:07,860 [INFO] - STTSvc: Transcribe took 1.1595392227172852, produced ---> 
2025-12-12 11:01:07,861 [INFO] - Whisper: transcribe /home/ken/YAVOS/yavos/tmp/speech_2025-12-12_11-01-05_474373.wav
2025-12-12 11:01:09,000 [INFO] - Whisper: transcribe produced 
2025-12-12 11:01:09,000 [INFO] - STTSvc: Transcribe took 1.1390986442565918, produced ---> 
2025-12-12 11:01:09,002 [INFO] - Whisper: transcribe /home/ken/YAVOS/yavos/tmp/speech_2025-12-12_11-01-06_060802.wav
2025-12-12 11:01:10,154 [INFO] - Whisper: transcribe produced 
2025-12-12 11:01:10,154 [INFO] - STTSvc: Transcribe took 1.1520726680755615, produced ---> 
2025-12-12 11:01:10,155 [INFO] - Whisper: transcribe /home/ken/YAVOS/yavos/tmp/speech_2025-12-12_11-01-06_213482.wav
2025-12-12 11:01:11,305 [INFO] - Whisper: transcribe produced 
2025-12-12 11:01:11,305 [INFO] - STTSvc: Transcribe took 1.149498701095581, produced ---> 
2025-12-12 11:01:11,306 [INFO] - Whisper: transcribe /home/ken/YAVOS/yavos/tmp/speech_2025-12-12_11-01-06_517730.wav
2025-12-12 11:01:12,453 [INFO] - Whisper: transcribe produced 
2025-12-12 11:01:12,453 [INFO] - STTSvc: Transcribe took 1.146712303161621, produced ---> 
2025-12-12 11:01:12,455 [INFO] - Whisper: transcribe /home/ken/YAVOS/yavos/tmp/speech_2025-12-12_11-01-08_170117.wav
2025-12-12 11:40:24,212 [INFO] - STTSvc: model:small.en, useGPU:True, keyFile:/home/ken/YAVA/Keys/open-ai-key.txt
2025-12-12 11:40:24,222 [INFO] - MediaSvc: bargeIn: False, localEnabled: False, remotePort: 9875
2025-12-12 11:40:24,223 [INFO] - MediaSvc attempting to connect to audio output bus at localhost:9875
2025-12-12 11:40:24,223 [DEBUG] - ** media_svc - Not Connected **
2025-12-12 11:40:24,225 [INFO] - Websocket connected
2025-12-12 11:40:25,224 [INFO] - MediaSvc: media_svc Connected to audio output bus!
2025-12-12 11:40:25,224 [INFO] - MediaSvc: attempt to connect to main message bus
2025-12-12 11:40:25,224 [DEBUG] - ** media_svc - Not Connected **
2025-12-12 11:40:25,226 [INFO] - Websocket connected
2025-12-12 11:40:26,225 [INFO] - MediaSvc: connected to main message bus. ID is media_svc.
2025-12-12 11:40:26,228 [INFO] - HAL: Activated. Volume command is amixer -D pulse sset Master %s, Mic command is pactl set-source-volume $(pactl info | grep "Default Source" | cut -d " " -f3) %s
2025-12-12 11:40:27,833 [WARNING] - Whisper: GPU failed, revert to CPU
2025-12-12 11:40:27,834 [INFO] - Whisper: local model initialized
2025-12-12 11:40:27,837 [INFO] - Websocket connected
2025-12-12 11:41:19,271 [INFO] - Whisper: transcribe tmp/test0.wav
2025-12-12 11:41:20,811 [INFO] - Whisper: transcribe produced Testing one, two, three.
2025-12-12 11:41:20,811 [INFO] - STTSvc: Transcribe took 1.5404183864593506, produced ---> Testing one, two, three.
2025-12-12 11:41:21,675 [WARNING] - TTSSvc: Transcribe took 0.8607869148254395, Received text ---> Testing one, two, three.
2025-12-12 11:41:27,655 [INFO] - Whisper: transcribe tmp/test0.wav
2025-12-12 11:41:28,914 [INFO] - Whisper: transcribe produced Okay, that worked.
2025-12-12 11:41:28,914 [INFO] - STTSvc: Transcribe took 1.2595291137695312, produced ---> Okay, that worked.
2025-12-12 11:41:29,775 [WARNING] - TTSSvc: Transcribe took 0.8581194877624512, Received text ---> Okay, that worked.
2025-12-12 11:41:39,498 [INFO] - Whisper: transcribe tmp/test0.wav
2025-12-12 11:41:40,724 [INFO] - Whisper: transcribe produced Working pretty good.
2025-12-12 11:41:40,725 [INFO] - STTSvc: Transcribe took 1.2266128063201904, produced ---> Working pretty good.
2025-12-12 11:41:41,524 [WARNING] - TTSSvc: Transcribe took 0.7964687347412109, Received text ---> Working pretty good.
2025-12-12 11:41:50,341 [INFO] - Whisper: transcribe tmp/test0.wav
2025-12-12 11:41:52,026 [INFO] - Whisper: transcribe produced Now let's test this and see how long it can go with a very long string.
2025-12-12 11:41:52,026 [INFO] - STTSvc: Transcribe took 1.684715747833252, produced ---> Now let's test this and see how long it can go with a very long string.
2025-12-12 11:41:53,009 [WARNING] - TTSSvc: Transcribe took 0.9796152114868164, Received text ---> Now let's test this and see how long it can go with a very long string.
2025-12-12 11:44:02,575 [INFO] - Whisper: transcribe tmp/test0.wav
2025-12-12 11:44:03,993 [INFO] - Whisper: transcribe produced Testing one, two, three.
2025-12-12 11:44:03,993 [INFO] - STTSvc: Transcribe took 1.4174635410308838, produced ---> Testing one, two, three.
2025-12-12 11:44:04,826 [WARNING] - TTSSvc: Transcribe took 0.8302886486053467, Received text ---> Testing one, two, three.
2025-12-12 11:44:13,964 [INFO] - Whisper: transcribe tmp/test0.wav
2025-12-12 11:44:16,000 [INFO] - Whisper: transcribe produced The rain in Spain stays mainly in the plain as something that was said in a particular off-Broadway show.
2025-12-12 11:44:16,000 [INFO] - STTSvc: Transcribe took 2.0356972217559814, produced ---> The rain in Spain stays mainly in the plain as something that was said in a particular off-Broadway show.
2025-12-12 11:44:16,962 [WARNING] - TTSSvc: Transcribe took 0.9613213539123535, Received text ---> The rain in Spain stays mainly in the plain as something that was said in a particular off-Broadway show.
